Nombre|Apellido|FechaNacimiento|Edad
Adriana|Ortega|1981-10-09|44
José|Rivera|2003-07-06|22
Manuel|Martínez|1975-11-05|50
Ricardo|Navarro|2007-05-29|18
Ana|Delgado|1946-05-31|79
Elena|Hernández|1986-03-08|40
Javier|Ortega|1995-08-03|30
María|Gómez|1962-01-01|64
Sergio|Vega|2007-07-13|18
Gabriela|Pérez|1959-02-04|67
Mario|Rivera|1992-07-10|33
Gabriela|Molina|1995-05-22|30
José|Mendoza|1969-03-16|57
Verónica|Ortiz|1990-04-03|36
Carlos|Romero|1952-10-11|73
Cristina|Díaz|1972-07-15|53
Adriana|Pérez|2003-09-19|22
Alejandro|Medina|1983-08-10|42
Rafael|Silva|2007-12-15|18
María|Rodríguez|1975-05-30|50
Sandra|Navarro|1993-05-20|32
Lucía|Hernández|1979-03-21|47
Sofía|Rivera|1947-03-20|79
Rafael|Gómez|1994-08-15|31
Verónica|López|1959-05-28|66
Roberto|Rivera|1980-06-02|45
Mónica|Vargas|1957-07-09|68
Miguel|Mendoza|1988-09-18|37
Alejandro|Díaz|1967-07-11|58
Isabel|Ramírez|2003-09-18|22
Valentina|Delgado|1948-12-02|77
Rosa|Ramos|1956-03-31|70
Alejandro|González|1949-07-07|76
Isabel|Guerrero|1972-03-29|54
Rosa|Torres|1974-05-07|52
Natalia|Castro|2002-06-25|23
Roberto|López|1950-10-02|75
Andrés|Navarro|1954-10-31|71
Pablo|Aguilar|1983-12-03|42
Rafael|Álvarez|1997-02-01|29
Gabriela|Suárez|1969-05-11|57
Isabel|Suárez|1948-08-23|77
Pablo|Fuentes|2002-05-12|24
Diana|Fuentes|1972-08-22|53
Sandra|Ruiz|1955-11-27|70
Alejandro|Jiménez|1956-10-04|69
Ricardo|Ruiz|2001-05-19|25
Adriana|Flores|1998-04-10|28
Ricardo|Vega|1951-03-20|75
Pablo|Suárez|1973-08-24|52
Verónica|Díaz|1994-05-12|32
Fernando|Sánchez|2000-07-19|25
Sandra|Ruiz|1960-02-09|66
Ricardo|Ruiz|1956-05-02|70
Alejandro|Ramírez|1997-11-08|28
Andrés|Fuentes|1971-07-31|54
Manuel|Cruz|1969-04-06|57
Verónica|Gómez|1974-08-15|51
José|Rodríguez|1953-04-08|73
Luis|Delgado|1973-02-15|53
Andrés|Navarro|1962-11-05|63
Héctor|Ramírez|1977-03-15|49
Sergio|Jiménez|1972-04-12|54
Mónica|Morales|1975-09-29|50
Pedro|Delgado|1961-08-11|64
Elena|Álvarez|2002-04-07|24
Ricardo|Vega|1994-04-23|32
Mario|Ortega|2002-03-24|24
Mario|Ramírez|1967-05-05|59
Rosa|Medina|1957-01-30|69
Fernando|Rojas|1982-03-15|44
José|Rojas|1949-12-18|76
Alejandro|Reyes|1990-05-01|36
Sergio|Romero|1996-07-26|29
Rafael|Gómez|1970-12-09|55
Verónica|Ramos|1995-11-19|30
Verónica|Rivera|1953-08-16|72
Pablo|Jiménez|2005-08-07|20
Adriana|Rodríguez|1947-08-21|78
Fernando|Vargas|1956-06-29|69
María|Guerrero|1957-06-19|68
Diego|Jiménez|1990-02-05|36
Ana|Ramírez|1999-12-08|26
Juan|Molina|1960-02-16|66
Roberto|Hernández|1954-11-21|71
Alejandro|Rodríguez|1966-02-15|60
Pedro|Díaz|1960-09-15|65
Andrés|Ramos|1987-05-16|39
Diego|Hernández|1971-06-08|54
Alejandro|Ríos|1946-12-14|79
Gabriela|González|1956-01-19|70
Carmen|Navarro|1960-12-30|65
Manuel|Rojas|1988-05-12|38
Carmen|Torres|1983-05-12|43
Carlos|Rojas|1966-11-23|59
Héctor|Suárez|1961-04-21|65
Roberto|Medina|1995-01-21|31
Natalia|Pérez|1980-10-30|45
Patricia|Torres|1992-05-29|33
Héctor|Navarro|1996-12-29|29
Roberto|Flores|2006-09-27|19
Mónica|Ramírez|1984-11-15|41
Ana|Castro|1960-12-04|65
Diego|García|1950-09-17|75
Mónica|Martínez|1992-09-08|33
Laura|Álvarez|1956-06-04|69
Diana|Romero|1999-06-16|26
Ricardo|Díaz|1961-03-19|65
Sofía|Ramírez|1980-06-29|45
Miguel|Molina|1977-11-07|48
Mario|Gómez|1949-10-27|76
Sofía|Silva|1957-09-18|68
Pedro|Romero|1957-01-21|69
Mónica|Álvarez|1958-11-14|67
Gabriela|Vega|1988-05-02|38
Rosa|González|1994-04-22|32
Carmen|Silva|1976-02-15|50
Andrés|González|1953-09-01|72
Sofía|Vargas|1998-10-15|27
Andrés|Guerrero|1995-01-09|31
Fernando|González|1987-04-04|39
Cristina|Ruiz|2001-04-03|25
Valentina|Navarro|1987-07-22|38
Sergio|Gómez|1974-09-28|51
Gabriela|Pérez|1967-01-22|59
Adriana|Castillo|1973-03-24|53
Patricia|Navarro|1969-02-19|57
Natalia|Guerrero|1947-10-20|78
Rafael|Rodríguez|1999-05-09|27
Valentina|Guerrero|1960-03-01|66
Lucía|Jiménez|2005-08-03|20
Rafael|Ortega|1970-03-31|56
Laura|Ruiz|2005-03-09|21
Verónica|Molina|1957-08-12|68
Cristina|Castillo|1971-04-03|55
Claudia|Pérez|1965-03-27|61
Rosa|Flores|1946-06-04|79
Elena|Medina|1998-10-06|27
Elena|Vega|1988-03-29|38
Pedro|García|1951-11-11|74
Elena|Ortega|2004-04-19|22
Elena|Álvarez|1965-12-23|60
María|Delgado|2006-03-29|20
Rosa|Navarro|1951-04-02|75
Isabel|Silva|1961-10-14|64
Patricia|Ortiz|1982-12-17|43
Elena|Ortega|1952-05-27|73
José|Álvarez|1948-07-14|77
Héctor|Castillo|1950-04-03|76
Luis|Mendoza|1998-12-22|27
Pedro|Medina|1962-08-01|63
Manuel|Mendoza|1993-01-20|33
Pablo|Vargas|1992-08-06|33
Verónica|Díaz|1988-05-15|38
Adriana|Suárez|2000-10-06|25
Isabel|Romero|1977-06-02|48
Diego|Ortega|1972-08-28|53
Carlos|Cruz|1960-04-22|66
Rosa|Álvarez|2003-05-12|23
Juan|Ramos|2001-06-15|24
Diana|Jiménez|1975-02-07|51
Adriana|Castillo|1961-01-10|65
Andrés|Rojas|1954-12-15|71
Miguel|López|1985-11-24|40
Fernando|Aguilar|1966-07-26|59
Sergio|Guerrero|2007-02-10|19
Valentina|Rodríguez|1988-06-10|37
Pablo|Silva|2005-10-07|20
Natalia|Ruiz|1954-06-09|71
Eduardo|Pérez|1992-03-19|34
Héctor|Pérez|1975-03-23|51
Luis|Aguilar|1986-11-01|39
Rosa|Rivera|1982-01-01|44
Sofía|Torres|1994-10-05|31
Cristina|López|1957-04-03|69
Laura|Díaz|2004-05-26|21
Rosa|Guerrero|1953-07-01|72
Fernando|Jiménez|1974-07-10|51
Sergio|Morales|1975-12-27|50
Andrés|Ruiz|1997-04-03|29
Isabel|Vargas|1969-05-24|56
Carlos|Ruiz|1959-11-15|66
Laura|Molina|1953-08-27|72
Pablo|Molina|1985-05-12|41
Roberto|Castro|1964-07-03|61
Isabel|Morales|1980-10-03|45
Sofía|Suárez|1947-09-20|78
Claudia|Ramos|1987-02-18|39
Carlos|Medina|1993-02-26|33
Roberto|Sánchez|1963-05-23|62
Sofía|Delgado|1975-02-01|51
Diego|Delgado|1954-02-16|72
Gabriela|Martínez|1976-05-13|50
Isabel|Suárez|1994-07-30|31
Héctor|Hernández|1981-03-28|45
Pedro|Mendoza|1957-06-26|68
José|Morales|1997-09-14|28
Héctor|Suárez|1973-03-20|53
Isabel|Sánchez|1986-12-07|39
Rosa|Ríos|1948-08-20|77
Sergio|Ortega|1974-05-09|52
Rosa|Ruiz|1980-03-11|46
Lucía|Ramos|2003-12-10|22
Juan|López|1969-03-13|57
Pablo|Ortega|1992-05-29|33
Sergio|Sánchez|1954-04-08|72
José|Díaz|1953-12-04|72
Patricia|Vargas|1976-02-24|50
Gabriela|Díaz|1983-12-25|42
Diego|Mendoza|1950-01-18|76
Miguel|Ortega|2000-05-03|26
Sandra|Mendoza|1962-11-20|63
Héctor|Rojas|1984-04-19|42
Carmen|Ríos|1980-11-28|45
Pedro|Vargas|1976-03-25|50
Ana|Morales|2007-11-08|18
Diego|Mendoza|1970-09-22|55
Rosa|Silva|1996-11-17|29
Sofía|Cruz|1956-03-04|70
María|Ramírez|1975-01-03|51
Valentina|Ríos|1958-02-12|68
Verónica|Ortiz|1981-03-07|45
Eduardo|Castro|1960-08-20|65
Patricia|Rojas|1954-10-16|71
Natalia|Ortega|1970-12-09|55
Claudia|Hernández|1981-05-06|45
Fernando|Pérez|1997-02-12|29
Diana|Ramos|1977-12-04|48
Elena|Rivera|1998-12-25|27
Miguel|Suárez|1990-07-12|35
Sandra|Ortega|1954-05-14|72
Sergio|Romero|1974-08-24|51
Pedro|Jiménez|1989-03-27|37
Elena|Cruz|2006-06-06|19
Ana|González|2001-08-07|24
Isabel|Vargas|1967-10-14|58
Cristina|Rodríguez|1950-06-24|75
Carmen|Flores|2008-02-28|18
Elena|Rojas|1964-07-27|61
Pablo|Castillo|1983-10-07|42
Luis|Cruz|1993-09-02|32
Héctor|Rojas|1982-11-05|43
Carlos|Álvarez|1973-02-14|53
Mónica|Ramos|1961-10-30|64
Andrés|Ramírez|1970-10-07|55
Luis|Castro|1997-04-13|29
Andrés|Rodríguez|2003-05-31|22
Cristina|Ruiz|1970-07-17|55
Claudia|Cruz|1972-09-05|53
Diego|Fuentes|1982-09-24|43
Alejandro|Molina|1950-08-17|75
José|Morales|1964-03-08|62
Natalia|Vargas|1957-05-08|69
Juan|Romero|1959-09-05|66
Carmen|Romero|1980-03-12|46
Luis|Martínez|2005-03-19|21
José|Jiménez|1953-07-30|72
Roberto|Ruiz|1980-10-27|45
Rafael|Ramírez|1947-02-03|79
Alejandro|Suárez|1946-10-28|79
Miguel|Pérez|1973-08-31|52
Mario|Torres|1976-12-27|49
Roberto|López|1965-08-24|60
Valentina|Pérez|1973-04-10|53
Pedro|Castro|2007-04-11|19
Elena|Álvarez|1976-08-30|49
Ricardo|López|1968-08-29|57
Elena|Castillo|1998-06-03|27
Roberto|Ramírez|1999-09-10|26
Andrés|Ríos|1986-03-03|40
Pedro|González|2007-05-24|18
Héctor|Mendoza|1977-04-12|49
Ana|Molina|1979-03-06|47
José|López|1976-02-29|50
Gabriela|Martínez|1967-02-18|59
María|García|1972-01-23|54
Isabel|Torres|1990-04-27|36
Carmen|Gómez|1971-04-13|55
Sergio|Martínez|1979-05-27|46
Héctor|Fuentes|1958-07-25|67
Diana|Fuentes|1953-05-03|73
Héctor|Morales|1993-06-14|32
Cristina|González|2004-02-18|22
Ricardo|Vargas|1977-06-28|48
Sergio|Castro|2000-02-06|26
Valentina|Guerrero|1965-09-30|60
Valentina|Romero|1991-01-01|35
Mario|Ramos|1992-03-31|34
Miguel|Hernández|1997-10-25|28
Manuel|Suárez|1981-07-01|44
Elena|Cruz|2003-08-28|22
Lucía|Jiménez|1979-07-27|46
Ricardo|Castillo|1989-07-08|36
Cristina|Gómez|1973-12-24|52
Héctor|Ruiz|1975-09-20|50
Gabriela|Ruiz|1974-07-01|51
Sandra|Martínez|1951-07-21|74
Pedro|Díaz|1999-08-17|26
Sandra|Fuentes|1980-09-03|45
Andrés|Romero|1993-01-02|33
Alejandro|Delgado|2001-11-13|24
Javier|Silva|1985-01-07|41
Ricardo|Pérez|1998-09-30|27
Rosa|Rivera|1956-07-03|69
María|Reyes|1994-07-15|31
Valentina|Hernández|2004-09-29|21
Eduardo|González|2005-08-20|20
José|Ramírez|1949-07-11|76
Valentina|Ruiz|1990-02-15|36
Sofía|Castro|1948-06-04|77
Pedro|Medina|1976-05-09|50
Eduardo|Torres|1975-08-14|50
Claudia|Sánchez|1974-03-07|52
Elena|Vargas|1964-01-15|62
Pablo|Aguilar|1986-03-31|40
Sandra|Flores|1961-07-30|64
Rafael|Díaz|1977-01-02|49
Luis|Pérez|1987-06-02|38
Mario|Jiménez|1993-04-22|33
Diego|Martínez|2005-12-28|20
Cristina|Jiménez|1987-05-10|39
Sofía|Sánchez|1959-04-12|67
Lucía|Medina|1991-08-14|34
Diego|Pérez|1954-02-19|72
Javier|López|2006-09-04|19
Gabriela|Mendoza|1979-10-24|46
Carmen|Cruz|1984-02-07|42
José|Suárez|1947-06-30|78
Roberto|Reyes|1965-09-14|60
Claudia|López|1963-03-22|63
Valentina|Díaz|1972-07-08|53
Ana|Hernández|1972-04-03|54
Patricia|Morales|1983-07-06|42
Sergio|Sánchez|1990-01-03|36
Cristina|Gómez|1956-04-10|70
Ricardo|López|1987-06-08|38
Rafael|Castillo|1974-02-22|52
Cristina|Rojas|1985-01-16|41
José|Suárez|1982-11-21|43
Carmen|Ortiz|1986-09-28|39
Natalia|Jiménez|1977-07-31|48
Adriana|Ríos|1960-07-15|65
Diego|Rivera|1977-03-21|49
Isabel|Gómez|1969-12-02|56
Sergio|Vargas|2003-08-28|22
Gabriela|Delgado|1950-07-08|75
Claudia|Pérez|1964-06-03|61
Fernando|Rivera|1954-08-01|71
Luis|Sánchez|2004-05-19|22
Lucía|Silva|1963-04-13|63
Mónica|Aguilar|1966-07-04|59
Mario|Jiménez|1994-01-16|32
Javier|Torres|1959-08-07|66
Claudia|Ortiz|1968-12-07|57
Cristina|Medina|1999-07-17|26
Ana|González|1984-08-02|41
Gabriela|Ruiz|1960-11-30|65
Isabel|González|1960-04-16|66
José|Navarro|1972-01-14|54
Sandra|Medina|1960-12-08|65
Ricardo|Fuentes|1999-10-23|26
Natalia|Vega|1963-03-04|63
Eduardo|Ramos|1967-12-24|58
Andrés|Torres|1953-06-30|72
Carlos|García|1967-09-12|58
Cristina|Delgado|1982-07-21|43
Ricardo|Ortiz|1949-07-06|76
Isabel|Delgado|1960-01-01|66
Cristina|Medina|1954-11-11|71
Isabel|Castillo|1953-03-20|73
Mario|Rodríguez|1976-10-19|49
Javier|García|1965-08-31|60
María|Suárez|1959-05-28|66
Ana|Rivera|1988-10-23|37
Rosa|Pérez|1985-05-23|40
Elena|Ruiz|1976-08-07|49
Pedro|Ramos|1976-06-20|49
Fernando|Molina|1972-05-30|53
Mónica|Molina|1948-06-14|77
Javier|Rodríguez|2007-10-26|18
Ricardo|Ramos|1952-02-07|74
Gabriela|Torres|1989-01-14|37
Miguel|Castro|2001-08-28|24
Carlos|Silva|1956-09-27|69
Diana|Silva|1977-02-05|49
Valentina|Reyes|1971-07-27|54
Manuel|Sánchez|1975-03-20|51
Mario|Silva|1994-10-22|31
Rosa|Rodríguez|1995-04-02|31
Verónica|Gómez|2000-05-15|26
Carmen|Flores|1955-09-03|70
Luis|Silva|1979-03-29|47
Alejandro|Romero|1984-12-17|41
Cristina|López|2003-05-03|23
Diana|Jiménez|2001-06-12|24
Diego|Gómez|1996-02-05|30
Laura|Suárez|2000-03-03|26
Fernando|Martínez|1982-12-01|43
Héctor|Rojas|1984-10-07|41
Juan|Ramos|2004-06-16|21
María|Ortega|2004-06-16|21
Eduardo|Ramos|1988-11-23|37
Mario|Molina|1975-01-06|51
Diego|Aguilar|2000-01-10|26
Diego|Castro|1993-08-18|32
José|Vega|1969-10-06|56
Verónica|Vega|2004-07-29|21
Natalia|Guerrero|1959-11-03|66
Juan|Suárez|1990-09-07|35
Isabel|Castillo|1974-07-04|51
Carlos|Suárez|1986-04-10|40
Sofía|Rivera|1956-07-25|69
Diego|Medina|1989-05-21|36
Andrés|García|2004-04-24|22
Lucía|Ríos|1947-03-01|79
Isabel|Rojas|1966-06-04|59
Diego|Rivera|1969-07-18|56
Javier|González|1993-05-21|32
Eduardo|Ramírez|1995-11-23|30
Alejandro|Flores|1959-08-27|66
Natalia|Ramos|1964-04-19|62
Manuel|Gómez|1964-02-01|62
Elena|Ramírez|1968-03-09|58
Sofía|Silva|1976-09-30|49
Andrés|Flores|1998-03-04|28
Carmen|Ramos|1986-10-30|39
Fernando|Aguilar|1988-07-31|37
Luis|Pérez|1982-12-09|43
Sofía|Medina|1952-12-06|73
Pablo|Flores|1977-09-13|48
Gabriela|Vega|1952-07-16|73
Miguel|Reyes|1958-07-18|67
Gabriela|Pérez|2008-03-09|18
Pedro|García|1987-11-06|38
Ricardo|Morales|1999-05-26|26
Andrés|Jiménez|1949-07-07|76
Juan|Fuentes|1959-03-10|67
Rafael|Fuentes|1957-01-24|69
Valentina|Mendoza|1947-11-12|78
Luis|Rojas|2001-07-22|24
Manuel|Ramos|1980-09-01|45
Carlos|Rojas|1998-04-13|28
Elena|Álvarez|2005-07-07|20
Luis|Rodríguez|1970-09-18|55
Andrés|Castro|1971-08-25|54
Gabriela|Ramírez|1975-08-12|50
María|Ortega|1964-12-19|61
Rosa|Cruz|1973-06-11|52
Carlos|López|1947-05-13|79
Mario|García|1950-03-24|76
Sandra|Flores|1962-09-28|63
Rafael|Sánchez|1997-10-13|28
José|Ramírez|1997-10-16|28
Roberto|Mendoza|1973-06-29|52
Roberto|Vargas|2003-04-23|23
Mónica|García|1953-04-12|73
Rosa|Castillo|1988-07-18|37
Natalia|Castillo|1981-05-17|45
Cristina|Romero|2007-01-28|19
Manuel|Fuentes|2007-03-16|19
Adriana|Suárez|1984-02-11|42
Diego|Jiménez|2008-02-22|18
Mónica|García|2006-12-21|19
Luis|Vargas|2005-11-11|20
Héctor|Vega|1992-04-06|34
Gabriela|Ramos|1979-10-10|46
Manuel|García|1990-12-17|35
Diana|Ruiz|1999-12-19|26
Cristina|Vega|1973-01-05|53
Laura|Reyes|2000-01-04|26
Cristina|Guerrero|1950-05-11|76
Andrés|Ríos|1970-09-29|55
Ricardo|Ortiz|1957-02-20|69
Roberto|Molina|1987-05-03|39
Patricia|Ríos|1973-04-30|53
Luis|Rojas|2002-03-21|24
Diana|Navarro|1955-04-12|71
Cristina|García|1982-07-04|43
Ricardo|Sánchez|1960-10-28|65
Claudia|Vega|1994-03-18|32
Alejandro|Ríos|1951-10-12|74
Diego|Silva|1952-07-11|73
Adriana|García|1966-03-17|60
Adriana|Rivera|1974-01-16|52
Eduardo|Molina|1989-10-13|36
Adriana|Ortiz|1967-12-03|58
Patricia|Medina|1970-12-25|55
Elena|Gómez|2001-05-27|24
Alejandro|Hernández|1958-05-14|68
Claudia|Navarro|1987-02-01|39
Ana|Ríos|2001-08-19|24
Pedro|Vega|1998-06-02|27
Claudia|Silva|1992-07-11|33
Sandra|López|1963-10-26|62
Valentina|Molina|1956-04-26|70
Pedro|Rodríguez|1976-07-15|49
Sandra|Delgado|2004-01-14|22
Mario|Flores|1974-04-25|52
Adriana|Torres|2001-11-27|24
Eduardo|Mendoza|2007-03-13|19
Carmen|Hernández|1958-10-24|67
Verónica|Álvarez|1978-05-09|48
Andrés|Reyes|1958-02-16|68
Elena|Pérez|1958-01-26|68
Sandra|Pérez|1991-03-29|35
Elena|Álvarez|1974-07-25|51
Roberto|Delgado|1948-11-26|77
Héctor|Silva|1985-06-21|40
Sandra|Hernández|1955-08-22|70
Alejandro|Ruiz|1974-09-23|51
Rosa|Ortiz|2003-06-04|22
Pedro|Navarro|1981-08-20|44
Mario|Navarro|1971-03-18|55
Héctor|Rojas|1962-02-03|64
José|Torres|1952-01-24|74
Rosa|Aguilar|1968-08-29|57
Ana|Rojas|1993-09-03|32
Mario|Flores|1949-10-25|76
Elena|García|1975-11-11|50
Luis|Ramos|1978-11-06|47
Diana|Ramírez|1954-04-29|72
Pablo|Rivera|1996-12-29|29
Carlos|Rojas|1987-04-26|39
José|Rodríguez|1997-09-15|28
Lucía|González|1963-07-24|62
Miguel|Navarro|1964-12-27|61
Diana|Castro|1971-08-09|54
Verónica|Castro|2006-09-22|19
Sofía|Martínez|1980-02-24|46
Mario|Rojas|1973-12-26|52
Luis|Ramírez|1973-09-20|52
Miguel|Jiménez|1951-10-21|74
Valentina|Cruz|1952-07-17|73
José|Vargas|1977-12-02|48
Manuel|Romero|1987-09-21|38
Héctor|Álvarez|1982-07-04|43
Rafael|Medina|1985-12-19|40
Diego|Fuentes|1975-08-27|50
Isabel|Morales|1983-08-01|42
Ana|Romero|1999-06-24|26
Verónica|Romero|1999-09-08|26
Patricia|Aguilar|1973-02-14|53
Manuel|González|1997-06-30|28
Elena|Rodríguez|1967-01-20|59
Luis|Navarro|2008-04-20|18
Mónica|Morales|2004-09-10|21
Laura|Castillo|1979-10-09|46
Patricia|Vargas|1980-02-08|46
Juan|Delgado|2005-11-17|20
Javier|Hernández|1996-05-10|30
Ricardo|Rojas|1998-04-27|28
José|Jiménez|1987-01-24|39
Verónica|Medina|1952-06-28|73
Claudia|Mendoza|1996-05-11|30
José|Ríos|2004-01-03|22
Elena|Gómez|1984-03-29|42
Adriana|Sánchez|1972-04-20|54
Ana|Vega|1946-09-09|79
Natalia|Molina|1995-11-07|30
Claudia|Medina|1981-01-16|45
Patricia|Díaz|1968-11-20|57
Eduardo|Silva|1972-08-21|53
Miguel|Silva|1965-12-05|60
Mario|Morales|1997-12-21|28
Carmen|Pérez|1951-09-27|74
Eduardo|Mendoza|1951-10-18|74
Patricia|Vega|2004-09-20|21
Sandra|Gómez|1949-08-23|76
Alejandro|Ríos|1996-07-17|29
Isabel|Hernández|1976-04-01|50
Sandra|Vega|1948-09-11|77
Claudia|Cruz|1991-03-21|35
Mario|González|1972-09-28|53
Pedro|Molina|1971-01-06|55
Luis|González|2003-08-02|22
Ana|Castro|1986-07-10|39
Roberto|Molina|1987-08-15|38
Fernando|Ortega|2002-06-17|23
Isabel|Guerrero|1955-02-02|71
José|Cruz|1990-05-06|36
Diego|Navarro|1954-03-10|72
Manuel|Ríos|1951-11-04|74
Rosa|Rojas|2002-03-01|24
Pablo|Ortiz|1990-03-23|36
Carlos|Castro|1977-04-13|49
Verónica|Delgado|1984-03-05|42
Adriana|Hernández|1978-07-01|47
Claudia|Rojas|1958-11-10|67
José|Rivera|1955-06-30|70
Rafael|Molina|1971-01-27|55
Carlos|Flores|1991-01-09|35
Ricardo|Morales|1964-06-02|61
Isabel|Ortega|1970-05-31|55
Mario|González|1989-02-28|37
Rafael|Ortiz|1972-05-28|53
Rosa|Aguilar|1981-10-20|44
Miguel|Díaz|1987-03-01|39
Ana|Martínez|1982-06-18|43
Mario|Castro|1982-01-13|44
Roberto|Aguilar|1959-08-18|66
Diana|Ortega|1989-03-20|37
María|Ruiz|1996-05-19|30
María|Ortiz|1948-04-07|78
Alejandro|Fuentes|1968-02-09|58
Luis|Rivera|1956-07-07|69
Ana|Molina|1980-10-09|45
Sergio|Aguilar|2006-03-24|20
Lucía|Torres|1987-06-26|38
José|Reyes|1972-06-15|53
Andrés|Martínez|2002-12-05|23
Manuel|Rojas|2003-06-07|22
Diana|Hernández|1964-05-12|62
Alejandro|Reyes|1982-01-04|44
Luis|López|1966-08-17|59
Patricia|García|1994-05-02|32
Manuel|Castillo|1977-04-01|49
Diego|Medina|1946-11-04|79
Elena|Ríos|1963-10-17|62
Luis|Flores|2000-11-16|25
Diana|García|1960-02-29|66
Verónica|Aguilar|1947-12-01|78
Carlos|Ortiz|1985-03-16|41
Mario|Torres|1952-01-13|74
Cristina|Vega|1982-07-18|43
Laura|Ortiz|2007-12-04|18
Carlos|Castro|1970-09-29|55
Rosa|Sánchez|1946-11-26|79
José|Castillo|1996-03-08|30
Juan|Rodríguez|1973-04-10|53
Cristina|Vega|1960-02-17|66
María|López|1964-02-17|62
Diego|Ruiz|1977-01-30|49
Isabel|García|1984-02-07|42
Ricardo|Ortega|1978-11-10|47
María|López|1949-11-20|76
Isabel|Pérez|1988-06-19|37
Ana|Rivera|2003-12-19|22
Ana|Mendoza|1966-08-31|59
Adriana|Díaz|1950-03-06|76
Ana|Guerrero|2002-06-13|23
Sofía|Rojas|1983-11-23|42
Sandra|Guerrero|1971-06-05|54
Eduardo|Martínez|1985-06-22|40
Fernando|Sánchez|2003-10-01|22
Cristina|Jiménez|1992-01-11|34
Valentina|Medina|1972-06-15|53
Roberto|Ríos|1949-07-20|76
Lucía|Mendoza|1971-03-04|55
José|González|1952-10-21|73
Claudia|Sánchez|1998-03-26|28
Roberto|Ruiz|1962-08-27|63
Cristina|Ruiz|1973-02-22|53
Carlos|Ortiz|2002-06-04|23
Lucía|Ortega|1980-11-07|45
Diana|Rodríguez|1949-12-28|76
Isabel|Romero|2005-06-07|20
Ana|Silva|1962-01-18|64
Juan|Ramírez|1951-12-21|74
Javier|Ortiz|1954-11-24|71
Héctor|Ruiz|1949-02-01|77
Patricia|Jiménez|1964-10-21|61
María|Ramos|1980-12-18|45
Diego|González|1966-11-10|59
Carlos|González|1973-05-14|53
Sandra|García|1986-07-22|39
Diego|Silva|1975-11-21|50
Sofía|Reyes|1971-01-22|55
Rafael|Pérez|1961-01-21|65
Laura|Flores|1998-03-24|28
Alejandro|Ríos|1988-08-09|37
Patricia|Fuentes|1964-02-07|62
Mónica|Castillo|1998-10-23|27
Valentina|Flores|2002-01-13|24
Mario|Morales|2006-06-11|19
Isabel|Aguilar|1976-04-26|50
Héctor|Guerrero|1996-08-30|29
Andrés|García|1971-07-26|54
Héctor|Castro|1973-12-16|52
Juan|Ortiz|1958-06-07|67
Pablo|Castillo|1977-01-08|49
Miguel|Rivera|1977-03-19|49
Carlos|Ramírez|1951-09-08|74
Ana|Mendoza|1985-10-31|40
Diego|Reyes|1986-12-11|39
José|Álvarez|2004-09-16|21
Eduardo|González|1966-09-01|59
Luis|Álvarez|1976-03-23|50
Natalia|Rojas|1996-08-15|29
Mario|Pérez|2003-04-18|23
Miguel|Rojas|1983-11-19|42
Rosa|Ramos|2007-03-20|19
Luis|Medina|1947-11-19|78
Andrés|Díaz|1958-11-26|67
José|Delgado|1985-12-11|40
Ana|Suárez|1978-07-21|47
Eduardo|Rivera|1950-03-25|76
Mario|Cruz|1947-03-17|79
Ana|Castillo|1973-05-04|53
Fernando|Castillo|2007-05-22|18
Pedro|Vargas|1950-12-23|75
Miguel|Sánchez|1958-04-16|68
Lucía|Medina|1991-03-29|35
Roberto|Ortega|1999-02-09|27
Diana|Torres|1960-04-18|66
Manuel|Sánchez|1954-04-25|72
Eduardo|Ruiz|1980-10-29|45
Héctor|Rivera|2003-05-12|23
Laura|Medina|1983-01-26|43
Eduardo|Flores|2005-11-17|20
Diana|Rojas|1981-05-13|45
Mario|García|1994-05-25|31
Diego|García|1952-03-21|74
Mario|Ríos|1972-05-22|53
Rosa|Morales|2006-02-09|20
Javier|Romero|1954-03-28|72
Pablo|Morales|1948-02-29|78
Gabriela|Medina|1957-06-04|68
Elena|Martínez|1981-07-13|44
Alejandro|Rivera|1970-05-29|55
Rafael|Vargas|1957-02-24|69
Verónica|Cruz|1989-06-01|36
Fernando|González|1965-07-20|60
Carmen|Delgado|2007-09-20|18
Mario|Vega|1950-04-04|76
Gabriela|Flores|1951-09-18|74
Sofía|Guerrero|2002-07-11|23
Diego|Álvarez|1976-08-30|49
Mario|Navarro|1990-01-05|36
Adriana|Ramos|1973-06-27|52
Laura|Martínez|1965-07-06|60
Eduardo|Molina|2005-07-16|20
Juan|Rojas|1949-03-18|77
Sandra|Ramírez|1984-06-16|41
Pablo|Hernández|2001-08-09|24
Fernando|Torres|1951-02-11|75
Manuel|Ruiz|2008-03-19|18
Luis|Torres|1993-10-03|32
Rosa|Ruiz|1957-04-27|69
Andrés|García|1981-08-26|44
Laura|Medina|1970-08-01|55
Juan|Rodríguez|1980-03-06|46
Lucía|Ruiz|1979-11-01|46
Laura|Navarro|1948-09-14|77
Ricardo|Navarro|1964-09-11|61
Rafael|Molina|2008-05-02|18
Pedro|Castillo|1955-06-25|70
Héctor|Martínez|2004-02-04|22
Elena|Sánchez|1982-06-24|43
Sofía|Ruiz|1968-11-16|57
Rafael|Silva|1974-12-25|51
Claudia|Torres|1950-06-12|75
Ricardo|García|1997-12-05|28
Laura|Fuentes|1984-12-22|41
Ricardo|Cruz|1960-01-14|66
Alejandro|Guerrero|1980-02-19|46
Andrés|Pérez|1958-08-08|67
Sofía|Hernández|2006-07-07|19
Pablo|Suárez|1976-02-15|50
Isabel|Ramos|1990-09-12|35
Valentina|Hernández|1990-01-09|36
Sandra|Molina|1947-08-09|78
Mario|Silva|1960-05-22|65
Andrés|Rivera|1979-06-26|46
Diana|Castro|1971-03-02|55
Rosa|Medina|2003-01-31|23
Andrés|Ruiz|1964-12-22|61
Claudia|Molina|1974-01-17|52
Alejandro|Ramírez|1948-12-11|77
Luis|Romero|1982-06-07|43
Sandra|Martínez|2002-04-07|24
Andrés|Rivera|1954-08-30|71
Juan|Morales|1995-09-28|30
Pedro|González|1991-08-11|34
Miguel|Castro|1988-07-09|37
Adriana|Medina|1995-05-02|31
Eduardo|Molina|2004-08-01|21
Adriana|Jiménez|1962-03-12|64
Fernando|Rivera|1991-05-08|35
Eduardo|Romero|2000-12-05|25
Roberto|Ruiz|1964-10-11|61
José|Medina|2002-04-03|24
José|Romero|1952-02-16|74
José|García|1994-01-30|32
Diego|Delgado|1956-12-20|69
Laura|Díaz|2001-07-11|24
Ricardo|Delgado|1954-01-31|72
Manuel|Suárez|1957-01-24|69
Mónica|Rivera|1966-04-27|60
Cristina|Morales|1982-02-25|44
Eduardo|Rivera|1988-01-01|38
Ana|Aguilar|2004-07-11|21
Andrés|Mendoza|1960-04-10|66
Mario|Morales|1981-02-26|45
Natalia|Castillo|1998-08-17|27
Sergio|Suárez|1969-06-14|56
Luis|Castro|1979-06-25|46
Mónica|Molina|1990-01-20|36
Miguel|Álvarez|1980-09-12|45
Rosa|Álvarez|1990-07-09|35
Adriana|Suárez|1994-09-17|31
Diana|Ortega|2003-04-16|23
Roberto|González|1984-04-27|42
Sandra|Ortega|1987-09-18|38
Patricia|Flores|1987-04-29|39
Ricardo|Álvarez|1975-01-21|51
Miguel|Fuentes|1978-07-21|47
Javier|Medina|1948-06-07|77
Natalia|Jiménez|1987-02-06|39
Elena|Navarro|1986-01-15|40
Eduardo|Ramírez|1977-03-10|49
Natalia|Delgado|1964-03-01|62
Luis|García|2001-03-21|25
Rosa|García|1958-09-23|67
Diana|López|1955-06-17|70
Andrés|Aguilar|1965-01-07|61
Juan|López|1950-05-07|76
Mónica|Navarro|1982-08-18|43
Mónica|Castillo|2006-10-01|19
Natalia|Rojas|1956-05-01|70
Elena|Hernández|1988-01-14|38
Mónica|Reyes|1991-12-30|34
Adriana|Castillo|1947-01-03|79
Juan|Fuentes|1969-01-29|57
Sofía|Rivera|1953-08-23|72
Eduardo|Rivera|1983-08-21|42
Rafael|Torres|1958-04-10|68
Fernando|Rojas|1998-09-12|27
Andrés|Cruz|1956-11-08|69
Javier|Reyes|1956-05-07|70
Natalia|Castro|1967-08-05|58
José|López|1995-03-31|31
Carmen|Ramos|1950-01-23|76
Verónica|Vega|1946-09-03|79
Sandra|Martínez|1982-08-06|43
Javier|Vega|1998-07-17|27
Héctor|Rodríguez|1953-12-22|72
Javier|Hernández|1953-05-08|73
Patricia|Cruz|2001-12-18|24
Elena|Rivera|2001-08-27|24
Eduardo|Torres|1994-12-13|31
Manuel|Torres|1993-05-30|32
Elena|Ramírez|1971-02-08|55
Pablo|García|2004-05-30|21
Eduardo|López|1980-02-06|46
María|Sánchez|1982-06-22|43
Claudia|Romero|1963-02-21|63
Patricia|Navarro|1972-09-16|53
Sofía|Jiménez|1975-02-24|51
Rafael|Vega|1990-09-13|35
Héctor|García|1985-07-30|40
Patricia|González|2000-09-24|25
Laura|Romero|1985-06-21|40
Patricia|Hernández|1997-09-08|28
Rafael|Martínez|2000-04-17|26
Alejandro|Navarro|1988-07-25|37
Claudia|Ramírez|1959-06-30|66
Elena|Silva|2004-03-30|22
Cristina|Gómez|1987-09-24|38
Rafael|Medina|1972-04-14|54
José|Cruz|1974-08-21|51
Isabel|Pérez|1966-07-22|59
Cristina|Vargas|1999-03-27|27
Juan|Ramos|2000-09-13|25
Pedro|Álvarez|1994-02-01|32
Verónica|Sánchez|1966-04-26|60
Verónica|Ruiz|1958-12-01|67
Manuel|Vargas|1995-09-22|30
Carlos|Reyes|1961-08-23|64
Lucía|García|1991-12-19|34
Gabriela|Mendoza|1998-12-04|27
Adriana|Castro|2006-03-04|20
Claudia|Suárez|1982-05-17|44
Rafael|Fuentes|1981-11-07|44
Ricardo|Jiménez|1981-01-26|45
Diego|Mendoza|1967-09-03|58
Ana|Rivera|2004-12-06|21
Miguel|López|1978-092-16|47
Eduardo|Navarro|1972-12-30|53
Isabel|Cruz|1983-10-24|42
Sergio|Ortega|1997-04-13|29
Laura|Aguilar|2001-05-02|25
Rafael|Flores|1983-03-09|43
Verónica|Ramírez|1993-10-09|32
Laura|Pérez|1995-09-01|30
Adriana|Rivera|1989-12-21|0
María|Castro|2000-10-29|25
Ana|Suárez|1967-06-20|58
Diana|García|1993-05-19|33
María|Ortega|2005-12-15|20
Claudia|Delgado|1958-03-26|68
José|Mendoza|1990-08-09|35
Andrés|Suárez|1993-09-23|32
Sofía|Hernández|1983-12-31|42
Carmen|Molina|1968-09-21|57
Laura|Jiménez|1968-01-27|58
Roberto|González|1993-01-16|33
Isabel|López|1974-08-12|51
Sofía|López|1992-05-24|33
María|Fuentes|1993-02-08|33
Elena|Rodríguez|1983-04-26|43
Rafael|Rodríguez|1989-07-23|36
Adriana|Rodríguez|1977-06-02|-48
Alejandro|López|1980-09-05|45
Patricia|Ríos|1997--13|28
Patricia|Delgado|1949-10-12|76
Andrés|Gómez|1961-11-06|64
Fernando|Ortega|1970-08-12|55
Verónica|Romero|1955-01-03|71
Luis|Ortega|1971-09-18|54
Eduardo|López|1981-06-22|44
Ricardo|Castro|1983-03-09|43
Fernando|Torres|2004-01-08|22
Natalia|Aguilar|1994-05-19|32
Pedro|Flores|1954-12-11|71
Javier|Navarro|1969-08-01|56
Rafael|Vega|1983-06-10|42
Alejandro|García|1974-10-24|51
Carlos|Guerrero|2004-11-12|21
Elena|Hernández|1956-07-16|69
Roberto|Hernández|1966-12-101|59
Sandra|Delgado|1983-10-27|42
Alejandro|Torres|1999-04-05|27
Diana|Navarro|1998-01-10|28
Fernando|Morales|1982-10-02|43
Sergio|Guerrero|1979-12-26|46
Isabel|Guerrero|1956-07-18|69
Sofía|Silva|2000-12-11|25
Diana|Aguilar|2005-03-06|21
Lucía|Vega|1959-08-23|66
Mónica|Díaz|1984-12-17|41
Lucía|Fuentes|1977-02-21|49
Sergio|Aguilar|1972-11-03|53
Valentina|Flores|2001-04-24|25
Carmen|Ramírez|1960-02-21|66
Ricardo|Mendoza|1955-06-10|70
Gabriela|Castillo|1972-03-14|54
Mario|Vega|1949-10-19|76
Pedro|Castro|1947-11-24|78
Isabel|Álvarez|2005-05-21|20
Luis|Vega|1993-03-25|33
Alejandro|Romero|1956-12-30|69
Gabriela|Rivera|1990-01-28|36
Miguel|Martínez|1980-09-24|45
Diana|Medina|1972-08-19|53
Rafael|Hernández|1972-08-27|53
Luis|Silva|1971-05-05|55
José|Álvarez|1990-02-03|36
Ricardo|Díaz|1998-07-10|27
Rafael|Ortiz|1995-09-05|30
Diego|Vega|1964-05-06|62
Valentina|Torres|1965-12-24|60
Héctor|Navarro|1977-03-06|49
Natalia|Vargas|1991-03-28|35
Héctor|López|1983-10-01|42
Patricia|Castro|1958-03-08|68
Alejandro|Pérez|1950-07-05|75
Pedro|Suárez|1966-06-02|59
Sofía|Álvarez|1952-06-21|73
Héctor|Rojas|1956-08-21|69
Isabel|Mendoza|1996-01-24|30
Sofía|González|1990-04-07|36
Roberto|Sánchez|1999-06-22|26
Isabel|Delgado|1977-06-20|48
Claudia|Molina|1956-02-27|70
Verónica|Rojas|1993-08-26|32
Eduardo|Gómez|1973-04-30|53
Roberto|Silva|1975-12-13|50
Sergio|Castillo|1979-10-13|46
Eduardo|González|2006-02-13|20
Lucía|Navarro|2007-08-08|18
Ana|Díaz|1985-08-26|40
Juan|Vargas|1968-12-12|57
Eduardo|Vargas|2000-08-12|25
Alejandro|Castro|1957-02-21|69
Rafael|Ortega|1962-09-02|63
Mario|Jiménez|1987-12-14|38
Alejandro|Castro|1994-01-13|32
Laura|Hernández|1983-07-18|42
Gabriela|Jiménez|1955-10-12|70
Luis|Delgado|1979-01-20|47
Eduardo|García|1968-11-28|57
Ricardo|Delgado|1968-08-16|57
Mónica|Gómez|1972-04-24|54
Miguel|Castro|1998-01-04|28
Eduardo|Aguilar|1965-10-14|60
Sofía|Rivera|1982-01-02|44
Laura|Silva|1975-08-20|50
Rafael|Suárez|1993-09-20|32
Claudia|Ramírez|1988-01-11|38
Gabriela|Morales|1961-12-03|64
Héctor|Ortega|2001-04-26|25
Adriana|Reyes|1987-09-06|38
Sofía|Ruiz|1977-09-15|48
Eduardo|Rivera|1970-04-18|56
Isabel|Navarro|2001-04-30|25
Pablo|García|1969-10-10|56
Diana|Ramos|1952-08-12|73
Javier|García|1948-10-21|77
Héctor|Molina|1994-01-27|32
Héctor|Molina|1953-01-03|73
Claudia|González|2005-10-01|20
Valentina|Ruiz|1952-06-02|73
Verónica|Romero|1950-10-30|75
Valentina|Delgado|1985-10-27|40
Mario|Morales|1972-09-21|53
Miguel|González|1988-10-25|37
José|Silva|1999-09-29|26
Ana|Fuentes|1992-04-11|34
Carlos|Ramos|1983-07-22|42
Natalia|Cruz|1960-02-15|66
Lucía|García|1972-01-27|54
Rosa|Ortega|1968-01-17|58
Valentina|Aguilar|2003-06-02|22
Patricia|Aguilar|1949-01-23|77
Adriana|Fuentes|1951-06-07|74
Rafael|Rojas|1946-10-08|79
Valentina|Mendoza|1956-09-14|69
Pablo|Ortiz|1980-05-16|46
Lucía|Medina|1997-05-30|28
Pedro|Romero|1963-05-11|63
Patricia|Rivera|1991-11-13|34
Manuel|González|1968-04-16|58
Andrés|Martínez|1952-01-19|74
Luis|Díaz|1980-06-16|45
Mónica|Guerrero|2004-05-12|22
Mónica|Ruiz|1964-10-27|61
Rafael|Fuentes|1967-03-21|59
Rafael|Hernández|1963-03-18|63
Pablo|Vega|1950-09-15|75
José|Romero|1987-10-12|38
Natalia|Castro|1953-04-23|73
Laura|Morales|1964-09-17|61
Diego|Reyes|1978-03-26|48
Valentina|Aguilar|1956-11-25|69
Isabel|Gómez|1997-11-16|28
Pablo|Rojas|1967-05-19|59
Mario|Ríos|1977-04-26|49
Diego|Molina|1967-08-24|58
Claudia|Fuentes|1965-10-19|60
Elena|Romero|1990-07-01|35
Diana|Molina|1946-05-24|79
Sandra|Hernández|2007-10-24|18
Sofía|Pérez|2003-04-09|23
Eduardo|Vargas|1951-09-10|74
Mario|Molina|1961-12-03|64
Lucía|Sánchez|2006-01-10|20
Carlos|Gómez|1972-01-16|54
Andrés|Díaz|1979-05-25|46
Rosa|Castro|1963-07-18|62
Pablo|Gómez|1998-07-05|27
Adriana|Suárez|1946-06-02|79
Isabel|Rodríguez|1971-04-27|55
Valentina|Ortiz|1971-12-29|54
Héctor|Vega|1997-05-10|29
Ana|Rodríguez|1952-01-25|74
Alejandro|Pérez|1982-07-22|43
Valentina|Díaz|1954-02-16|72
Diego|Guerrero|2005-09-03|20
Diana|Castillo|1978-12-18|47
Verónica|Martínez|2004-11-16|21
Roberto|Fuentes|1951-10-11|74
Andrés|Martínez|1973-07-01|52
María|Rivera|1996-09-21|29
Rafael|Vargas|1948-01-06|78
Carmen|García|2002-06-11|23
Mario|González|1948-03-23|78
Gabriela|Ramírez|1979-07-13|46
Luis|Ortega|1983-01-05|43
Sergio|Martínez|1956-11-16|69
María|Mendoza|1968-12-08|57
Natalia|González|1963-09-10|62
Verónica|Ríos|1999-04-20|27
Rafael|Mendoza|2001-10-18|24
Carmen|Vargas|1993-08-09|32
Andrés|Pérez|1987-08-18|38
Natalia|Torres|1995-02-10|31
Elena|Ortiz|1950-11-20|75
Valentina|Álvarez|1993-01-30|33
Diego|Hernández|1950-04-15|76
Rosa|Rojas|1983-04-08|43
Gabriela|Rodríguez|1972-02-11|54
Natalia|Ortiz|1950-11-06|75
Héctor|López|1960-10-31|65
Alejandro|Ruiz|1996-03-29|30
Verónica|Ortiz|1954-07-10|71
Manuel|Ríos|1982-09-06|43
Isabel|Vega|1946-05-26|79
Sergio|Rojas|1968-05-31|57
Cristina|Díaz|1989-12-08|36
Patricia|Guerrero|2002-04-20|24
Carmen|Vega|1978-06-11|47
Javier|Ramos|1971-11-04|54
Eduardo|Aguilar|1967-01-17|59
Natalia|Álvarez|2002-05-29|23
Isabel|Martínez|1957-05-31|68
Diana|Guerrero|1991-10-28|34
Mónica|Suárez|1962-01-25|64
Diego|Romero|1993-07-23|32
Roberto|Gómez|1975-05-06|51
Carmen|Morales|1954-03-23|72
Pablo|Ortega|1994-09-15|31
Luis|Rodríguez|1991-11-23|34
Andrés|Castillo|1968-10-20|57
Verónica|Fuentes|1967-06-23|58
Diana|Ríos|1987-07-04|38
Pedro|Jiménez|1949-02-02|77
Diego|Pérez|1979-07-09|46
Eduardo|Cruz|1979-02-03|47
Mónica|Morales|1986-06-13|39
Javier|López|1981-08-29|44
Sofía|Navarro|1971-10-30|54
Javier|Ramírez|1974-12-11|51
Valentina|Romero|1982-09-27|43
Javier|Ramírez|1969-11-20|56
Ana|Cruz|1992-08-11|33
Diego|Ortiz|1992-09-18|33
Isabel|Ortiz|1981-05-20|44
Andrés|Castro|1993-11-05|32
Elena|Aguilar|1957-06-03|68
Héctor|Navarro|1959-01-27|67
Claudia|Cruz|2007-09-24|18
Carmen|González|1993-04-17|33
Diana|Rojas|1974-12-10|51
Ricardo|Guerrero|1958-04-26|68
Verónica|García|1968-03-10|58
Sofía|García|1959-04-14|67
José|Navarro|1952-01-05|74
Ana|Jiménez|1951-05-28|74
Adriana|Rivera|2003-07-12|22
Héctor|Rivera|1991-05-09|35
José|Ruiz|1999-04-06|27
Pedro|Ortiz|1972-01-14|54
Adriana|Gómez|1998-07-30|27
Valentina|Aguilar|1969-01-03|57
Mario|Ramos|1970-06-10|55
Alejandro|Flores|2004-11-15|21
Manuel|Navarro|1963-01-22|63
Natalia|Jiménez|1992-12-01|33
Eduardo|Morales|1981-10-09|44
José|Ruiz|2004-05-28|21
Laura|Guerrero|1963-11-03|62
Manuel|García|1974-06-19|51
José|Fuentes|2003-05-07|23
Cristina|Medina|1975-08-19|50
Patricia|Vega|1981-03-11|45
Valentina|Rodríguez|1949-09-19|76
Carlos|Hernández|1974-07-19|51
Mario|Vargas|1969-06-19|56
Sergio|Guerrero|1947-11-14|78
Andrés|Romero|1986-06-23|39
Gabriela|López|1994-10-02|31
Andrés|Ramos|1947-03-01|79
Miguel|Jiménez|1996-07-31|29
Miguel|Aguilar|1992-03-07|34
Laura|Medina|1951-01-24|75
Cristina|Rodríguez|1999-04-17|27
Rosa|Rodríguez|1953-02-05|73
Fernando|Delgado|2000-08-29|25
Sofía|Ortega|1969-08-21|56
Sofía|Álvarez|1947-11-16|78
Héctor|Torres|1998-09-22|27
Diego|Vega|1999-09-30|26
Isabel|Vargas|1988-03-08|38
Miguel|Ortiz|1990-07-22|35
Ricardo|López|2005-11-01|20
Javier|Ramírez|1983-07-07|42
Alejandro|Fuentes|2007-12-21|18
María|Pérez|2007-03-03|19
Diana|Castillo|1966-05-30|59
Ricardo|Guerrero|1976-06-25|49
Gabriela|Suárez|1968-11-11|57
Pablo|Pérez|1962-12-09|63
Diego|Ramos|1982-11-06|43
Cristina|Morales|2001-01-08|25
Verónica|Molina|1981-07-03|44
Héctor|Ramírez|1987-04-17|39
Lucía|Silva|1989-09-18|36
Diego|Jiménez|1982-09-14|43
Diego|Ramos|1993-07-08|32
Fernando|Reyes|1974-04-04|52
Verónica|Fuentes|2001-12-09|24
Valentina|González|2006-05-12|20
Laura|López|1981-04-21|45
Natalia|Delgado|1988-01-14|38
Sofía|Suárez|1959-10-29|66
Adriana|Martínez|1985-09-01|40
Pablo|González|1970-11-06|55
Natalia|Morales|1980-05-04|46
Carmen|Ríos|1965-09-04|60
Sofía|Cruz|1961-12-17|64
Laura|Cruz|1991-09-11|34
Elena|Ruiz|1975-06-24|50
Sergio|Hernández|2004-03-12|22
Patricia|Gómez|2003-06-10|22
Sofía|Navarro|1986-11-27|39
Natalia|Ruiz|2003-02-16|23
Fernando|Ríos|1946-07-24|79
Rafael|Suárez|1947-10-15|78
Laura|Fuentes|1949-12-23|76
Natalia|Pérez|1997-04-01|29
Roberto|García|2004-01-08|22
Luis|Romero|1991-12-22|34
Claudia|García|1959-10-23|66
Verónica|Ortiz|1995-02-12|31
Manuel|Molina|1976-11-10|49
Laura|Torres|2001-03-20|25
Diana|Silva|1980-07-02|45
Adriana|Mendoza|1952-09-03|73
Andrés|Ortega|1972-05-13|54
Adriana|Rivera|1970-10-06|55
José|Sánchez|1983-09-02|42
Eduardo|González|1972-03-09|54
Sandra|Pérez|1974-07-12|51
José|Medina|1970-06-24|55
Fernando|Aguilar|1966-05-12|60
Alejandro|Fuentes|1969-02-28|57
Sergio|Torres|1990-04-27|36
Diana|Navarro|1996-07-11|29
Gabriela|Medina|1990-09-09|35
Elena|Reyes|1966-08-03|59
Rafael|Ortiz|1992-01-21|34
Héctor|García|1968-09-04|57
Natalia|Suárez|1960-09-11|65
Laura|Ríos|1979-08-30|46
Andrés|Torres|1996-11-22|29
Diana|Castro|1973-09-07|52
Laura|Ortega|1967-10-16|58
Juan|Molina|1964-06-01|61
Diego|Ramírez|2002-03-28|24
Diana|Medina|1996-01-04|30
Pablo|Ramos|1989-07-06|36
Andrés|López|1998-08-22|27
Fernando|Hernández|1998-09-11|27
Eduardo|Ríos|1967-12-08|58
Verónica|López|1989-10-22|36
Andrés|Aguilar|1974-09-20|51
Verónica|González|1971-11-12|54
Claudia|Álvarez|2005-01-08|21
Elena|Ruiz|2001-03-19|25
Pablo|Ortega|1990-02-25|36
Patricia|Ramos|1959-03-07|67
Rosa|Reyes|1991-12-15|34
Javier|Rojas|1956-05-20|69
Luis|Ríos|1960-02-13|66
Juan|Hernández|1997-08-13|28
Carmen|Díaz|1949-05-31|76
Alejandro|Cruz|2004-05-30|21
Carlos|Guerrero|1996-07-07|29
Adriana|Medina|1963-10-15|62
María|Guerrero|2002-10-26|23
Miguel|Sánchez|1984-10-06|41
Luis|López|1946-09-15|79
Juan|Romero|1975-03-11|51
Claudia|Hernández|1991-09-15|34
Miguel|Ortega|2000-10-09|25
Rosa|Fuentes|1955-06-07|70
Adriana|López|1962-08-22|63
María|Ramos|1956-10-28|69
Mónica|Aguilar|1977-12-22|48
Valentina|Rodríguez|1984-09-06|41
Gabriela|Ramos|2001-06-08|24
Valentina|Ramírez|1954-10-29|71
José|Silva|1994-02-11|32
María|Díaz|1991-03-24|35
Laura|Flores|1987-08-20|38
Sergio|Castillo|1999-10-14|26
Sofía|Medina|1951-10-04|74
Pablo|Molina|1951-09-21|74
Verónica|Silva|1998-07-22|27
Sandra|Ríos|1955-11-04|70
Mario|López|2001-11-10|24
Sergio|Gómez|1990-10-18|35
Rosa|Ramos|1996-05-26|29
Ricardo|Ramos|1962-06-01|63
Héctor|Ortega|1982-04-24|44
Carlos|Gómez|2007-04-04|19
Roberto|Ortiz|1990-11-21|35
Fernando|Morales|1978-08-18|47
Claudia|Rojas|2003-03-30|23
Mónica|Hernández|1971-07-19|54
Alejandro|Hernández|1988-11-28|37
Ricardo|Ríos|1977-11-19|48
Ana|Aguilar|1952-01-08|74
Isabel|Ortega|1966-10-20|59
Verónica|Ortega|1979-08-03|46
Diego|Ríos|1963-03-21|63
Elena|Jiménez|1977-01-22|49
Roberto|Rodríguez|1956-04-05|70
Ana|Gómez|1982-04-08|44
Laura|Rodríguez|1987-04-21|39
Cristina|Díaz|1966-05-23|59
Lucía|Cruz|1961-10-03|64
Pedro|Jiménez|1969-10-24|56
Alejandro|Reyes|1980-12-31|45
Diego|Flores|1975-03-22|51
Alejandro|Ríos|2004-06-27|21
Cristina|Fuentes|1995-06-21|30
Andrés|Ramos|1988-01-27|38
Claudia|Ríos|1993-10-15|32
Andrés|Suárez|1981-06-22|44
Carmen|García|1975-01-19|51
Pablo|Castro|1984-02-01|42
Diana|Martínez|1952-02-11|74
Sofía|Pérez|1948-05-20|77
Juan|Rojas|2003-08-22|22
Cristina|Delgado|1999-03-29|27
Héctor|Díaz|1962-08-25|63
Rafael|Ramírez|1973-08-03|52
Patricia|Ortega|1967-01-26|59
Patricia|García|1955-07-12|70
Ricardo|Morales|1996-06-11|29
Sofía|Fuentes|1960-05-29|65
Héctor|García|1995-11-09|30
Fernando|Cruz|2005-05-02|21
Adriana|Fuentes|2002-02-14|24
Laura|Suárez|1968-02-02|58
Ana|Medina|1978-06-17|47
Rafael|Rivera|1972-04-28|54
Sergio|Reyes|1982-02-19|44
Elena|Sánchez|1950-08-16|75
Pedro|Guerrero|1988-06-07|37
Sergio|Pérez|1974-03-07|52
Rafael|Gómez|1967-02-12|59
Diana|Ruiz|1986-01-05|40
Eduardo|Álvarez|1947-05-08|79
Adriana|Molina|1954-07-01|71
Diana|Delgado|2000-03-21|26
Natalia|Hernández|2001-12-19|24
Sandra|Reyes|1950-10-19|75
Adriana|Guerrero|1980-02-20|46
Verónica|Rodríguez|1993-05-06|33
Verónica|Rivera|1983-12-28|42
Eduardo|Flores|1949-09-27|76
Pablo|Rodríguez|1947-07-07|78
Natalia|Hernández|1985-09-06|40
Diego|Castillo|1986-09-03|39
Manuel|Ortiz|1996-01-06|30
Claudia|Guerrero|1975-06-07|50
Mario|Álvarez|1990-09-05|35
Miguel|Torres|1988-07-14|37
Miguel|Navarro|1985-01-30|41
Rosa|Rojas|1989-05-02|37
Luis|Fuentes|1962-05-25|63
Javier|Medina|1981-12-22|44
Diana|Ríos|1984-03-24|42
Andrés|Hernández|2001-08-01|24
Patricia|Díaz|1995-01-11|31
Carlos|Torres|2006-08-15|19
Adriana|González|1999-10-23|26
Luis|Rojas|1995-07-23|30
Andrés|Aguilar|1978-04-07|48
Roberto|Álvarez|1976-02-07|50
Fernando|Gómez|1960-02-20|66
Claudia|Rodríguez|1954-12-07|71
Isabel|Ramos|1999-07-14|26
Claudia|Guerrero|1960-08-24|65
Gabriela|Álvarez|2008-02-24|18
Miguel|Silva|1963-03-04|63
Rafael|Ortega|1990-11-17|35
Ana|Torres|1990-12-28|35
Carmen|Castillo|1997-06-13|28
Claudia|Romero|1978-08-21|47
Lucía|Delgado|1992-11-11|33
Manuel|Castillo|1975-03-16|51
Rosa|Ruiz|1965-07-07|60
Mario|Vega|1973-01-21|53
Ricardo|Vega|1964-02-07|62
Diego|Castillo|2001-12-27|24
Pablo|Ruiz|2007-05-12|19
Roberto|Rivera|1988-07-16|37
Carlos|Ramos|1954-10-12|71
María|Cruz|1950-03-01|76
Cristina|Romero|1949-05-26|76
Isabel|Ramírez|1970-11-16|55
Juan|Fuentes|1963-03-10|63
María|Reyes|1991-11-18|34
Lucía|Ramos|2001-10-20|24
Mónica|Delgado|1975-10-16|50
Ana|Ortiz|2002-07-04|23
Ricardo|Fuentes|1983-09-20|42
Pedro|Fuentes|1955-04-20|71
Diego|Molina|2007-05-11|19
Carlos|Cruz|1954-07-21|71
Natalia|Silva|1994-08-21|31
Pedro|Jiménez|1963-12-08|62
Carmen|Suárez|1966-08-24|59
María|Vargas|2002-02-27|24
Rafael|Vargas|1952-06-30|73
Manuel|Guerrero|1946-11-19|79
Diego|Castillo|1992-10-12|33
Adriana|López|1972-10-08|53
Javier|Díaz|1967-04-10|59
Luis|Ríos|1974-05-30|51
Carmen|Vega|1970-09-23|55
Elena|Vega|1968-09-16|57
Verónica|Martínez|1995-11-28|30
Mario|Hernández|1994-12-21|31
José|Sánchez|1992-07-02|33
Isabel|Reyes|1948-09-17|77
Luis|González|1954-10-01|71
Andrés|Ramírez|1950-10-23|75
Claudia|Díaz|1981-12-09|44
Eduardo|Rivera|1973-08-11|52
Natalia|Fuentes|1953-10-23|72
Pedro|Rodríguez|1946-08-07|79
Diana|Cruz|1971-03-26|55
Ana|Castillo|1989-06-28|36
Diego|Rivera|2004-09-12|21
Juan|Romero|1983-03-15|43
José|Flores|1990-10-11|35
Rafael|Ríos|1987-05-17|39
Luis|García|1971-05-01|55
Pedro|Hernández|1958-08-04|67
Verónica|Aguilar|1990-12-18|35
Sofía|Rodríguez|1985-06-02|40
Verónica|Romero|1966-11-01|59
Claudia|Castro|1949-07-06|76
Natalia|Gómez|1995-07-18|30
Luis|Molina|2005-04-13|21
Carmen|Martínez|2007-05-17|19
Eduardo|López|1965-06-10|60
Cristina|Silva|1989-02-04|37
Pablo|Pérez|1955-03-14|71
Patricia|Díaz|1950-11-03|75
Diego|Romero|1994-09-22|31
María|Ramos|1986-12-27|39
Cristina|Navarro|1995-01-07|31
Elena|Ramírez|1981-04-30|45
José|Mendoza|1991-10-31|34
Luis|López|1955-11-17|70
Patricia|Reyes|1989-06-21|36
Héctor|Guerrero|1978-08-19|47
Elena|Pérez|1947-10-21|78
Natalia|Silva|1989-01-16|37
Adriana|Ruiz|2000-07-30|25
Carlos|Guerrero|2008-04-04|18
Alejandro|Medina|1966-01-06|60
Claudia|Silva|1964-05-18|62
Sandra|Flores|2007-10-12|18
Miguel|Martínez|1962-11-19|63
Adriana|Ríos|1950-02-13|76
Javier|Vega|2003-06-28|22
Carlos|Rojas|1962-06-04|63
Isabel|Silva|1983-05-15|43
Gabriela|Torres|1982-10-23|43
Eduardo|Ramírez|1961-01-07|65
Diana|Mendoza|1951-07-04|74
Elena|Flores|1953-05-19|73
Diana|Castillo|1980-02-11|46
Lucía|Díaz|2003-12-20|22
Pedro|Ramírez|1972-05-08|54
Ana|Álvarez|1986-07-21|39
Eduardo|Fuentes|1983-07-03|42
Ana|Torres|1966-06-22|59
Diego|Martínez|1999-01-16|27
Elena|Navarro|1985-04-11|41
María|Díaz|2002-11-07|23
Pedro|Ramos|1974-08-24|51
Elena|Vargas|1988-08-14|37
Sandra|Flores|1991-06-30|34
Natalia|Medina|1986-06-21|39
Miguel|Molina|1979-01-05|47
Adriana|Navarro|1991-12-05|34
Diana|Martínez|1979-07-19|46
Rosa|Vega|2001-09-09|24
Adriana|Morales|1964-03-08|62
Patricia|González|1998-04-30|28
Carlos|Ortega|1988-10-24|37
María|Guerrero|1959-07-07|66
Claudia|Delgado|1992-12-17|33
Miguel|Vargas|1987-08-25|38
María|Rojas|1946-09-16|79
Isabel|Ramos|1947-05-04|79
Eduardo|Castro|1976-10-28|49
Verónica|Gómez|2001-12-28|24
Sandra|Molina|1997-09-26|28
Ana|García|2004-11-06|21
Rosa|Torres|1960-07-20|65
Natalia|Delgado|1957-09-23|68
Carmen|Medina|1963-03-09|63
Lucía|Torres|2006-01-01|20
Ricardo|Ríos|1988-09-12|37
Gabriela|Jiménez|1952-09-02|73
Juan|García|1948-09-17|77
Ricardo|Gómez|1955-07-27|70
Diego|Hernández|1976-02-22|50
Juan|Ramos|1968-02-18|58
Sergio|Díaz|1970-11-13|55
Sergio|Mendoza|1979-07-31|46
Isabel|Castillo|1958-10-15|67
Héctor|Guerrero|1971-08-19|54
Sofía|Cruz|1989-01-04|37
Fernando|Medina|1990-07-21|35
Rosa|Castro|1965-12-18|60
Pablo|Castillo|1960-08-30|65
Sofía|Romero|1973-07-23|52
Luis|Martínez|1958-06-20|67
Adriana|Flores|1978-08-09|47
Juan|Medina|1990-09-01|35
Pedro|Suárez|1993-03-01|33
Claudia|Fuentes|1970-04-12|56
Valentina|Sánchez|1981-06-28|44
Patricia|Gómez|1952-01-24|74
Isabel|Rodríguez|1966-07-29|59
Carmen|Medina|1994-10-27|31
Lucía|Álvarez|2005-03-01|21
Cristina|Ortiz|1966-09-07|59
Rafael|Jiménez|1949-07-05|76
Natalia|Vega|1983-10-07|42
Carmen|Navarro|2007-11-29|18
Javier|Ortega|1992-05-16|34
Eduardo|Cruz|1965-05-13|61
Rafael|Silva|1948-09-17|77
Laura|López|1995-05-06|31
Lucía|Ortega|1994-01-15|32
María|Navarro|1967-01-21|59
Elena|Sánchez|1986-05-01|40
Isabel|Vargas|1959-04-26|67
Luis|Navarro|2003-06-18|22
Verónica|García|1982-03-03|44
Carmen|Delgado|1983-11-23|42
Diego|Cruz|1971-02-20|55
Verónica|Rivera|1985-03-08|41
Andrés|Castillo|1948-11-19|77
Rafael|Martínez|1964-04-11|62
Miguel|Díaz|1964-07-29|61
Luis|García|1997-11-04|28
Roberto|Jiménez|1955-09-22|70
Carlos|Aguilar|1960-01-28|66
Sergio|Medina|1966-01-17|60
Natalia|Ríos|1991-08-08|34
Pedro|Aguilar|1970-06-17|55
Ana|Delgado|1948-10-24|77
Carmen|Cruz|2007-06-14|18
Sergio|Ortiz|1970-10-07|55
Mónica|Rojas|1950-08-06|75
Roberto|Cruz|1998-06-23|27
Diego|Fuentes|1951-11-18|74
Javier|Silva|2001-10-19|24
Laura|Rivera|1975-09-08|50
Mónica|Ríos|2000-09-05|25
Claudia|Castillo|1954-10-14|71
Laura|López|1953-01-22|73
Patricia|Sánchez|1999-06-23|26
Gabriela|Delgado|1999-10-23|26
Ana|Rodríguez|1949-05-24|76
Mario|Álvarez|2006-06-12|19
Javier|Gómez|1958-01-22|68
Laura|Rojas|1951-01-07|75
Carmen|Cruz|1968-05-27|57
Natalia|Pérez|1959-01-16|67
Lucía|Rodríguez|1949-07-01|76
Javier|Gómez|1954-03-13|72
Isabel|López|1968-01-18|58
Elena|Díaz|2004-02-07|22
Manuel|Rojas|1993-04-05|33
Héctor|Aguilar|1992-03-18|34
Adriana|Medina|1969-01-15|57
Mario|Cruz|1969-02-19|57
Diego|Álvarez|1957-10-05|68
Patricia|López|1991-10-28|34
Isabel|Castillo|1979-06-10|46
Ana|Rojas|1951-04-16|75
Eduardo|González|1992-06-15|33
Mario|Torres|1951-06-16|74
Laura|Ríos|1947-10-05|78
Carmen|Ramos|1995-03-10|31
Héctor|Navarro|1971-02-24|55
Diego|Medina|1999-08-23|26
Pedro|Silva|1958-09-14|67
Sergio|Ortiz|1956-05-29|69
Pedro|Rodríguez|1955-02-22|71
María|Rodríguez|2004-05-25|21
Rafael|Cruz|1975-02-20|51
Verónica|Medina|1953-07-23|72
Ricardo|Reyes|1966-12-15|59
Elena|Mendoza|1974-09-27|51
Héctor|Martínez|1966-04-19|60
Isabel|Ríos|1997-05-02|29
Claudia|Vargas|1986-07-05|39
Laura|Castro|1954-06-19|71
Adriana|Cruz|2002-06-25|23
Mario|Morales|2001-10-11|24
Lucía|Ramos|1957-04-08|69
Sergio|González|1969-08-06|56
Carlos|Pérez|1947-02-11|79
Natalia|Sánchez|1986-04-05|40
Miguel|García|1962-03-25|64
Miguel|Ortiz|1952-07-29|73
María|Navarro|1948-05-24|77
Verónica|Mendoza|1958-03-06|68
José|Suárez|1953-07-27|72
Ana|López|2001-12-12|24
Carlos|Romero|1968-03-09|58
Isabel|Silva|1972-03-20|54
Fernando|Hernández|1964-05-08|62
Rafael|Vega|1954-08-22|71
Rafael|Jiménez|1965-01-01|61
Claudia|Aguilar|1951-11-19|74
Alejandro|Ortega|2001-07-28|24
Isabel|Jiménez|1979-12-08|46
Fernando|Vargas|1994-07-30|31
Rosa|Pérez|1970-04-18|56
Cristina|Navarro|2002-07-17|23
Rafael|Ramos|1982-06-14|43
Patricia|Guerrero|1988-04-20|38
Héctor|Jiménez|2006-10-01|19
Andrés|Suárez|1954-09-09|71
Sergio|Pérez|1985-04-24|41
Lucía|Vega|1948-12-29|77
Diego|Molina|1989-08-18|36
Elena|Hernández|1991-10-15|34
Eduardo|Silva|1995-08-09|30
Juan|Rojas|1999-10-18|26
Gabriela|González|1971-11-24|54
Gabriela|Martínez|1990-05-31|35
Claudia|Aguilar|1987-11-29|38
Elena|Torres|1988-06-10|37
Patricia|Delgado|2007-10-09|18
José|Ruiz|1999-12-10|26
Laura|Ortiz|1970-08-11|55
Rafael|Medina|1954-02-15|72
Rosa|Flores|1978-08-26|47
Lucía|Guerrero|1968-05-27|57
Lucía|Ruiz|1997-01-05|29
Diego|Ortega|1977-09-16|48
Patricia|Rojas|1997-09-22|28
Carlos|Ramírez|1963-12-23|62
Diego|Hernández|1973-02-08|53
Sofía|Guerrero|1947-08-30|78
Mario|Mendoza|1998-10-08|27
Verónica|Ríos|2003-02-17|23
Sandra|Reyes|1997-02-23|29
Adriana|Vega|1968-03-06|58
Pablo|Navarro|1984-06-30|41
Manuel|Delgado|1968-07-25|57
Cristina|Fuentes|1994-12-06|31
Lucía|Suárez|2004-03-03|22
Rafael|Álvarez|1995-04-04|31
Valentina|Díaz|1985-08-23|40
Juan|González|1958-03-22|68
Pablo|Castillo|1974-04-25|52
Pablo|Martínez|1974-01-28|52
Sergio|Molina|1963-11-06|62
Rafael|Martínez|1995-07-21|30
Pablo|Medina|1986-09-27|39
Laura|Álvarez|1977-08-01|48
María|Medina|1946-10-14|79
Pedro|García|1957-05-12|69
Sergio|Molina|1979-03-11|47
Javier|Díaz|1975-08-07|50
Pedro|Ortega|1952-04-21|74
Pablo|Díaz|2004-04-03|22
Mario|Gómez|1970-10-15|55
Carmen|García|1968-11-17|57
Andrés|Guerrero|2008-04-14|18
Luis|Jiménez|1996-07-30|29
Cristina|Castillo|1949-03-20|77
Roberto|Rojas|1986-02-04|40
Natalia|Jiménez|1964-12-20|61
Eduardo|Castro|1987-05-22|38
María|Suárez|1993-05-04|33
Pablo|Castro|1995-12-07|30
Eduardo|Ríos|1956-09-01|69
Elena|Ramos|1964-04-28|62
Diego|González|1999-10-25|26
Elena|Castillo|1995-08-23|30
Claudia|Ortiz|1951-12-21|74
Luis|Castillo|1981-11-27|44
Ricardo|Ramírez|1986-07-30|39
Carlos|Rivera|1976-10-27|49
Laura|García|1976-09-15|49
Rosa|Medina|1951-08-31|74
Laura|Ortega|1993-12-28|32
Diego|Rojas|1961-06-28|64
Patricia|Ramírez|2002-11-05|23
Javier|Cruz|1950-06-20|75
José|Navarro|1956-03-15|70
Alejandro|Ruiz|1985-01-29|41
Claudia|Romero|1950-08-07|75
Ana|Ramírez|2005-02-25|21
Cristina|Medina|1985-04-24|41
Alejandro|Rivera|1991-11-18|34
Sofía|Rivera|1978-06-23|47
Lucía|Silva|1975-06-07|50
Adriana|Rodríguez|1999-06-13|26
Diego|Guerrero|2006-12-11|19
Mónica|Ruiz|1964-03-04|62
Manuel|Rivera|1948-06-12|77
Cristina|Medina|1952-06-03|73
Natalia|Aguilar|1990-05-15|36
Roberto|Martínez|2008-04-02|18
Lucía|Gómez|1983-04-19|43
Diego|Reyes|1958-06-26|67
Natalia|Navarro|2004-05-07|22
Rafael|Torres|1983-01-02|43
Elena|Rojas|1993-01-12|33
Rosa|Pérez|1962-11-22|63
Alejandro|Hernández|1954-07-09|71
Sofía|Vega|1999-01-19|27
Pedro|Torres|1946-06-02|79
Mario|Rojas|2005-08-21|20
Juan|Silva|1949-06-11|76
Alejandro|Reyes|1991-11-25|34
José|Navarro|1999-07-22|26
Diana|Flores|1948-12-10|77
Claudia|Fuentes|1979-05-18|47
Andrés|Díaz|1986-10-02|39
Héctor|Navarro|1985-01-29|41
Valentina|Molina|1996-03-10|30
Andrés|Suárez|1999-02-09|27
Gabriela|Jiménez|2002-09-29|23
Carmen|Suárez|1979-09-28|46
Mario|Ruiz|1951-01-14|75
Fernando|Guerrero|1994-09-04|31
Héctor|Vega|1969-12-12|56
Carlos|Sánchez|1988-12-21|37
Adriana|Ramos|1989-06-27|36
Ana|Molina|1968-02-19|58
Eduardo|Jiménez|1967-03-02|59
Diego|Rojas|1984-10-02|41
Valentina|Guerrero|1953-11-22|72
Rosa|Rojas|2008-04-01|18
Laura|Rojas|1955-08-18|70
Mario|Ortiz|1983-11-24|42
José|González|1964-01-02|62
Ricardo|Morales|1957-01-17|69
Valentina|López|1999-07-23|26
Diana|Reyes|1995-12-21|30
Adriana|Ruiz|1988-06-16|37
Andrés|Ortega|1946-12-14|79
Juan|Suárez|1975-03-19|51
Carmen|García|1995-03-15|31
Alejandro|Castro|1967-04-27|59
Sofía|Vega|1979-06-15|46
Rafael|Vargas|1963-01-22|63
Adriana|Pérez|2003-04-23|23
Alejandro|Fuentes|1977-09-19|48
Patricia|Morales|1987-07-07|38
Rosa|Romero|1947-08-06|78
Héctor|Suárez|1964-03-14|62
Juan|Sánchez|1948-02-02|78
Sandra|Romero|1975-11-20|50
Héctor|Ortega|1995-04-02|31
Javier|Vega|1979-03-04|47
Adriana|Ruiz|1989-12-26|36
Javier|Morales|1948-04-08|78
Isabel|Medina|1955-05-21|70
Pablo|Ríos|1972-05-30|53
Gabriela|Díaz|1949-10-05|76
Luis|Reyes|2002-07-18|23
Mario|Suárez|1996-08-02|29
Elena|Romero|2004-11-17|21
Adriana|Ramírez|1999-07-11|26
Ricardo|Pérez|1990-04-26|36
Rafael|López|2007-08-07|18
Pedro|Rivera|1995-01-08|31
Sofía|Cruz|1996-10-15|29
María|Reyes|1970-06-25|55
Isabel|Silva|1959-09-30|66
Roberto|Romero|1992-09-20|33
Diana|Guerrero|1964-05-01|62
Patricia|Medina|2007-08-06|18
Gabriela|Fuentes|2008-05-16|18
Cristina|Ortega|1961-11-07|64
Rosa|Aguilar|1948-05-15|78
María|Fuentes|2002-01-07|24
José|Rivera|1982-05-03|44
Cristina|Ramos|1981-10-05|44
Natalia|Romero|1956-04-18|70
Adriana|Ortiz|1986-03-25|40
Rosa|Hernández|1986-11-15|39
Verónica|Pérez|1952-05-27|73
Verónica|Medina|1984-06-25|41
Laura|Fuentes|1952-04-09|74
Mónica|Rodríguez|1951-09-23|74
Carmen|Silva|1957-05-26|68
Rosa|Castillo|1975-06-22|50
Héctor|Molina|1997-08-24|28
Diana|Reyes|1951-11-24|74
Fernando|Díaz|2005-09-10|20
Javier|González|1956-03-11|70
Carlos|Ruiz|1970-05-14|56
Juan|Silva|1993-03-03|33
Verónica|Cruz|1988-02-03|38
Sergio|Silva|1992-07-02|33
Manuel|Ortega|1965-01-26|61
Ana|García|1992-10-07|33
Patricia|Suárez|1966-01-23|60
Sandra|Torres|1953-11-10|72
Pablo|Cruz|1959-04-20|67
Diana|Martínez|1992-06-23|33
María|Ramos|1952-04-26|74
Laura|Rodríguez|1971-01-22|55
Miguel|Silva|1990-06-03|35
Andrés|Ramírez|1991-03-07|35
Patricia|Cruz|1977-11-04|48
Valentina|Molina|1994-04-16|32
Miguel|Vargas|1975-08-22|50
Natalia|Ríos|1953-04-10|73
Sofía|Hernández|1978-01-07|48
Andrés|Sánchez|1978-06-09|47
Gabriela|Morales|1955-05-11|71
Miguel|Díaz|1976-03-20|50
Manuel|López|1978-01-30|48
Carlos|Castro|1948-02-10|78
Sergio|Torres|1976-12-10|49
Alejandro|Romero|1993-04-08|33
Miguel|González|1982-02-22|44
Cristina|Vega|2001-07-06|24
Adriana|Flores|2007-03-03|19
Mario|González|2004-09-19|21
Isabel|Castillo|1983-07-14|42
Sergio|Molina|1992-03-07|34
Rosa|Vargas|2001-03-03|25
Alejandro|Hernández|1957-08-30|68
Patricia|Ríos|1978-05-04|48
Cristina|Fuentes|1983-11-15|42
María|Reyes|1997-07-31|28
Manuel|Cruz|1977-05-28|48
Rafael|Suárez|1980-03-13|46
Verónica|Mendoza|1947-11-04|78
Alejandro|Pérez|2004-02-02|22
Ana|Mendoza|1966-02-14|60
Gabriela|Díaz|1957-02-07|69
Héctor|Martínez|1947-02-07|79
Miguel|Morales|1965-05-03|61
María|Vargas|1975-06-24|50
Adriana|Vega|2004-04-07|22
Andrés|Reyes|1986-08-06|39
Carlos|Pérez|1991-09-03|34
Eduardo|Flores|1970-11-04|55
Diana|Flores|2007-01-07|19
Sandra|Medina|1955-04-02|71
Sofía|Rivera|1984-02-26|42
Lucía|Delgado|2003-11-15|22
Diego|Ortega|1970-09-12|55
Rosa|Flores|2006-11-17|19
Alejandro|Aguilar|2000-08-25|25
José|Ortiz|1969-10-02|56
Sofía|Molina|2000-06-17|25
Ricardo|Ramos|1975-03-04|51
Natalia|Aguilar|1993-11-30|32
Isabel|Gómez|1997-11-26|28
Eduardo|Ruiz|1961-11-15|64
Sofía|Ramírez|1989-02-18|37
Juan|Ramírez|1998-03-01|28
Fernando|López|1955-10-26|70
Rafael|Suárez|1958-03-15|68
Pedro|Ruiz|1965-11-10|60
Mario|Navarro|1952-04-23|74
Manuel|Mendoza|1963-06-01|62
Sergio|Castillo|1974-07-08|51
Elena|Suárez|2003-11-29|22
Isabel|Navarro|1998-01-29|28
Cristina|Aguilar|2002-10-06|23
Javier|Ruiz|1974-12-03|51
Natalia|García|1947-05-02|79
Miguel|Cruz|2002-06-06|23
María|Guerrero|1975-09-02|50
Claudia|Álvarez|1966-11-07|59
Gabriela|Rojas|2004-01-08|22
Pablo|Morales|1997-10-08|28
José|Gómez|1980-04-11|46
Andrés|Vega|1975-12-31|50
Pablo|Castro|2001-12-12|24
Eduardo|Álvarez|1962-01-17|64
Manuel|Castro|1993-05-05|33
Laura|Suárez|2006-07-16|19
Sofía|Guerrero|1953-08-18|72
Miguel|Ríos|1967-02-22|59
Adriana|Vargas|2004-04-08|22
Fernando|Aguilar|1992-12-31|33
Sandra|Ramos|1964-11-04|61
Eduardo|Reyes|1979-02-07|47
Elena|Castillo|1990-07-04|35
Ana|Flores|1969-07-15|56
Andrés|Ríos|2008-05-06|18
Alejandro|Rodríguez|1963-08-10|62
Cristina|Rojas|1983-03-27|43
Isabel|Álvarez|1975-05-08|51
Mario|Martínez|1997-02-13|29
Juan|Molina|1960-09-22|65
Sandra|Romero|1962-12-25|63
Manuel|Silva|1961-10-22|64
Pablo|Navarro|1991-10-28|34
Claudia|Morales|1971-04-27|55
Laura|Rodríguez|1957-05-30|68
Sergio|Gómez|2001-06-24|24
Miguel|Rivera|1997-02-22|29
Lucía|Molina|2007-02-18|19
Gabriela|Navarro|1986-10-05|39
Ricardo|Pérez|1995-12-10|30
Alejandro|Ruiz|1991-02-13|35
María|Gómez|1947-10-05|78
Eduardo|Castillo|1973-03-27|53
Isabel|Morales|1984-07-21|41
Mario|Hernández|1995-10-28|30
Elena|Silva|1947-10-02|78
Pablo|Cruz|1975-12-26|50
Natalia|Ruiz|1970-04-01|56
Valentina|Pérez|1950-09-07|75
Miguel|García|1954-05-06|72
Claudia|López|1950-04-26|76
Gabriela|Ortega|2008-04-07|18
Sergio|Morales|1963-10-24|62
Manuel|Navarro|1947-07-12|78
Luis|Díaz|2008-05-09|18
Valentina|López|1963-10-17|62
Juan|Álvarez|1994-03-05|32
Javier|Ruiz|1994-11-16|31
Carlos|Suárez|1999-02-09|27
Javier|Torres|1947-12-31|78
Juan|Martínez|1984-01-18|42
Mónica|Ramírez|2002-12-16|23
José|Delgado|1949-07-21|76
Andrés|Mendoza|2003-03-29|23
Javier|Romero|1980-08-10|45
Roberto|Díaz|1998-10-24|27
Alejandro|Torres|1946-12-29|79
Rafael|Delgado|1971-09-22|54
Patricia|Silva|2005-02-26|21
Diego|Martínez|1990-12-22|35
Sergio|Morales|1974-05-08|52
Cristina|Castillo|1997-06-24|28
José|Suárez|2003-05-29|22
Mario|Vargas|1953-07-28|72
Roberto|Vega|1991-12-01|34
Alejandro|Díaz|1984-01-18|42
Mónica|Ruiz|1992-12-13|33
Sandra|Guerrero|1981-04-26|45
Andrés|Silva|1990-06-21|35
Claudia|Vega|1979-05-19|47
Héctor|Ríos|1997-10-16|28
Pedro|Martínez|1971-01-07|55
Valentina|Medina|1999-03-11|27
Sergio|Álvarez|1986-01-17|40
Ana|Cruz|1989-11-06|36
Javier|Ramírez|1981-06-01|44
Carlos|Castro|1970-06-09|55
Mónica|García|2007-07-31|18
Diana|Ruiz|1991-07-16|34
Rosa|Torres|1967-02-03|59
Miguel|Suárez|1956-10-30|69
Ricardo|Jiménez|1997-03-22|29
Natalia|Ortiz|1996-05-10|30
Fernando|Molina|1988-12-04|37
Sergio|Fuentes|1971-02-14|55
Rosa|Castro|1948-10-30|77
Diego|Aguilar|1950-05-29|75
Fernando|Romero|1949-03-20|77
Laura|Martínez|1965-06-10|60
Patricia|Sánchez|1982-06-30|43
Roberto|Medina|1952-03-22|74
Manuel|Rodríguez|1954-02-04|72
Pedro|Silva|1967-06-07|58
Sergio|Rodríguez|2002-06-02|23
Mario|Delgado|1984-09-06|41
Verónica|Mendoza|1971-10-20|54
Ana|Molina|1995-10-13|30
Cristina|Torres|1955-11-15|70
Eduardo|Gómez|1961-04-06|65
Manuel|Vega|1996-10-03|29
Diana|Ruiz|2006-09-16|19
Héctor|Suárez|1985-03-20|41
Eduardo|Flores|1969-04-19|57
Carlos|Medina|1976-04-01|50
Pedro|García|1964-10-21|61
Isabel|Morales|1972-04-23|54
Manuel|Hernández|1974-10-17|51
Manuel|Guerrero|1999-10-06|26
Andrés|Morales|1985-04-05|41
Andrés|Suárez|2002-04-24|24
Luis|Rivera|2001-10-17|24
Sandra|Pérez|1998-02-20|28
Sergio|Torres|1961-10-16|64
Diego|Guerrero|1962-01-15|64
Rosa|Castillo|1995-04-08|31
Alejandro|Ramírez|1949-03-15|77
Elena|Medina|1976-05-24|49
Adriana|Romero|1953-09-30|72
Javier|Reyes|1949-07-09|76
Verónica|Rivera|1977-02-15|49
Carmen|Pérez|2001-05-13|25
Mónica|Fuentes|1948-04-03|78
Carmen|Sánchez|1957-08-25|68
Patricia|Silva|1988-10-07|37
Rosa|Suárez|1988-06-21|37
Lucía|Ríos|1964-11-05|61
Juan|Reyes|1974-12-20|51
Javier|Torres|1983-10-10|42
Javier|Delgado|1967-02-13|59
Lucía|Torres|1984-07-31|41
Rosa|Vega|1954-05-14|72
Mario|Ramos|1976-02-21|50
Elena|Molina|1997-09-21|28
Fernando|Reyes|1983-10-24|42
Diana|Pérez|1994-01-26|32
José|Delgado|1974-10-11|51
María|Molina|1949-11-16|76
Rosa|Ortiz|1953-09-12|72
Claudia|Navarro|1965-07-31|60
Cristina|Suárez|2003-01-05|23
José|Rivera|1991-02-28|35
María|Ramos|1962-06-02|63
Alejandro|Guerrero|2005-01-28|21
Juan|López|1962-03-22|64
Javier|Álvarez|1964-11-25|61
Pablo|Navarro|1977-11-13|48
José|Medina|1958-12-25|67
Claudia|Reyes|1977-11-11|48
Natalia|Ramos|1954-08-31|71
Mónica|Reyes|2000-09-20|25
Ana|Sánchez|1949-10-26|76
Natalia|Silva|1957-08-02|68
Alejandro|Reyes|2002-10-10|23
Carmen|Silva|1957-08-31|68
Carlos|Ortiz|1956-05-27|69
Pablo|López|1983-11-03|42
Isabel|Castro|1993-10-28|32
Manuel|Martínez|1948-11-27|77
Manuel|Castillo|2001-02-25|25
Laura|Mendoza|1949-05-15|77
Isabel|Vargas|1997-05-06|29
Mario|Molina|1963-06-22|62
Diana|Morales|1967-04-26|59
Mario|Castro|1982-01-16|44
Miguel|Vega|1993-07-27|32
Mario|Ortega|1998-03-23|28
Luis|Ruiz|1947-07-15|78
José|Ramírez|2000-09-05|25
Lucía|Aguilar|1950-01-03|76
Rafael|Castro|1949-06-27|76
María|Martínez|1992-01-31|34
Mónica|Navarro|1987-03-09|39
Ana|Vega|1963-01-22|63
Juan|Ramos|1995-09-10|30
Elena|Navarro|1955-06-17|70
Cristina|Medina|1954-02-12|72
Carlos|Sánchez|2002-06-26|23
José|Rivera|1953-09-21|72
Sandra|Ramos|1998-01-02|28
Mario|González|2001-02-15|25
Diana|Fuentes|1979-11-06|46
Mario|Silva|1953-07-28|72
Ana|Torres|1986-12-06|39
Cristina|Ortega|1952-06-25|73
Andrés|Ramírez|1946-08-11|79
José|Rojas|1986-06-02|39
Laura|Aguilar|1960-11-15|65
Verónica|Rivera|1972-05-14|54
Carmen|Suárez|1969-01-24|57
Andrés|Navarro|1993-08-28|32
Isabel|Romero|1956-11-12|69
Mónica|Rivera|2007-06-02|18
José|Rojas|1957-01-19|69
Juan|Rojas|1948-03-23|78
Roberto|Silva|1972-01-29|54
Adriana|Castro|1971-10-15|54
Mario|Rivera|1981-03-02|45
Héctor|Pérez|1954-08-01|71
Sergio|Castillo|1993-03-29|33
Rosa|Gómez|1970-12-24|55
Diego|Rivera|1975-11-03|50
Eduardo|Morales|1978-08-10|47
Juan|Ortiz|1981-03-24|45
Lucía|Jiménez|1988-04-16|38
Manuel|Díaz|1981-07-12|44
Héctor|Rivera|2004-09-15|21
Eduardo|García|2004-10-25|21
Valentina|Flores|1949-02-27|77
Patricia|Castillo|1990-06-16|35
Mónica|Mendoza|2006-07-12|19
Carlos|Reyes|1985-06-11|40
Verónica|Ortega|1974-04-01|52
José|Cruz|1972-07-22|53
Ricardo|Medina|1956-06-18|69
Eduardo|López|1948-07-23|77
Diana|Delgado|1971-07-06|54
Isabel|Flores|1957-01-09|69
Ricardo|Torres|1947-07-08|78
Diana|Vargas|1996-04-25|30
Javier|Rivera|1953-04-24|73
Diego|Hernández|1991-05-03|35
Isabel|Ramos|1999-08-23|26
José|Sánchez|1952-08-23|73
Gabriela|Vargas|2007-08-03|18
María|López|1992-10-26|33
Ricardo|Ramírez|1963-11-17|62
Héctor|Castillo|1986-11-17|39
Rafael|Romero|1972-08-04|53
Pablo|Ortega|2004-04-04|22
Pablo|Ruiz|1977-07-23|48
Adriana|Gómez|1994-12-27|31
Natalia|Ruiz|1949-03-02|77
Elena|Suárez|1971-02-17|55
Isabel|Vargas|1969-07-11|56
Pedro|Medina|1956-03-30|70
Gabriela|Ramos|1986-08-15|39
Patricia|Rodríguez|2007-03-04|19
Mónica|García|1970-03-29|56
Verónica|Rivera|1993-09-16|32
Eduardo|Ríos|1962-12-29|63
Rafael|Romero|1984-01-26|42
Eduardo|Aguilar|1994-11-04|31
Roberto|Gómez|1991-10-21|34
Rosa|Castillo|2006-06-22|19
Ana|Sánchez|1983-02-12|43
Ricardo|Aguilar|1953-05-22|72
Sofía|López|1965-06-16|60
Natalia|Torres|1969-02-05|57
Sandra|Guerrero|1996-01-19|30
Diana|Jiménez|1957-05-10|69
Fernando|Pérez|1979-07-16|46
Gabriela|Guerrero|1981-07-28|44
Ricardo|Reyes|2004-05-02|22
Ana|González|2007-07-02|18
Juan|Medina|1990-05-19|36
Javier|Morales|1961-08-23|64
Gabriela|Pérez|1984-03-27|42
Alejandro|Ortiz|1960-02-10|66
Valentina|Vargas|1947-10-27|78
Eduardo|Rivera|1990-04-02|36
Diego|Molina|1997-05-17|29
Mónica|Rojas|1971-12-13|54
Rafael|Rivera|2004-11-22|21
Cristina|Suárez|1949-05-01|77
Elena|Morales|1952-11-17|73
Juan|Martínez|1988-04-24|38
Rafael|Mendoza|1953-03-06|73
Luis|Castillo|1955-11-11|70
Cristina|Ramos|1961-02-11|65
María|Silva|1981-06-18|44
José|Vega|1958-07-13|67
Gabriela|Delgado|1984-12-16|41
Diego|Vega|1964-06-21|61
Juan|Ramírez|1969-05-07|57
Héctor|Gómez|1967-04-03|59
Ana|Jiménez|1982-12-23|43
Sergio|Fuentes|1966-11-02|59
Luis|Rodríguez|1948-03-07|78
Miguel|Ruiz|1981-08-01|44
Pedro|Flores|1976-07-06|49
Alejandro|Gómez|1961-07-30|64
Fernando|Guerrero|1980-06-22|45
Elena|Reyes|1999-03-12|27
Héctor|Mendoza|2006-06-12|19
Mónica|Fuentes|1987-05-22|38
Mario|Molina|1980-06-05|45
Mario|Sánchez|2003-07-18|22
Lucía|Guerrero|1955-12-14|70
Adriana|Ramírez|1976-06-22|49
Mario|Vargas|1979-07-08|46
Valentina|Rojas|1992-08-18|33
Miguel|Ruiz|1978-08-26|47
Javier|Álvarez|1998-02-17|28
Manuel|Rojas|2007-08-25|18
Mónica|Álvarez|1992-09-26|33
Rosa|González|1949-05-30|76
José|Silva|1968-10-11|57
Sergio|González|1996-12-20|29
Verónica|Silva|1949-01-07|77
Verónica|Navarro|1983-02-22|43
Sofía|Cruz|1976-04-18|50
Laura|Ortega|2001-07-31|24
Ricardo|Medina|1977-12-27|48
Diana|Flores|1964-05-20|61
Isabel|Mendoza|1992-04-14|34
Patricia|Vargas|1967-10-25|58
Roberto|Vargas|1993-05-31|32
Mónica|Díaz|1956-05-16|70
Mónica|Reyes|2007-09-19|18
Andrés|Ramírez|1977-05-31|48
Laura|López|1965-04-27|61
Laura|Morales|1960-11-14|65
Laura|Romero|1952-04-06|74
José|González|1967-08-24|58
Natalia|Aguilar|1956-06-13|69
Fernando|Ramírez|1974-02-03|52
Carmen|Sánchez|1985-12-04|40
Natalia|Torres|1981-05-01|45
Sofía|Romero|1959-07-24|66
Valentina|Vega|1984-11-26|41
Lucía|Vega|1982-04-08|44
Mónica|Sánchez|2004-03-03|22
Claudia|Rivera|1960-12-25|65
Sandra|Vargas|1980-09-06|45
Rosa|Delgado|1958-05-27|67
Héctor|Castillo|1999-04-24|27
Mónica|Castillo|1980-11-24|45
Héctor|Suárez|1974-02-04|52
Andrés|Díaz|1995-03-02|31
Valentina|Hernández|2000-04-06|26
Valentina|Cruz|1953-03-05|73
Javier|Torres|1963-09-03|62
Patricia|Sánchez|1953-02-06|73
Javier|Ramos|1990-03-15|36
Rafael|Ruiz|1956-11-13|69
Carlos|González|1949-03-17|77
Sergio|Rojas|1951-04-16|75
Diego|Torres|1953-12-03|72
Gabriela|García|2001-09-23|24
Natalia|Castillo|2004-07-11|21
Mónica|Vega|2004-08-04|21
Isabel|Sánchez|2001-12-17|24
Miguel|Jiménez|1948-09-20|77
Carmen|Vargas|1949-02-23|77
Roberto|Hernández|1966-05-30|59
Cristina|Ríos|1948-06-03|77
Adriana|Torres|1950-04-10|76
Pedro|Suárez|1950-08-03|75
María|Suárez|1965-01-28|61
María|Molina|1976-02-06|50
José|Flores|1974-06-03|51
Luis|Morales|1978-09-02|47
Alejandro|Hernández|1960-08-29|65
Sandra|Suárez|1955-07-18|70
Mónica|Ruiz|1995-02-12|31
Carmen|Rojas|2005-12-06|20
Carmen|Guerrero|1975-09-27|50
Héctor|Delgado|1998-06-30|27
Rafael|Martínez|1971-10-16|54
Patricia|González|2000-10-28|25
Andrés|Fuentes|2008-05-06|18
Sandra|Morales|1987-03-14|39
Mario|Ortega|1977-04-29|49
Elena|Ramos|1976-07-08|49
Verónica|Vargas|1964-02-12|62
Carmen|Ortega|2007-04-09|19
Ana|Castro|1964-03-21|62
Claudia|Torres|1968-08-28|57
Juan|Fuentes|1992-08-18|33
Miguel|Reyes|1992-01-16|34
Luis|Pérez|2006-07-06|19
Javier|González|1983-10-26|42
Andrés|Flores|1967-03-14|59
Verónica|Vega|1997-03-24|29
Rafael|Medina|1957-11-19|68
Mario|Medina|1946-12-23|79
Gabriela|Medina|1969-05-07|57
Patricia|Reyes|1978-04-15|48
Pablo|Guerrero|2000-11-03|25
Juan|Ramos|1957-03-02|69
Luis|Jiménez|1996-12-28|29
Claudia|González|1959-03-08|67
Javier|Ramos|2000-08-09|25
Pablo|Mendoza|2006-09-01|19
Juan|Mendoza|1996-12-19|29
Adriana|Pérez|1992-06-25|33
Isabel|Delgado|1988-12-06|37
Miguel|García|1963-08-25|62
Patricia|Aguilar|1985-07-08|40
Javier|Suárez|1987-09-15|38
Pedro|Fuentes|1998-02-25|28
Patricia|Aguilar|1967-11-25|58
Elena|Gómez|1977-04-19|49
Rosa|Fuentes|2003-08-29|22
Patricia|Martínez|2001-08-27|24
Manuel|Ramos|1948-12-24|77
Alejandro|Álvarez|1981-08-13|44
Ana|Ruiz|1961-01-27|65
Manuel|Torres|1977-12-22|48
Sergio|Romero|1955-12-30|70
Diana|Castro|1996-11-30|29
Eduardo|Pérez|1954-04-04|72
Adriana|Romero|2003-05-17|23
Rosa|Flores|1963-09-23|62
Lucía|Martínez|1946-10-10|79
Miguel|Vargas|1994-07-12|31
Valentina|Rivera|1951-05-12|75
Diego|Rodríguez|2007-05-15|19
Eduardo|López|1959-03-11|67
Javier|Pérez|2008-01-06|18
Luis|Silva|1999-11-10|26
Luis|Ríos|1986-01-26|40
Carlos|Aguilar|1976-01-30|50
Natalia|Jiménez|1995-04-06|31
Adriana|Morales|1987-02-13|39
María|Pérez|1975-07-23|50
José|Fuentes|2005-02-27|21
Eduardo|Castillo|1978-06-19|47
Roberto|Vargas|1984-03-19|42
Juan|Morales|1962-09-26|63
Fernando|Vega|2007-02-21|19
José|Hernández|1950-03-05|76
Fernando|Pérez|1995-11-04|30
Miguel|López|1986-10-31|39
Diana|Molina|1958-01-19|68
Juan|Díaz|1971-06-24|54
Diana|Sánchez|1976-08-08|49
Diego|Flores|1998-11-08|27
Alejandro|Castro|2007-09-03|18
Eduardo|Ortega|1956-11-03|69
Andrés|Rivera|1986-07-28|39
Roberto|García|1955-09-26|70
Diego|González|1985-08-13|40
Carlos|Ramos|1991-10-25|34
Laura|Medina|1968-11-29|57
Alejandro|García|1990-09-14|35
Gabriela|Álvarez|1959-02-17|67
Miguel|Ríos|1956-08-27|69
Mario|Gómez|1978-06-27|47
Diego|Ruiz|1999-04-17|27
Natalia|Ramírez|1995-06-30|30
Javier|Morales|1950-12-12|75
Lucía|Torres|1974-09-23|51
Mónica|Morales|1995-06-19|30
Elena|Torres|2005-10-15|20
Cristina|Castro|1983-01-08|43
José|Fuentes|1980-11-18|45
Luis|Jiménez|1988-06-13|37
Rafael|Ruiz|1996-12-06|29
Verónica|Molina|1967-12-13|58
Isabel|Flores|1961-04-22|65
Carmen|Vega|2004-12-28|21
Ricardo|Fuentes|1986-02-20|40
Pablo|Vega|1993-01-17|33
Sofía|Castro|1980-02-17|46
Rafael|Molina|1991-03-08|35
Rafael|García|1976-08-05|49
Carlos|Ortiz|1959-10-08|66
Juan|Ortega|2002-08-07|23
Elena|López|1978-06-25|47
Pedro|Vega|1977-11-16|48
Diana|Castro|1952-10-22|73
Javier|Vega|1989-12-30|36
Fernando|Vargas|2005-06-16|20
Rosa|Romero|2005-09-28|20
Héctor|Díaz|1954-06-20|71
Rosa|Castro|1984-07-27|41
Héctor|Navarro|1960-06-20|65
Luis|Medina|1995-11-16|30
Carlos|Hernández|1981-03-14|45
Luis|Ramírez|1957-06-04|68
María|Flores|1966-04-10|60
Javier|Jiménez|1972-11-14|53
María|Romero|2002-04-20|24
Héctor|Silva|1990-03-04|36
Eduardo|Castro|1972-04-26|54
José|González|1994-11-26|31
Valentina|Reyes|1993-08-03|32
Valentina|Ruiz|1952-12-04|73
Gabriela|Fuentes|1972-11-23|53
Elena|Ortiz|1986-01-07|40
José|Martínez|2004-07-20|21
Roberto|Jiménez|1955-02-19|71
Sofía|Pérez|2007-10-15|18
Laura|Morales|1971-03-27|55
Mario|Ramírez|1964-12-27|61
Pedro|Martínez|1956-08-02|69
Mario|Cruz|1986-04-26|40
Miguel|Castro|2000-11-19|25
Sergio|Delgado|1977-08-06|48
Fernando|Vega|1956-03-05|70
Adriana|Ruiz|1984-12-07|41
Claudia|Castillo|1992-09-02|33
Natalia|Álvarez|1965-08-08|60
Sofía|Reyes|1960-03-15|66
Sergio|Guerrero|1963-10-06|62
Fernando|Morales|1973-01-21|53
Ricardo|Jiménez|1948-03-05|78
José|Medina|1983-07-01|42
Luis|Jiménez|1955-03-15|71
Isabel|Sánchez|1950-07-31|75
Diego|Castillo|1993-10-23|32
Manuel|Castro|1955-09-19|70
Sergio|López|1951-02-02|75
Claudia|Gómez|1968-01-23|58
Fernando|Vega|1990-03-18|36
Héctor|Álvarez|1977-05-16|49
Mónica|Flores|1956-03-01|70
Ana|Ríos|1975-05-23|50
Mario|Silva|1962-11-30|63
Elena|Sánchez|2008-03-25|18
Laura|Sánchez|1963-08-11|62
Rosa|Molina|1956-04-03|70
Laura|Flores|1978-08-02|47
Rafael|Ríos|1981-03-02|45
Diana|Medina|2002-10-06|23
Alejandro|Castillo|1953-07-19|72
Claudia|Álvarez|1998-08-17|27
Sofía|Rodríguez|1977-09-04|48
Ricardo|Hernández|1951-03-29|75
Natalia|García|1949-06-04|76
Patricia|García|1982-02-09|44
Carlos|Jiménez|1995-07-26|30
Laura|Flores|2001-08-08|24
Luis|Hernández|1957-01-04|69
Pedro|Torres|2002-12-18|23
Mario|Castillo|1994-11-20|31
Mario|Ruiz|1950-02-20|76
Valentina|Gómez|1979-10-14|46
Carlos|Cruz|1969-08-19|56
Mónica|Morales|1983-09-28|42
Carmen|Molina|1958-03-03|68
Eduardo|Ramos|1964-04-18|62
Pedro|Álvarez|1979-05-29|46
Sergio|Navarro|2003-06-14|22
Fernando|Delgado|1993-07-08|32
Diana|Rodríguez|1948-02-26|78
Sandra|López|1987-10-05|38
Eduardo|Ramírez|1999-10-27|26
Andrés|Rodríguez|2008-02-24|18
Gabriela|Delgado|2004-11-30|21
Lucía|Delgado|1990-07-02|35
Isabel|Castillo|1965-11-10|60
Eduardo|Ortega|1954-10-30|71
Sergio|Medina|1983-05-23|42
Andrés|Jiménez|1974-07-16|51
Eduardo|Ramos|1950-05-08|76
Manuel|Medina|1946-10-01|79
Roberto|Ortega|1983-11-02|42
José|García|1992-09-26|33
Fernando|Guerrero|1962-11-02|63
Carlos|Morales|1987-09-13|38
Patricia|Ortiz|1986-10-06|39
Manuel|Ortiz|1982-03-23|44
Mónica|Molina|1954-06-17|71
Luis|Delgado|1979-12-27|46
Adriana|Vargas|1993-03-30|33
Alejandro|Rojas|1966-04-06|60
Carlos|Ramos|1982-10-31|43
José|Morales|1979-07-11|46
Adriana|Vega|1984-11-19|41
Valentina|Ortiz|1992-09-20|33
Lucía|Castro|1963-06-08|62
Juan|Hernández|1991-12-03|34
Claudia|Castillo|2006-07-13|19
Rosa|Ortega|2001-07-22|24
Gabriela|Castro|1978-12-24|47
Miguel|Martínez|1967-05-06|59
José|Morales|1973-04-13|53
Luis|Rodríguez|1996-03-26|30
Rosa|Reyes|1976-12-18|49
Sergio|López|1962-12-02|63
Carlos|Aguilar|1995-06-17|30
Miguel|Vargas|1980-11-20|45
José|Aguilar|1990-08-20|35
Patricia|Gómez|1997-02-03|29
Juan|Rodríguez|1974-07-01|51
Alejandro|Torres|1947-11-27|78
Diego|Delgado|1953-01-21|73
Eduardo|Cruz|1969-05-21|56
Sergio|González|1979-03-31|47
Juan|Hernández|1982-02-11|44
Diana|Rojas|1954-01-01|72
Miguel|Medina|1967-05-27|58
José|Rojas|1982-12-19|43
Cristina|Romero|2002-02-23|24
Diego|Rodríguez|1957-06-23|68
Miguel|Ríos|1995-04-02|31
Sergio|Aguilar|1977-07-13|48
Lucía|Silva|1964-12-09|61
Diana|Reyes|2001-10-19|24
Héctor|Rodríguez|1949-07-09|76
Carmen|Sánchez|1956-02-09|70
Ricardo|Aguilar|1949-06-27|76
Cristina|Molina|1954-02-06|72
Cristina|Torres|1969-10-18|56
Rosa|Rojas|1946-08-07|79
Verónica|Jiménez|1955-05-08|71
Isabel|Ortiz|1963-10-11|62
Isabel|Díaz|1962-05-23|63
Valentina|Sánchez|1954-10-07|71
Ricardo|Morales|1990-09-12|35
Eduardo|Ramos|1947-01-22|79
María|Reyes|1999-01-15|27
Pedro|Álvarez|1962-04-05|64
Claudia|Ríos|1981-04-17|45
Ricardo|Delgado|1968-12-24|57
Verónica|Aguilar|1960-01-27|66
Elena|Rivera|1977-06-03|48
Javier|Molina|1950-12-12|75
Sandra|Rivera|1995-08-10|30
Ana|Castillo|1947-10-22|78
Patricia|Ramos|1953-12-20|72
Manuel|Jiménez|1955-10-12|70
Laura|Rodríguez|1995-08-27|30
Juan|Ramos|2003-05-07|23
María|Ríos|1973-05-13|53
Miguel|González|1981-01-30|45
Patricia|Castro|1983-06-15|42
Claudia|Ruiz|2001-01-08|25
Verónica|Morales|1972-09-10|53
Sandra|Fuentes|1962-06-07|63
Luis|Jiménez|2006-09-18|19
Juan|Álvarez|1952-03-15|74
Andrés|Hernández|2004-10-29|21
Carmen|Castillo|1947-02-12|79
Rafael|Rodríguez|2001-07-20|24
José|Castillo|2002-02-18|24
Mónica|Ríos|1981-02-16|45
Manuel|Aguilar|1995-01-25|31
Diego|Rojas|1997-11-30|28
Sergio|Ortiz|1991-08-11|34
Diana|Suárez|1963-01-02|63
Lucía|Molina|1971-04-09|55
Ana|Castro|2004-02-09|22
Isabel|Castro|1970-05-06|56
Sergio|Romero|2004-08-05|21
Juan|Ruiz|1949-10-24|76
Gabriela|Ortiz|1950-10-13|75
Sandra|Morales|1989-01-06|37
Cristina|Flores|1959-03-08|67
Fernando|Sánchez|1985-01-11|41
Mario|Ortiz|1975-08-10|50
Mario|Morales|1971-06-30|54
Manuel|Mendoza|1986-11-02|39
Eduardo|Jiménez|1997-07-31|28
Pedro|Sánchez|1993-05-13|33
Carmen|Jiménez|1965-05-20|60
Adriana|Rivera|1991-01-20|35
Claudia|Guerrero|1978-12-15|47
Pablo|Navarro|1968-10-07|57
Rafael|Ríos|1973-09-18|52
Sergio|Díaz|2001-11-01|24
Javier|Álvarez|1963-02-10|63
Adriana|Suárez|1967-08-01|58
Rosa|Ortega|1980-10-04|45
Mónica|Vega|1979-05-05|47
Sandra|Rojas|2000-01-28|26
Fernando|Ramos|1968-05-19|58
Rosa|Vega|1993-12-25|32
Laura|Jiménez|2000-12-23|25
Miguel|Molina|1971-01-25|55
Miguel|Ramos|1975-12-05|50
Adriana|Gómez|1956-06-10|69
Gabriela|Medina|1949-01-21|77
Diana|Medina|1985-12-14|40
Pedro|Guerrero|1983-07-09|42
Rosa|Ríos|1946-10-19|79
Diana|Suárez|1956-04-05|70
Elena|Cruz|1962-07-13|63
Alejandro|Suárez|1993-04-13|33
Ana|Suárez|1954-11-10|71
Gabriela|Ramos|1959-03-18|67
Carmen|Morales|1981-11-23|44
Sergio|Suárez|1951-07-06|74
Rosa|Aguilar|2008-01-12|18
Natalia|Ramos|1997-06-22|28
Javier|Vargas|1955-12-05|70
Javier|Rodríguez|1969-01-29|57
Sofía|Ramírez|2007-01-03|19
Adriana|Morales|1997-12-18|28
Sofía|Díaz|1985-05-31|40
Natalia|González|1961-03-19|65
Héctor|Romero|1965-12-09|60
Laura|Vargas|1991-08-30|34
Claudia|Morales|2006-11-15|19
Mónica|Hernández|1961-01-15|65
Patricia|Hernández|1974-06-01|51
Sofía|Romero|1998-03-21|28
Ricardo|Ríos|2002-10-19|23
Javier|Mendoza|1995-07-06|30
Adriana|Rodríguez|1982-10-30|43
Cristina|Delgado|1997-02-03|29
Rafael|Ríos|1962-06-09|63
Claudia|Gómez|2003-03-04|23
Roberto|Ríos|1981-11-22|44
Alejandro|Torres|1954-08-30|71
Laura|Vega|1971-09-27|54
Ricardo|Hernández|1998-12-23|27
Laura|Fuentes|1958-05-13|68
Diego|Castro|1986-06-29|39
Cristina|Ramírez|1961-01-29|65
Javier|Vargas|1969-06-06|56
Verónica|Hernández|1986-08-29|39
Laura|Reyes|1953-10-07|72
Adriana|Morales|1961-09-08|64
Verónica|Delgado|1959-09-20|66
Gabriela|Martínez|1979-02-25|47
Patricia|Romero|1953-01-01|73
Fernando|Mendoza|1975-04-14|51
Mónica|Guerrero|1999-04-18|27
Cristina|Gómez|1960-12-12|65
Pedro|Torres|1990-08-24|35
Patricia|Rodríguez|2007-09-03|18
Carlos|Vargas|1947-07-25|78
José|Delgado|1982-08-23|43
Andrés|Cruz|1996-07-09|29
Cristina|González|1963-04-23|63
Patricia|Ramos|1989-01-13|37
Valentina|Medina|1988-06-14|37
Miguel|Delgado|1955-11-20|70
Javier|Rojas|1994-07-18|31
Diego|Delgado|1988-05-04|38
Verónica|Molina|1976-08-11|49
Isabel|Rojas|1997-06-09|28
Mario|López|2007-09-24|18
Cristina|Ríos|1968-08-10|57
Patricia|Aguilar|2001-01-02|25
Héctor|Castillo|1997-09-15|28
Manuel|Navarro|1988-09-18|37
Laura|Mendoza|2006-11-06|19
Ricardo|Pérez|1988-10-17|37
Luis|Silva|2001-03-18|25
Héctor|Silva|1949-09-12|76
Valentina|Pérez|1969-11-22|56
Miguel|Torres|1954-02-05|72
Natalia|Jiménez|1953-05-30|72
Lucía|Molina|1974-05-02|52
Luis|Ortiz|2004-07-28|21
Alejandro|Reyes|1958-04-17|68
Diego|Vargas|1956-09-27|69
Pablo|Mendoza|1971-01-07|55
Pedro|Romero|1985-08-18|40
Manuel|Mendoza|1989-06-29|36
Diego|Navarro|1963-06-19|62
Andrés|Reyes|1947-08-16|78
Javier|González|1993-12-21|32
Sofía|Molina|1986-12-03|39
Isabel|García|1961-11-23|64
Javier|Ortega|1948-01-29|78
Sergio|Suárez|1971-11-15|54
Patricia|Ortiz|1973-01-13|53
Verónica|Ríos|1993-01-28|33
Adriana|Cruz|1960-05-28|65
Ana|Morales|2004-01-11|22
Lucía|Flores|1979-09-27|46
Carmen|Molina|1974-07-20|51
María|Rojas|1950-05-17|76
Claudia|Morales|1951-01-12|75
Ricardo|Jiménez|2001-05-07|25
Sofía|Rivera|1963-04-03|63
Eduardo|Delgado|1986-12-24|39
Adriana|Rodríguez|1967-04-16|59
Mario|Torres|2005-06-29|20
Isabel|Fuentes|1988-01-13|38
Javier|González|1951-11-25|74
Luis|González|1999-06-29|26
José|Romero|1981-09-09|44
Alejandro|Ortega|1981-07-29|44
Andrés|Sánchez|1957-07-31|68
Carmen|Ruiz|1973-01-31|53
Isabel|Vega|1956-07-16|69
Carlos|Mendoza|1953-11-14|72
Adriana|Ríos|1963-05-25|62
Sofía|Castro|1997-08-24|28
Luis|Delgado|1982-03-06|44
Isabel|Navarro|1999-04-12|27
María|Pérez|1949-08-19|76
Héctor|Hernández|1983-07-10|42
Manuel|Ramos|1971-01-08|55
Eduardo|Navarro|1948-03-25|78
Miguel|Morales|1966-10-03|59
Sofía|Rivera|1964-07-29|61
Eduardo|Sánchez|1969-09-07|56
María|Gómez|1984-11-24|41
Héctor|Sánchez|1975-12-07|50
Eduardo|Morales|1993-11-17|32
Luis|Flores|1948-05-21|77
Elena|Suárez|1982-12-11|43
Sofía|López|1946-12-09|79
Luis|Martínez|1980-03-03|46
Sergio|Aguilar|1978-09-07|47
Carmen|Álvarez|2001-07-11|24
Mario|Ramos|1972-07-29|53
Pedro|Rodríguez|1997-02-23|29
Roberto|Rojas|1987-03-31|39
Pablo|Sánchez|1999-11-23|26
Gabriela|Torres|1970-10-11|55
Cristina|Jiménez|1953-01-27|73
Juan|Díaz|2003-04-22|23
Ana|Díaz|1964-01-14|62
Juan|Guerrero|1956-11-19|69
Pedro|Mendoza|1954-07-28|71
Juan|Castillo|1949-11-19|76
Javier|Martínez|1992-11-20|33
Eduardo|Torres|1996-03-12|30
Sandra|Navarro|1991-08-18|34
Mario|Vargas|1947-10-27|78
Gabriela|Morales|1953-01-17|73
Fernando|Díaz|1979-10-13|46
Isabel|Molina|1964-07-20|61
Lucía|Fuentes|1952-04-25|74
Isabel|Flores|1972-07-09|53
Elena|González|2005-01-21|21
María|Silva|1959-07-02|66
Javier|Ortega|1965-09-10|60
Sandra|Guerrero|1969-06-21|56
Héctor|Reyes|1971-03-19|55
Valentina|Gómez|1975-01-30|51
Natalia|Silva|1948-09-23|77
Juan|Molina|1964-06-01|61
María|Fuentes|1947-03-31|79
Gabriela|Fuentes|1966-06-24|59
Lucía|Gómez|1979-02-08|47
Patricia|Suárez|1998-10-15|27
Diana|García|1950-06-30|75
Patricia|Guerrero|1995-02-18|31
Carlos|Mendoza|1981-05-17|45
Carmen|Vargas|2000-03-13|26
Pedro|Fuentes|2003-06-24|22
María|Vargas|1958-01-05|68
Pedro|López|1966-07-05|59
Manuel|Delgado|1986-05-15|40
Ricardo|Aguilar|1979-01-08|47
Fernando|Díaz|1982-03-07|44
Sandra|Flores|1978-11-27|47
Sergio|Ramos|2007-02-15|19
Isabel|Sánchez|1963-03-06|63
Gabriela|Vargas|2002-10-27|23
Rosa|Vega|1980-05-31|45
Laura|Jiménez|1969-05-29|56
Roberto|Mendoza|1978-11-28|47
Mario|Mendoza|1966-10-29|59
Ana|Vega|1953-03-29|73
Carlos|Pérez|1992-03-28|34
Sofía|Torres|1990-12-20|35
Carlos|Jiménez|2006-06-18|19
Laura|Flores|1988-01-04|38
Manuel|Rojas|1963-06-07|62
Javier|Jiménez|1951-08-24|74
Eduardo|Navarro|1990-07-08|35
Alejandro|Sánchez|2003-05-14|23
Ana|Morales|2000-10-22|25
Juan|Ramírez|1946-06-01|79
Ana|Rivera|2004-06-14|21
Mario|Romero|1995-05-02|31
Sofía|Martínez|1988-10-15|37
Manuel|Gómez|1952-05-12|74
Fernando|Vega|1978-10-21|47
Eduardo|González|1997-09-15|28
Manuel|Pérez|1984-06-10|41
Javier|Aguilar|1985-11-03|40
Natalia|Vargas|1995-09-04|30
Lucía|Fuentes|1970-01-17|56
Diana|Ortiz|1993-10-29|32
Héctor|Ortiz|1983-06-10|42
Carmen|Medina|1975-10-14|50
Gabriela|Vega|2000-03-18|26
Sandra|Guerrero|1992-12-11|33
Pedro|Mendoza|2004-11-29|21
Andrés|Morales|1978-10-25|47
Isabel|García|1997-01-30|29
Lucía|Ríos|1947-06-30|78
Mónica|Aguilar|1955-08-21|70
Juan|Díaz|2000-09-20|25
Valentina|Romero|1987-07-10|38
Laura|Reyes|1956-12-16|69
Roberto|Ortega|1964-07-16|61
Isabel|Cruz|1984-01-20|42
Isabel|González|1967-01-09|59
Luis|Vargas|1957-08-05|68
Adriana|Ortega|1985-04-11|41
José|Ramírez|1995-02-01|31
Javier|Mendoza|1987-08-07|38
Sergio|Vega|1955-09-28|70
Rosa|García|1983-12-09|42
Diego|Ramos|1976-08-16|49
Ana|Morales|1949-08-18|76
Patricia|Romero|1971-05-23|54
Sofía|Díaz|1982-07-11|43
Diana|Vargas|1949-11-28|76
Cristina|Flores|1963-10-06|62
Fernando|Molina|1956-06-15|69
Rosa|González|2004-07-25|21
Valentina|Ortiz|2002-07-09|23
Luis|Ramos|1958-10-21|67
Javier|Torres|1998-01-04|28
Roberto|Torres|1950-07-01|75
Andrés|Hernández|1981-08-18|44
Juan|García|2002-01-12|24
Laura|Reyes|1989-11-21|36
Lucía|Delgado|1963-07-13|62
José|Molina|1989-09-07|36
Valentina|Sánchez|1954-07-07|71
María|Hernández|1990-08-25|35
Mario|Martínez|1949-08-29|76
Diego|Romero|1962-06-04|63
Valentina|Vargas|1990-02-08|36
Andrés|Ortega|1996-05-28|29
María|Álvarez|1957-02-05|69
Valentina|Ramos|1986-12-04|39
Diego|Ortega|1986-06-16|39
Alejandro|Torres|1951-09-06|74
Rafael|Reyes|1988-06-17|37
Ricardo|Ramos|1967-11-09|58
Javier|Ramos|1953-12-17|72
Rosa|Rodríguez|2001-05-23|24
Mario|González|2001-05-03|25
Cristina|Ríos|1956-08-23|69
Mario|Guerrero|1985-09-13|40
Miguel|Castro|1976-03-14|50
Ana|Silva|1991-03-10|35
Verónica|Álvarez|1955-03-30|71
Manuel|Vargas|2001-05-24|24
Pablo|Ríos|1960-11-14|65
Juan|Gómez|1979-02-08|47
Pablo|Castro|2001-05-01|25
Claudia|Flores|1964-09-18|61
Natalia|Guerrero|1965-06-29|60
Laura|Ramos|1993-05-14|33
Pablo|Aguilar|1954-01-14|72
Sergio|Rodríguez|1998-02-20|28
Sergio|Aguilar|1977-06-03|48
Natalia|Molina|2006-05-07|20
Gabriela|Castillo|1997-04-23|29
Javier|Castillo|2000-05-15|26
Andrés|Fuentes|1954-07-13|71
Claudia|Castro|1962-07-26|63
José|Ríos|1989-12-24|36
Carlos|Reyes|1996-06-18|29
Javier|Cruz|1974-10-06|51
Cristina|Martínez|1953-05-11|73
Luis|Vega|2005-03-28|21
Mónica|Martínez|1996-10-29|29
Héctor|Suárez|1964-04-13|62
Patricia|Fuentes|1949-07-17|76
Diana|Fuentes|1990-07-14|35
Diana|Rojas|2004-09-10|21
Ana|Álvarez|1956-10-03|69
Claudia|Castro|2003-02-10|23
Miguel|Mendoza|1982-06-09|43
Eduardo|Suárez|1964-12-23|61
Diego|Rojas|2002-05-25|23
Sandra|Ramos|1954-06-19|71
Sofía|Sánchez|1993-03-29|33
María|Álvarez|1982-06-08|43
Luis|Castro|1981-04-13|45
Sandra|Rojas|1980-04-12|46
Elena|Flores|1949-11-30|76
Javier|Vega|1980-02-01|46
Fernando|Ramos|1961-08-27|64
Sergio|Morales|1961-01-17|65
Ricardo|Cruz|1997-06-06|28
Sofía|López|1991-05-16|35
María|Suárez|1948-09-19|77
Juan|Ramos|1999-05-18|27
Adriana|Gómez|1980-02-16|46
Adriana|Castro|1998-05-23|27
Diego|Torres|1968-02-10|58
Fernando|Álvarez|1954-04-18|72
Juan|Guerrero|1953-04-24|73
Pedro|Álvarez|1989-09-02|36
María|Ortega|1988-06-27|37
Luis|Rodríguez|2003-02-23|23
Roberto|Vega|1977-01-03|49
Elena|Rojas|1952-06-10|73
Mónica|Mendoza|1986-11-10|39
Eduardo|Molina|1980-04-30|46
Gabriela|Martínez|1959-06-23|66
Alejandro|Pérez|1949-09-14|76
Carlos|Ramírez|1954-10-27|71
Sergio|Álvarez|1991-08-21|34
Carmen|Vargas|1964-12-21|61
Natalia|Morales|1977-03-23|49
Rosa|Cruz|1982-10-03|43
Claudia|Fuentes|1977-03-07|49
Valentina|Gómez|1948-05-09|78
Mónica|Ríos|1949-04-27|77
Diana|Rodríguez|1955-01-29|71
Diego|Rodríguez|1970-10-07|55
José|Fuentes|1947-11-14|78
Rosa|Suárez|1966-03-09|60
Rosa|Vega|1963-05-03|63
Lucía|Rivera|1988-02-17|38
Héctor|Pérez|1952-10-30|73
Javier|Medina|1973-10-27|52
Sofía|Rodríguez|1957-04-02|69
Cristina|Morales|1947-09-27|78
Mónica|Ortiz|1970-01-20|56
Patricia|Medina|1971-11-24|54
Adriana|Silva|1958-05-29|67
Luis|Medina|1957-12-16|68
Mario|López|1969-07-15|56
Patricia|Medina|2004-09-17|21
José|Ramos|1980-02-28|46
Diana|Vargas|2004-12-19|21
Mónica|Pérez|1961-02-04|65
Fernando|Medina|1988-12-08|37
Ana|Medina|1979-02-04|47
José|Sánchez|1953-08-19|72
Fernando|Navarro|1986-02-06|40
María|Torres|2000-09-21|25
Sergio|Ramírez|1976-11-24|49
José|Flores|1973-12-25|52
Luis|López|1968-01-02|58
Patricia|Molina|2001-03-02|25
Luis|Fuentes|1970-05-12|56
Javier|Gómez|1949-04-13|77
Laura|Torres|1973-03-13|53
Fernando|Rodríguez|1996-12-30|29
Roberto|Gómez|2004-05-02|22
José|Medina|2002-07-08|23
Mario|Rivera|1975-09-13|50
Fernando|González|1972-02-16|54
Verónica|Medina|1969-11-02|56
Mario|Vega|1955-04-06|71
Pablo|Ortiz|1968-02-09|58
Natalia|Rivera|1950-07-05|75
Héctor|Molina|2000-04-15|26
Carlos|Torres|1958-10-11|67
Ricardo|Mendoza|1968-11-25|57
Sandra|Torres|1967-08-10|58
Fernando|Ortega|1992-06-27|33
Diego|García|1959-04-07|67
Patricia|Molina|1948-10-20|77
Pedro|Gómez|1965-01-26|61
Sofía|Hernández|2003-10-18|22
José|Hernández|1990-04-14|36
Pablo|Ortega|1998-07-30|27
Javier|Jiménez|2000-03-24|26
Cristina|Sánchez|1987-05-10|39
Valentina|López|1977-04-17|49
Héctor|Ortiz|1950-01-13|76
Valentina|Vargas|1958-11-14|67
Laura|Díaz|1980-07-19|45
Claudia|Díaz|1967-11-01|58
Mónica|Delgado|2005-01-28|21
Mario|González|1989-10-05|36
Andrés|Ramos|1948-05-21|77
Natalia|Martínez|1979-12-01|46
Mónica|García|1951-05-21|74
Claudia|Ortiz|1953-08-14|72
Ricardo|Álvarez|1970-05-02|56
Carmen|Cruz|1993-06-10|32
Isabel|Cruz|1996-04-22|30
Carlos|Castro|1986-08-02|39
Ana|Fuentes|1983-03-03|43
Isabel|González|1989-01-08|37
Carlos|Ortega|1949-04-18|77
Laura|Flores|1959-04-19|67
Pedro|Aguilar|2003-09-20|22
Roberto|Rivera|1992-04-18|34
Diego|Ortiz|1947-04-29|79
Sandra|González|1956-03-24|70
Carlos|Aguilar|1998-07-01|27
Rosa|Sánchez|1971-05-07|55
Sergio|Ramos|2003-01-29|23
Isabel|Álvarez|1949-10-07|76
Héctor|Mendoza|1983-03-17|43
Eduardo|Gómez|1988-06-24|37
Elena|Ramírez|1975-03-07|51
Isabel|Silva|2006-05-04|20
Ricardo|Vargas|1955-03-08|71
Natalia|Medina|1978-01-11|48
Elena|Ramos|1971-05-09|55
Miguel|Ortiz|1980-07-07|45
Valentina|Silva|1979-11-16|46
Claudia|Sánchez|1998-11-13|27
Diego|Pérez|1949-07-25|76
Isabel|Álvarez|1993-11-21|32
Roberto|Flores|2007-01-18|19
Gabriela|Guerrero|1995-01-10|31
Sandra|Ramos|1981-08-01|44
Andrés|Molina|1981-04-22|45
Andrés|Navarro|1969-09-08|56
Héctor|Torres|1975-03-08|51
Sofía|Torres|1986-03-25|40
Rosa|García|1947-04-25|79
Claudia|Gómez|1999-10-26|26
María|Aguilar|1973-10-01|52
Isabel|Suárez|1969-09-10|56
Pedro|Vega|1969-03-31|57
Alejandro|Medina|1961-11-23|64
Pablo|Romero|1974-01-26|52
Laura|Castro|1983-09-03|42
José|Pérez|1984-01-21|42
Rosa|Ramos|1948-05-06|78
Diana|Pérez|1965-09-14|60
Alejandro|Rivera|2002-12-01|23
Valentina|Ortiz|1974-12-09|51
Elena|Gómez|1979-09-16|46
Isabel|Silva|1948-10-19|77
Miguel|González|1974-07-07|51
Gabriela|Ruiz|1979-03-14|47
Valentina|Castillo|1983-04-15|43
Lucía|Silva|2002-05-22|23
Alejandro|Pérez|1957-03-24|69
Juan|Guerrero|1987-08-19|38
Ricardo|Guerrero|2000-04-04|26
Lucía|Ríos|1978-04-01|48
Carmen|González|1982-02-02|44
Verónica|Fuentes|1958-03-29|68
Gabriela|Ríos|1969-03-13|57
Isabel|Jiménez|1970-03-01|56
Patricia|Delgado|1962-08-28|63
José|Castillo|1967-03-12|59
Diego|Cruz|1961-04-22|65
Patricia|Medina|1968-04-11|58
Manuel|Ramírez|1952-08-09|73
Miguel|Cruz|1993-01-03|33
Alejandro|Gómez|1975-08-29|50
Diego|Rojas|1964-01-06|62
Miguel|Mendoza|1992-05-02|34
Eduardo|Flores|1994-01-07|32
Mónica|Ruiz|1968-09-05|57
Cristina|González|1961-07-06|64
Isabel|Delgado|1971-10-26|54
Manuel|Romero|1972-02-25|54
Sandra|Ortega|1952-03-20|74
María|Rojas|2001-11-21|24
Eduardo|Guerrero|1984-10-14|41
Alejandro|Ortiz|1963-11-21|62
Lucía|Suárez|1997-01-17|29
Miguel|Díaz|1989-04-06|37
Ricardo|Suárez|1990-03-09|36
Héctor|Martínez|1993-05-21|32
Fernando|Ríos|1970-12-11|55
Lucía|Cruz|1973-08-06|52
Rafael|Rojas|1979-12-04|46
Gabriela|García|1997-11-05|28
Gabriela|Castillo|1963-04-05|63
Carmen|Aguilar|1960-08-12|65
Sandra|Morales|1994-07-17|31
Rafael|Castillo|1982-03-12|44
Gabriela|Torres|1952-04-02|74
Rosa|Ruiz|1987-01-26|39
Rosa|Vega|1961-01-10|65
Laura|Molina|1949-11-18|76
Sofía|Morales|1961-05-07|65
Pablo|Guerrero|2005-06-16|20
Laura|Hernández|1982-03-21|44
Carmen|Ramírez|2004-10-28|21
Isabel|Guerrero|1971-05-21|54
Adriana|Torres|1967-04-27|59
Ricardo|Rojas|1996-08-13|29
Sofía|Ríos|1973-07-07|52
Sofía|Pérez|1977-03-09|49
Mónica|Cruz|1980-10-18|45
Carlos|Rojas|1987-06-11|38
María|Ortega|1969-04-04|57
Patricia|Ortega|1966-02-17|60
Fernando|Navarro|1948-08-27|77
Diego|Rivera|1963-03-02|63
Miguel|Guerrero|1973-03-27|53
Claudia|Flores|1969-03-01|57
Ricardo|Sánchez|1973-04-27|53
Patricia|Martínez|1969-12-19|56
Diana|Ríos|1956-07-12|69
Carlos|Suárez|1994-12-09|31
Diana|Díaz|1981-12-26|44
Mónica|Ramírez|1991-07-21|34
Sofía|Ríos|1984-06-10|41
Pedro|Castro|1996-07-06|29
María|Vega|2006-06-06|19
Laura|Jiménez|1959-11-23|66
Luis|Ramírez|1972-10-08|53
Rafael|Ríos|1962-01-13|64
Sofía|Rivera|1954-10-11|71
Adriana|Pérez|1950-06-03|75
Diego|Mendoza|1951-06-25|74
Fernando|González|1972-07-13|53
Cristina|Torres|1946-07-28|79
Alejandro|Rodríguez|1986-07-12|39
Claudia|Ramos|1958-12-27|67
Héctor|Reyes|1970-06-09|55
José|Vargas|1968-05-08|58
María|Álvarez|1951-03-09|75
Sergio|González|1990-06-24|35
Ana|Reyes|1946-12-06|79
Sandra|Romero|1995-07-16|30
Andrés|Castro|1962-01-30|64
Adriana|Suárez|1998-06-19|27
Fernando|Jiménez|1969-06-30|56
Diana|Ruiz|1958-12-17|67
Manuel|Torres|1981-01-19|45
Roberto|Suárez|1979-03-21|47
Patricia|Gómez|1988-12-07|37
Manuel|Navarro|1967-07-08|58
Diana|Navarro|1988-07-03|37
Juan|Castillo|1984-06-28|41
Pablo|Rojas|1957-02-25|69
Gabriela|González|1953-01-07|73
Héctor|Ortega|1983-07-16|42
Adriana|Jiménez|1962-06-18|63
Alejandro|Guerrero|1997-08-05|28
María|Romero|2000-04-28|26
Claudia|Vega|1995-06-07|30
Cristina|Sánchez|1981-11-23|44
Rosa|Ortega|1949-01-26|77
Gabriela|Ramírez|1994-08-24|31
Ana|Rivera|2008-01-23|18
Adriana|Ríos|2003-05-15|23
Miguel|Guerrero|1955-09-19|70
Sofía|Guerrero|1994-02-16|32
Sergio|Ortega|1961-04-03|65
Patricia|Mendoza|1954-07-17|71
Ana|Medina|1974-02-21|52
Eduardo|Mendoza|1999-09-20|26
Mario|Torres|1962-11-15|63
Luis|Silva|1949-01-10|77
Laura|Rivera|1978-06-09|47
Andrés|Medina|1954-03-12|72
Patricia|Vargas|1970-11-05|55
Juan|Vargas|1971-04-24|55
Mónica|Hernández|1976-06-17|49
Laura|Ruiz|1950-09-28|75
Sergio|Rojas|1988-11-16|37
Adriana|Vargas|1967-05-29|58
Diego|Reyes|1961-04-06|65
Cristina|Fuentes|1954-05-09|72
Claudia|Flores|1966-07-08|59
Isabel|Cruz|1982-03-16|44
Diana|Romero|1981-09-01|44
Héctor|Vargas|1977-07-06|48
Elena|Romero|1973-08-13|52
Héctor|Medina|1950-03-02|76
María|Vega|1977-06-08|48
Rosa|Morales|1962-12-06|63
Ricardo|García|1948-05-26|77
Mónica|Flores|1996-07-31|29
Claudia|Ortiz|1992-03-07|34
Claudia|González|1976-10-19|49
Roberto|Delgado|1967-10-13|58
María|Díaz|1993-08-24|32
Alejandro|Pérez|1999-05-02|27
Verónica|Hernández|2006-01-18|20
Ana|Fuentes|1992-09-07|33
Carlos|Silva|1973-07-16|52
Ana|Molina|2003-07-13|22
Miguel|Gómez|1969-04-13|57
Adriana|García|1979-01-30|47
María|Ramírez|1947-06-03|78
Mario|Torres|2005-04-12|21
Javier|Cruz|1990-09-01|35
Patricia|Rojas|2000-12-23|25
Diego|Hernández|1993-08-19|32
Luis|Romero|1963-09-23|62
María|Reyes|1954-07-12|71
Javier|Cruz|2006-12-16|19
Gabriela|Ramos|1962-11-15|63
Diego|Fuentes|1986-10-22|39
Gabriela|Ramos|1977-04-10|49
Isabel|Castillo|1954-09-07|71
Manuel|Silva|1998-08-15|27
Laura|Morales|1978-06-24|47
Natalia|Rivera|1978-05-11|48
Ana|Ortiz|1973-10-14|52
Carmen|Rivera|1973-11-01|52
Lucía|Díaz|1995-03-19|31
Ricardo|Silva|1974-01-25|52
Miguel|Aguilar|2005-08-26|20
Lucía|Navarro|1950-07-09|75
Elena|Suárez|1961-07-28|64
José|Rivera|1961-09-04|64
Natalia|Rodríguez|1948-09-03|77
Pablo|Suárez|2006-02-08|20
Ana|Rodríguez|1959-08-24|66
Carlos|López|1953-10-22|72
Luis|Romero|2001-02-25|25
Laura|Aguilar|2004-12-20|21
Sergio|Suárez|1950-06-12|75
Carlos|Fuentes|1953-07-26|72
Eduardo|Suárez|1974-04-11|52
Elena|Pérez|1970-10-27|55
Roberto|Mendoza|2005-05-30|20
Manuel|Navarro|1957-04-16|69
Roberto|Jiménez|2002-08-15|23
Elena|Torres|1947-01-16|79
Laura|Molina|1953-05-25|72
Elena|Vega|1966-11-23|59
Patricia|González|1950-02-20|76
Diana|Hernández|1964-10-17|61
Fernando|Navarro|1986-09-20|39
Ana|Medina|1975-01-06|51
Ana|García|2003-10-07|22
Laura|Pérez|2002-10-25|23
Eduardo|Vargas|1958-03-06|68
Valentina|Navarro|1956-11-25|69
Elena|García|1982-02-07|44
Luis|Díaz|1990-02-02|36
Diana|García|1973-08-22|52
Eduardo|Romero|1998-06-14|27
Patricia|Ortiz|2006-03-14|20
Elena|Suárez|1965-12-14|60
Gabriela|Flores|1964-10-07|61
Diego|Molina|1957-08-10|68
Roberto|Ortega|1992-10-26|33
Verónica|Vargas|1962-03-29|64
Isabel|Fuentes|1977-04-13|49
Javier|Álvarez|1989-05-28|36
Diego|Aguilar|1955-10-03|70
Claudia|Ruiz|1975-01-21|51
María|Díaz|1995-10-17|30
Roberto|Fuentes|1962-11-08|63
Miguel|Hernández|1951-09-12|74
Juan|Reyes|1955-08-07|70
Manuel|Ramos|1965-02-25|61
José|Vega|1985-01-15|41
Isabel|Vargas|1971-09-18|54
Héctor|Rodríguez|1953-07-13|72
Miguel|Hernández|1972-12-10|53
Elena|Mendoza|1972-04-23|54
Diana|Molina|1982-10-18|43
Lucía|Martínez|1991-07-20|34
Pablo|Morales|1971-03-29|55
Claudia|Torres|1948-09-15|77
Rosa|Álvarez|1988-01-12|38
Juan|Reyes|1951-03-23|75
Sandra|Vargas|1960-03-01|66
Valentina|Díaz|1983-10-05|42
María|Ortiz|1958-10-18|67
Rosa|Cruz|1998-03-12|28
Pablo|Guerrero|1946-06-16|79
Valentina|Vega|1973-07-02|52
Cristina|Flores|1959-04-10|67
Javier|Aguilar|1959-09-21|66
Luis|Rojas|1983-01-15|43
Cristina|Ramos|2003-05-07|23
Cristina|González|1987-09-17|38
Mónica|Castro|1947-02-05|79
Laura|Ríos|2005-06-30|20
Cristina|Reyes|1981-11-19|44
Patricia|Guerrero|2001-06-12|24
Diana|Díaz|1972-05-20|53
Carlos|Castro|1986-12-25|39
Javier|García|2001-11-16|24
Mario|Gómez|1993-06-07|32
Carmen|Torres|1946-11-08|79
Ricardo|Fuentes|1951-08-18|74
Patricia|Medina|1974-04-29|52
Adriana|Medina|1975-03-25|51
Sandra|Romero|1960-04-30|66
Juan|Reyes|1947-05-31|78
Gabriela|Gómez|1983-10-03|42
Juan|Rojas|1977-02-13|49
María|Ortega|1959-12-03|66
Natalia|Vega|2001-10-05|24
Elena|Sánchez|1958-12-13|67
Fernando|Molina|1960-08-28|65
Elena|López|1975-01-19|51
Mario|Martínez|1977-03-11|49
Eduardo|Vega|1982-04-07|44
Lucía|Ortiz|2004-04-15|22
Sergio|Silva|1985-12-28|40
Manuel|Hernández|1950-01-23|76
Patricia|Rodríguez|1955-05-12|71
Javier|Martínez|1951-02-15|75
Gabriela|García|1979-12-08|46
Sergio|Ortega|2006-09-02|19
Rafael|Vargas|1970-02-12|56
Javier|Romero|1977-01-10|49
Mónica|Vargas|1966-10-09|59
María|Morales|1952-04-13|74
Adriana|Romero|1971-07-24|54
Lucía|Ortega|1998-05-03|28
Pablo|Navarro|1997-05-20|28
Juan|Rojas|2005-09-25|20
Sofía|Ortiz|1965-02-07|61
Ana|Rivera|1975-02-04|51
Eduardo|Ortiz|1968-03-14|58
Claudia|López|1977-08-08|48
José|Sánchez|1966-12-23|59
Juan|Aguilar|1964-06-03|61
Pedro|Suárez|1988-10-16|37
Adriana|Medina|1992-07-28|33
Valentina|Fuentes|1955-03-26|71
María|Pérez|2000-07-27|25
Juan|Díaz|1951-10-15|74
Eduardo|Ortega|2004-05-23|21
Claudia|Reyes|1986-10-21|39
Pedro|García|1997-03-17|29
Manuel|Delgado|1968-05-05|58
Ana|Delgado|1991-09-29|34
Valentina|Ramos|1987-10-31|38
Héctor|Álvarez|2007-09-21|18
Carlos|Hernández|1989-05-03|37
Roberto|García|1992-06-04|33
Eduardo|Silva|1963-02-27|63
Patricia|Flores|1950-11-05|75
Diego|Vargas|1961-07-11|64
Patricia|Aguilar|1987-08-15|38
Andrés|Gómez|2006-04-24|20
Javier|Vega|1984-09-21|41
Javier|Fuentes|1986-08-01|39
Valentina|Álvarez|1950-09-29|75
Isabel|López|1989-11-01|36
Claudia|Navarro|1978-03-07|48
Diana|Aguilar|1966-11-01|59
Patricia|Morales|1968-12-25|57
Elena|Ramírez|1951-01-30|75
Héctor|Vargas|1981-03-17|45
Juan|Morales|2002-04-11|24
Pedro|Jiménez|1964-11-23|61
Carlos|Álvarez|1954-10-03|71
Javier|Álvarez|1992-08-07|33
José|Navarro|1957-05-16|69
Manuel|López|1971-01-06|55
Fernando|Navarro|1994-04-30|32
Verónica|Hernández|1974-09-18|51
Pedro|Ortega|1979-01-19|47
Cristina|Sánchez|1992-06-29|33
Miguel|Molina|1971-01-26|55
Natalia|Vega|1993-02-04|33
Natalia|López|1956-05-18|70
Alejandro|Flores|2001-08-20|24
Luis|Aguilar|1981-07-13|44
Claudia|López|1989-11-29|36
Elena|Fuentes|1987-08-26|38
Fernando|Flores|1969-11-10|56
Pedro|Suárez|1987-12-05|38
Héctor|López|1965-02-28|61
Carlos|Guerrero|1947-11-30|78
Juan|Hernández|1999-05-17|27
Manuel|Vargas|1992-12-11|33
Sergio|Ramos|1967-08-18|58
Pedro|Álvarez|1992-04-20|34
Natalia|Romero|2008-02-19|18
Ana|Ríos|1966-02-19|60
Juan|Molina|1985-12-16|40
Mónica|Cruz|2007-10-19|18
Héctor|Ruiz|1984-04-02|42
Cristina|Reyes|1963-07-22|62
María|Jiménez|1985-02-19|41
Elena|Fuentes|1970-03-21|56
Carlos|Ortega|1949-06-22|76
Miguel|Ruiz|2001-05-11|25
Miguel|Pérez|1949-08-25|76
Carlos|Vega|1980-08-20|45
Laura|Ortiz|1952-06-27|73
Sandra|Gómez|1946-10-27|79
Ricardo|Romero|1947-05-29|78
Eduardo|Vargas|1974-08-21|51
Manuel|Morales|1991-03-27|35
Ricardo|Pérez|1997-08-01|28
Elena|Gómez|2004-01-20|22
Isabel|Martínez|1976-01-02|50
Sergio|Rojas|1993-08-11|32
Javier|Ríos|1999-03-12|27
Sofía|Castillo|1971-03-04|55
Patricia|Ramírez|1993-03-16|33
Diego|Fuentes|1981-07-16|44
Gabriela|García|1982-09-05|43
Diego|Flores|1970-04-12|56
Fernando|Morales|1963-10-05|62
Laura|Ruiz|1987-07-03|38
Fernando|Morales|1984-09-06|41
Alejandro|Molina|1957-04-26|69
María|Romero|1993-03-07|33
Sergio|Castillo|1976-04-21|50
Ana|Hernández|2005-09-16|20
Manuel|Torres|1995-05-26|30
Mario|Cruz|1981-09-04|44
Cristina|Díaz|1967-02-25|59
Ricardo|Rojas|1964-05-16|62
Claudia|Rojas|1978-03-06|48
José|Ruiz|1984-12-22|41
Natalia|Ramírez|1980-08-31|45
Natalia|Rodríguez|1974-05-15|52
Andrés|Rodríguez|2002-08-13|23
Pedro|Medina|1950-08-29|75
Laura|Fuentes|1955-07-11|70
Alejandro|Gómez|1990-12-23|35
Carmen|Ortiz|2006-09-14|19
Mónica|Medina|1952-05-07|74
Mónica|Martínez|1995-03-24|31
Pablo|Díaz|1994-02-08|32
Manuel|Suárez|1963-01-01|63
Ricardo|Morales|1951-01-14|75
Sofía|Flores|1995-06-03|30
Natalia|Gómez|2001-06-26|24
Adriana|Romero|1964-04-13|62
Carlos|Sánchez|1980-04-15|46
Lucía|Rojas|2006-06-17|19
Patricia|Ruiz|1948-04-14|78
Isabel|Rodríguez|1956-10-11|69
Pablo|Ramos|1965-02-01|61
Diego|González|1973-03-27|53
Carlos|García|1962-02-25|64
Pablo|González|1948-11-11|77
Rosa|Jiménez|1956-03-15|70
Elena|Hernández|1959-04-18|67
Sandra|Ramírez|2000-04-18|26
Pedro|Aguilar|1980-02-06|46
Sofía|Castillo|1996-08-25|29
Gabriela|Ortiz|1974-05-24|51
Diego|Aguilar|2001-09-07|24
Miguel|López|1975-09-08|50
Sergio|Suárez|1986-12-01|39
Juan|Flores|1955-04-27|71
Sandra|Ramos|1964-03-02|62
Luis|Ruiz|1981-11-28|44
Andrés|Cruz|1950-08-04|75
María|Cruz|1982-10-27|43
María|Gómez|1968-01-08|58
Isabel|Cruz|1985-04-22|41
Rosa|Medina|1995-08-13|30
Gabriela|Reyes|1973-12-21|52
Ricardo|Pérez|1978-02-19|48
Javier|Rojas|2004-10-04|21
Eduardo|Reyes|1958-12-16|67
Laura|Romero|1989-09-17|36
Elena|Jiménez|1973-01-24|53
Cristina|Rodríguez|1997-05-18|29
Elena|González|1999-02-27|27
Cristina|Guerrero|1986-04-25|40
Roberto|Álvarez|1948-10-02|77
Fernando|Morales|1956-08-28|69
Natalia|Ortega|1958-11-01|67
Elena|Navarro|2005-08-06|20
Ana|Suárez|1984-06-12|41
Mónica|Guerrero|2001-10-01|24
Rosa|Gómez|1972-03-13|54
Ricardo|Ramos|1988-11-12|37
Juan|Rojas|1996-10-30|29
Valentina|Navarro|1956-02-12|70
Natalia|Ramírez|1977-11-08|48
Laura|Ortega|1979-12-07|46
Sergio|Hernández|1951-07-18|74
Carmen|López|1946-08-28|79
Ricardo|Morales|1946-08-03|79
Natalia|Silva|1951-07-14|74
María|García|1952-08-23|73
Luis|Reyes|1986-10-07|39
Ana|González|1983-05-16|43
José|Ortega|1948-06-05|77
Pablo|Ortega|1955-04-09|71
Isabel|Vargas|2000-08-31|25
Javier|Ruiz|1996-09-02|29
Isabel|Hernández|2006-12-06|19
Laura|Reyes|1968-06-13|57
Diego|Molina|1990-11-20|35
Pablo|Morales|1995-12-07|30
Alejandro|Rodríguez|1994-02-28|32
Eduardo|Martínez|1968-01-04|58
Claudia|Martínez|1996-01-12|30
Cristina|García|1956-09-25|69
Laura|Gómez|1981-11-26|44
Pedro|Rojas|1959-04-06|67
Juan|Mendoza|1954-06-08|71
Isabel|Ramos|1969-09-02|56
Sandra|Hernández|1992-01-27|34
Diana|Gómez|1979-04-02|47
Miguel|Rodríguez|1949-11-16|76
Pablo|Pérez|1968-10-07|57
Manuel|Romero|1990-10-31|35
Alejandro|Aguilar|1963-08-22|62
Miguel|Hernández|1948-06-07|77
Ricardo|Morales|1954-06-17|71
Pedro|Silva|1955-02-06|71
Manuel|Medina|1956-10-24|69
Sandra|Jiménez|1965-06-16|60
Gabriela|Flores|1963-04-15|63
Sofía|Ruiz|1968-10-17|57
Carlos|Vega|1979-07-12|46
Rosa|Vargas|1954-11-13|71
Fernando|Ríos|1958-08-04|67
Carlos|Suárez|2003-07-18|22
Sofía|Álvarez|1955-08-09|70
Manuel|Mendoza|1955-05-05|71
Mónica|Rojas|1953-09-03|72
Héctor|Silva|1994-10-13|31
Carlos|Sánchez|1969-02-06|57
José|Ramos|1950-07-11|75
Juan|Ramos|1983-09-30|42
Pablo|Hernández|1970-05-08|56
Valentina|Castillo|1993-09-23|32
Carmen|Morales|1972-12-31|53
Juan|Medina|1955-03-20|71
José|Pérez|1989-09-24|36
Luis|Ramírez|1979-03-24|47
Sofía|Jiménez|1999-09-03|26
Patricia|Ríos|1990-05-10|36
José|Díaz|1985-11-01|40
Mónica|Ruiz|1947-11-09|78
Manuel|Morales|1975-12-31|50
Elena|Castillo|1965-02-10|61
Sofía|Ramírez|1968-10-29|57
Roberto|Silva|1953-12-10|72
Mario|Reyes|1969-10-12|56
Gabriela|Rivera|1974-07-23|51
Carlos|Castro|1998-12-15|27
Mario|Martínez|1975-01-21|51
Roberto|Jiménez|1986-09-16|39
Diana|Castillo|1980-01-17|46
Lucía|García|2007-08-17|18
Fernando|Gómez|1991-07-14|34
Rafael|Reyes|1951-03-25|75
Cristina|Guerrero|1997-03-16|29
Adriana|Ramírez|1988-12-17|37
Patricia|Díaz|1969-04-21|57
Valentina|Medina|2001-04-13|25
Fernando|Ramírez|1991-10-23|34
Carmen|Morales|1970-09-30|55
Laura|Pérez|1978-09-30|47
Miguel|Torres|1980-06-15|45
Roberto|Díaz|1986-03-18|40
Diego|Rodríguez|2003-07-25|22
Pedro|Silva|1971-11-23|54
Juan|Ortiz|1978-08-19|47
Manuel|Mendoza|1981-09-13|44
Eduardo|Vargas|1981-03-13|45
Carlos|Molina|1980-11-12|45
Laura|Ramos|1977-01-25|49
Laura|Ramírez|1983-02-16|43
Sergio|Ríos|1970-07-09|55
Manuel|Rojas|1965-08-18|60
Ana|González|2005-02-26|21
Sergio|Romero|1971-12-15|54
Javier|Díaz|1974-03-03|52
Claudia|Ramos|1980-05-06|46
Sergio|González|1950-05-08|76
Diego|Jiménez|1985-01-21|41
Diana|Flores|1974-02-25|52
Manuel|Sánchez|1957-01-14|69
Juan|Ramírez|1986-03-30|40
Rafael|Ramírez|1947-12-29|78
Cristina|González|1946-11-13|79
Eduardo|Pérez|1958-04-08|68
Carmen|González|2003-09-23|22
Isabel|Morales|1975-01-14|51
Lucía|Guerrero|1959-08-31|66
Ana|Gómez|2006-02-13|20
Sandra|Rojas|1974-07-01|51
Eduardo|Rojas|1963-10-20|62
Valentina|Guerrero|1995-10-09|30
Gabriela|García|2004-04-19|22
Eduardo|Gómez|1995-10-05|30
Laura|Ramos|1965-11-28|60
Cristina|Suárez|1996-10-28|29
José|García|2004-03-01|22
Rafael|Gómez|1954-12-18|71
Laura|Ortiz|1988-01-31|38
Luis|Ortiz|1976-12-04|49
Miguel|Aguilar|2008-02-14|18
Mónica|Castro|1990-05-27|35
Carmen|Guerrero|1996-09-03|29
Elena|Delgado|1981-08-30|44
Ricardo|Aguilar|1946-10-05|79
Luis|Morales|1994-02-09|32
Sofía|Ruiz|1955-10-07|70
Elena|Ortega|1955-03-11|71
José|Silva|1979-11-17|46
Diego|Ortega|1982-02-03|44
Elena|Ortega|1996-02-11|30
Pedro|González|1991-09-02|34
Ana|Rodríguez|1993-11-28|32
Andrés|Flores|1992-11-03|33
Ricardo|García|1995-11-22|30
Fernando|Vargas|1985-01-11|41
Diana|Navarro|1972-08-07|53
Valentina|Guerrero|1956-06-06|69
Roberto|Castillo|1958-04-02|68
Manuel|Pérez|1973-07-10|52
Natalia|Castillo|1959-03-29|67
Diana|Ríos|1948-10-29|77
Ana|Vargas|1985-10-21|40
José|Ortiz|1996-01-20|30
Lucía|Flores|1956-04-24|70
Sergio|Fuentes|1959-04-24|67
Patricia|Torres|1992-11-25|33
Patricia|Sánchez|2002-04-18|24
Verónica|Castillo|1960-07-27|65
Héctor|Molina|1950-03-15|76
Roberto|Reyes|1946-08-08|79
Natalia|Ríos|1989-07-20|36
Pedro|Ramos|1975-03-19|51
Miguel|Morales|1982-10-15|43
Rosa|Pérez|1952-09-07|73
Ricardo|Silva|1962-07-30|63
Alejandro|Guerrero|1977-10-24|48
Patricia|González|1977-01-14|49
Sandra|López|1963-11-14|62
Rosa|Aguilar|1946-09-10|79
Miguel|Castillo|1967-09-10|58
Isabel|Molina|1967-01-19|59
Sandra|Cruz|1977-12-02|48
Pablo|Reyes|2001-10-02|24
José|Jiménez|1978-05-09|48
Carmen|Guerrero|1986-05-14|40
Javier|Silva|1971-03-05|55
Carmen|Suárez|1973-11-20|52
Manuel|Sánchez|1970-05-13|56
Roberto|Vargas|1996-08-07|29
Sofía|López|1976-04-13|50
Laura|García|1998-06-19|27
Eduardo|Medina|1973-01-28|53
Valentina|Morales|1948-06-19|77
Isabel|Ortiz|1998-06-15|27
Juan|Ortega|2008-04-25|18
Miguel|Castro|1998-12-17|27
Cristina|Ramírez|1966-09-24|59
Elena|Ruiz|1955-05-16|71
Gabriela|Mendoza|2000-01-18|26
Ricardo|Silva|1978-07-19|47
Carlos|Castro|2007-08-28|18
Pablo|Navarro|1961-10-15|64
Valentina|Rodríguez|2007-03-05|19
María|Molina|1947-07-27|78
Juan|Sánchez|1946-09-26|79
Roberto|González|1970-09-20|55
Gabriela|Silva|1950-02-01|76
Lucía|Rivera|1975-09-22|50
Mónica|Sánchez|1958-06-26|67
Fernando|Mendoza|1950-07-26|75
Valentina|Navarro|1958-10-16|67
Rafael|Aguilar|1994-03-10|32
Mario|Jiménez|1985-04-11|41
Rosa|López|1956-11-14|69
Pedro|García|1951-02-14|75
Fernando|Castillo|1960-05-26|65
Diana|Guerrero|2000-12-01|25
Rosa|Ortiz|1966-07-16|59
Sergio|Ortega|1973-12-21|52
Alejandro|Vega|1988-03-29|38
Claudia|Castro|1976-04-11|50
Alejandro|Ruiz|1955-09-30|70
Isabel|Ramos|2006-02-16|20
Mario|Medina|1991-02-17|35
Eduardo|Delgado|1956-07-02|69
Cristina|Ríos|1964-11-20|61
Sergio|Ortiz|2007-10-13|18
Juan|Martínez|1975-02-24|51
María|González|1957-01-11|69
Verónica|Rojas|1964-12-02|61
Rafael|Romero|1955-02-09|71
Gabriela|Ruiz|2007-03-18|19
Adriana|Vargas|1950-07-10|75
Luis|Hernández|1999-11-12|26
Andrés|Jiménez|1970-01-21|56
Fernando|Ortega|1982-09-22|43
Diana|Rojas|1962-10-20|63
Patricia|López|2000-04-17|26
Isabel|Hernández|1993-08-12|32
Ricardo|Mendoza|1951-04-10|75
Isabel|Fuentes|2008-04-26|18
Diego|Cruz|1996-05-06|30
Sandra|González|1999-06-28|26
María|Castillo|1996-11-29|29
Gabriela|Ortega|1979-04-06|47
Rafael|Rivera|1966-06-23|59
Héctor|Ortega|2001-12-16|24
Javier|Castillo|1982-09-15|43
María|Martínez|1978-01-28|48
Héctor|Vega|1960-04-23|66
Andrés|Navarro|1972-03-25|54
Sandra|Ramos|1978-01-19|48
Elena|Rodríguez|1988-04-10|38
Miguel|Jiménez|1951-01-07|75
Pablo|Navarro|2006-12-01|19
Carmen|Díaz|1970-06-08|55
Pedro|Ruiz|1961-08-24|64
Alejandro|Cruz|1948-07-22|77
Rosa|Suárez|1975-08-31|50
Ricardo|Sánchez|1959-10-03|66
Carlos|Aguilar|1987-04-19|39
Javier|Romero|1954-12-06|71
Héctor|Castillo|1956-11-22|69
Carlos|Reyes|1968-05-04|58
Diana|López|1950-08-08|75
Gabriela|Martínez|1992-09-05|33
Valentina|Rivera|2004-04-28|22
Adriana|Cruz|1954-11-04|71
Javier|Vega|1959-02-02|67
Sofía|González|1991-09-04|34
Roberto|Morales|1971-04-12|55
Valentina|Ortiz|1994-06-13|31
María|Hernández|1986-12-07|39
Alejandro|Jiménez|1996-08-13|29
Rosa|Silva|1990-04-27|36
Pablo|Martínez|1948-10-27|77
Sergio|González|1954-03-08|72
Sandra|Ortiz|2001-11-28|24
Pedro|Ramos|1999-11-11|26
Alejandro|Morales|2007-01-03|19
Patricia|Cruz|1978-02-23|48
Alejandro|Hernández|1974-06-25|51
Alejandro|Navarro|2000-12-11|25
Claudia|Guerrero|1951-09-30|74
Pablo|Ruiz|1991-11-05|34
Luis|Ramos|1991-08-11|34
Sergio|Fuentes|2007-08-08|18
Diana|Martínez|1981-10-15|44
Verónica|Romero|1984-06-27|41
Natalia|Ortega|1983-03-06|43
Rafael|Sánchez|1966-12-25|59
Elena|Suárez|1992-09-23|33
Rafael|Medina|1970-11-09|55
Carlos|Guerrero|2007-06-06|18
Andrés|Gómez|1953-09-04|72
María|Rojas|1962-11-23|63
Laura|Rivera|1946-09-05|79
Isabel|Rodríguez|1998-12-27|27
Sofía|González|1947-09-13|78
Juan|Silva|1961-07-26|64
Mario|Castillo|1974-08-28|51
Mónica|Ruiz|1989-03-26|37
María|Medina|1956-07-26|69
Luis|Rodríguez|1994-09-17|31
Manuel|Rojas|2000-01-19|26
Ricardo|Delgado|1975-12-05|50
Natalia|Ramos|1972-07-31|53
Sofía|Vega|2001-07-20|24
Pedro|González|1948-04-25|78
José|Sánchez|1990-01-18|36
Eduardo|Jiménez|1958-03-20|68
Claudia|Cruz|1987-05-11|39
Sergio|Navarro|1974-09-19|51
Adriana|Ríos|2006-05-15|20
Isabel|Díaz|1963-04-21|63
Carlos|Ramos|1955-02-26|71
Juan|Rojas|1986-05-18|40
Luis|Ruiz|1946-11-04|79
Roberto|Hernández|1948-10-12|77
Luis|Sánchez|2003-01-06|23
Cristina|Hernández|1961-08-09|64
Carmen|Rivera|1992-01-14|34
Roberto|Silva|1978-10-26|47
Elena|Sánchez|1995-07-05|30
Javier|Fuentes|1955-03-08|71
Carmen|Delgado|1961-09-20|64
Elena|Romero|1972-02-25|54
Sergio|Ríos|2006-02-04|20
Carlos|Torres|1976-03-28|50
Roberto|Romero|1954-10-07|71
Héctor|Vargas|1961-12-29|64
Carmen|Rodríguez|1960-12-03|65
Lucía|Ortiz|1953-07-03|72
Diego|Guerrero|1971-08-05|54
Juan|Rodríguez|2005-10-24|20
Valentina|Vega|1952-10-28|73
María|Rojas|1988-10-22|37
Miguel|Vargas|1968-01-22|58
Sandra|Gómez|1988-08-04|37
Carmen|Molina|1952-01-25|74
Fernando|Ruiz|1951-01-23|75
Manuel|Suárez|1946-10-22|79
Laura|Rodríguez|1973-08-08|52
Carmen|Flores|1956-01-09|70
Carlos|Castro|1966-10-22|59
Mario|Navarro|1977-04-16|49
Patricia|Fuentes|1989-01-24|37
Elena|Jiménez|2001-11-25|24
Eduardo|Ruiz|1984-01-30|42
Juan|Ortega|1968-12-14|57
Laura|Aguilar|2005-11-20|20
Eduardo|García|1985-01-28|41
María|Medina|1951-11-10|74
Gabriela|López|2007-12-30|18
Carlos|Guerrero|1970-09-07|55
Héctor|Ramos|1998-11-05|27
Alejandro|Castro|2002-12-23|23
José|Gómez|1993-09-08|32
Ricardo|Díaz|1989-05-24|36
Verónica|Vargas|1956-08-29|69
Claudia|Martínez|1947-12-11|78
Cristina|Morales|1983-01-14|43
Adriana|Ortiz|1976-09-16|49
Eduardo|Molina|1978-01-22|48
Mónica|Ortiz|1952-03-16|74
Eduardo|Mendoza|1994-05-12|32
Javier|Ortiz|1946-06-09|79
Andrés|Suárez|2000-04-12|26
Isabel|Flores|2007-01-17|19
Andrés|Ríos|1951-08-24|74
Verónica|Navarro|1987-01-23|39
Isabel|Delgado|1955-10-08|70
Carlos|Medina|1955-05-19|71
Laura|Gómez|1958-11-19|67
Lucía|Delgado|1986-01-02|40
Elena|Mendoza|1951-08-23|74
Andrés|Romero|1977-02-18|49
José|Jiménez|1950-07-27|75
Lucía|Guerrero|1973-05-26|52
Ricardo|Morales|1979-02-27|47
Luis|Martínez|2007-10-07|18
Manuel|Díaz|1978-08-29|47
Ricardo|Martínez|1995-06-07|30
José|Sánchez|1964-09-25|61
Eduardo|Aguilar|1966-10-02|59
Roberto|Ramírez|1966-03-18|60
Carmen|Hernández|2003-02-17|23
Eduardo|Rodríguez|1970-01-12|56
Rafael|Castillo|1985-08-10|40
Pablo|Ortiz|1973-09-17|52
Luis|Ortega|1978-12-23|47
Carmen|García|1966-01-25|60
Diana|Mendoza|1977-09-12|48
Sandra|Ramos|1956-05-09|70
Gabriela|Torres|1990-09-05|35
Sandra|Rojas|2001-10-21|24
Sofía|Delgado|1993-07-18|32
Rosa|Torres|1958-12-06|67
Carlos|Mendoza|1969-12-04|56
Ricardo|Flores|1983-03-03|43
Pedro|Castillo|1974-09-23|51
Pablo|Fuentes|1989-12-13|36
Laura|García|1994-12-09|31
Ana|Morales|1985-08-15|40
Pedro|Gómez|1958-05-16|68
Patricia|Rivera|1978-08-24|47
Eduardo|Vargas|1968-03-21|58
Rosa|Rodríguez|1980-01-08|46
Adriana|Reyes|1955-10-21|70
Cristina|Reyes|1956-08-02|69
Laura|Guerrero|1958-06-19|67
Adriana|Morales|1964-03-25|62
Sofía|Morales|1989-01-14|37
Juan|Castillo|1994-01-18|32
Lucía|Vega|1948-06-05|77
Miguel|Rodríguez|2000-11-21|25
Pablo|López|2007-04-13|19
Sandra|Sánchez|1968-03-18|58
Héctor|Rivera|1986-04-19|40
Ana|Cruz|1995-10-24|30
Mónica|Castro|2000-08-01|25
Lucía|Castro|2007-05-26|18
Javier|Castillo|1967-04-20|59
Carmen|López|2007-06-29|18
Patricia|Cruz|1961-01-06|65
Fernando|Rivera|1990-05-19|36
Pedro|Romero|2001-03-01|25
Rafael|Ramírez|1952-12-01|73
María|Martínez|2000-03-13|26
Rafael|Delgado|1955-03-10|71
Adriana|Sánchez|1990-06-24|35
Javier|Torres|1985-11-07|40
Alejandro|Castillo|1988-12-31|37
Pablo|Cruz|1980-06-02|45
Miguel|Rivera|1985-04-30|41
Juan|Medina|2006-11-30|19
Carmen|Vega|1953-08-27|72
Lucía|Sánchez|1983-05-26|42
Cristina|Cruz|1999-10-27|26
Manuel|Martínez|1985-03-01|41
Javier|Pérez|1991-08-04|34
Natalia|Fuentes|2000-06-14|25
Rosa|Hernández|1969-04-03|57
Patricia|Silva|1970-07-21|55
Diego|Ruiz|1973-06-15|52
Javier|Rodríguez|1968-04-17|58
Sofía|Ríos|1995-07-10|30
Roberto|Ortiz|1951-06-29|74
Luis|Silva|2001-10-21|24
Patricia|Romero|1993-09-04|32
Ana|Reyes|1947-01-13|79
María|Aguilar|1996-09-11|29
Mónica|Silva|1982-04-02|44
Patricia|Díaz|1963-09-24|62
Patricia|Rivera|1969-03-25|57
María|Reyes|1951-03-12|75
Ricardo|Molina|2004-06-18|21
María|Navarro|1976-12-29|49
Sergio|Navarro|1950-02-03|76
Natalia|Rivera|1977-03-27|49
Mario|Silva|1991-11-21|34
Miguel|Sánchez|1954-07-20|71
Patricia|Ortiz|1967-08-14|58
Laura|Cruz|1987-10-11|38
Mónica|Castro|1965-07-20|60
Gabriela|Rivera|1978-07-29|47
María|Vargas|1972-09-20|53
Héctor|Martínez|1951-09-07|74
Carmen|Romero|1991-03-09|35
Verónica|Rodríguez|1948-12-23|77
Isabel|Flores|1987-12-08|38
Sandra|Vargas|1948-06-29|77
Ana|González|1972-01-06|54
Mónica|Castro|1979-08-01|46
Mario|Rivera|1978-08-17|47
Verónica|Vargas|1959-11-17|66
Andrés|Álvarez|1982-12-01|43
Sofía|Ruiz|1966-06-08|59
María|Ramos|1949-08-26|76
Mónica|Molina|1975-02-05|51
Pablo|Sánchez|1962-02-27|64
Claudia|Torres|1974-08-11|51
Diana|Romero|1978-12-06|47
Miguel|Díaz|1983-09-19|42
Fernando|Castro|1971-12-10|54
Manuel|Fuentes|1968-04-23|58
Patricia|Rojas|1968-07-08|57
José|Jiménez|1968-04-02|58
Diego|Ríos|2005-01-31|21
Lucía|Medina|1977-02-03|49
Eduardo|Ortiz|1995-07-30|30
Sandra|Fuentes|1975-01-31|51
Pablo|Navarro|2000-11-15|25
Adriana|Ortiz|1993-06-30|32
Eduardo|Molina|1995-08-14|30
Alejandro|Pérez|1990-04-28|36
Rosa|Ortega|1983-01-09|43
Ana|Hernández|2005-03-05|21
Adriana|Cruz|2001-10-04|24
Sofía|Cruz|1974-08-26|51
Juan|Delgado|2000-08-05|25
Eduardo|Hernández|2006-03-09|20
Carmen|García|1982-01-07|44
Mónica|Ruiz|2004-09-23|21
Juan|Ríos|2007-10-08|18
Laura|Martínez|1964-01-11|62
Lucía|Rivera|2004-05-24|21
Manuel|González|1979-12-08|46
Mónica|González|1970-08-25|55
Laura|Rojas|1946-11-11|79
Diana|Rodríguez|1996-10-15|29
Carlos|Ortega|1982-01-16|44
Diana|Reyes|1961-07-10|64
Javier|Navarro|1958-12-01|67
Rosa|Fuentes|1956-12-28|69
Adriana|Silva|2003-12-16|22
Carlos|Flores|1948-05-05|78
Alejandro|Ortiz|1994-04-14|32
Pedro|Fuentes|1999-09-04|26
Juan|Torres|1966-02-05|60
Luis|Ortega|1989-12-28|36
Juan|Martínez|1964-02-18|62
Elena|Castro|1947-08-19|78
Elena|López|2008-01-27|18
Diana|Sánchez|1952-06-08|73
Manuel|Ortiz|1957-04-19|69
Javier|Suárez|1947-07-15|78
Ricardo|Gómez|2000-11-10|25
Juan|López|1963-01-03|63
Luis|Silva|1994-09-27|31
Diana|Ortega|2004-08-19|21
Patricia|Delgado|1957-05-18|69
Sergio|Molina|1996-11-03|29
Carmen|Reyes|2004-02-20|22
Isabel|Díaz|1964-04-17|62
Adriana|Navarro|1954-06-21|71
Luis|Sánchez|1999-08-19|26
Rafael|Mendoza|2006-03-29|20
María|Hernández|2003-08-25|22
Eduardo|Flores|1965-12-21|60
Adriana|Castro|1979-08-08|46
Carlos|Álvarez|1990-11-25|35
Valentina|Hernández|2004-07-23|21
Carmen|Martínez|2004-09-18|21
Laura|Rojas|1947-07-16|78
Luis|Romero|1969-10-31|56
Miguel|Hernández|1960-02-10|66
Pablo|Jiménez|1989-01-27|37
Carmen|Ortega|1957-06-29|68
Héctor|Díaz|1973-01-14|53
Héctor|Castro|1995-04-02|31
Ana|Rodríguez|1989-11-12|36
Claudia|Torres|1976-06-02|49
Patricia|Rivera|1961-05-08|65
Roberto|Vega|1979-09-02|46
Adriana|Martínez|1989-03-27|37
Cristina|Vargas|1962-09-06|63
Ana|Reyes|1981-11-07|44
Juan|Delgado|2004-03-10|22
Valentina|Vargas|2002-07-08|23
Carmen|Rojas|1976-12-23|49
Manuel|Medina|1976-07-14|49
Roberto|Suárez|1993-10-24|32
Javier|Aguilar|1969-06-28|56
Sergio|Hernández|1985-02-19|41
Gabriela|Castillo|1967-07-08|58
Verónica|Ramírez|1981-12-01|44
Isabel|Pérez|1981-08-03|44
Eduardo|García|1947-09-16|78
Lucía|Guerrero|1993-10-17|32
Luis|Morales|1965-08-10|60
Ricardo|Ruiz|1999-10-16|26
Valentina|Díaz|1982-09-25|43
Carmen|Navarro|1947-02-06|79
Javier|Álvarez|1958-09-22|67
José|Navarro|1952-06-30|73
Alejandro|Vega|1968-02-08|58
Alejandro|Silva|1974-04-05|52
Diana|Vega|2005-12-30|20
Claudia|Ruiz|1948-05-17|78
Laura|Guerrero|1997-12-05|28
Héctor|Guerrero|1993-05-08|33
Héctor|Rodríguez|1981-05-16|45
Ana|Ortiz|1976-08-05|49
Ricardo|Flores|1994-12-20|31
Rafael|Vargas|1994-07-21|31
Adriana|Pérez|1967-01-17|59
Miguel|Ríos|1983-04-13|43
Laura|Medina|1961-04-20|65
Diana|López|1968-01-07|58
Cristina|Ortega|1985-11-06|40
Alejandro|Navarro|2004-10-26|21
Elena|Castro|1982-07-21|43
Pedro|Castillo|1989-02-23|37
Isabel|Martínez|1967-11-20|58
José|Torres|2007-12-28|18
Eduardo|Ortega|2005-07-27|20
Alejandro|Álvarez|1962-09-16|63
Mario|Álvarez|1966-05-12|60
Verónica|Ortiz|1993-05-31|32
Fernando|Navarro|1969-06-14|56
Sergio|Suárez|1990-07-10|35
Carmen|Reyes|1992-12-27|33
José|García|2000-01-21|26
Natalia|Reyes|1995-09-18|30
Ana|López|1975-07-27|50
Diana|Ortiz|2004-10-10|21
Eduardo|Álvarez|1978-08-18|47
Adriana|Suárez|1992-07-17|33
Sandra|Silva|1993-02-17|33
Isabel|Medina|1960-02-29|66
Mónica|Flores|1956-03-09|70
Mónica|Flores|1993-06-14|32
Carmen|Hernández|1954-11-22|71
Patricia|Molina|1995-04-01|31
Carlos|Guerrero|1988-09-04|37
Claudia|Romero|1953-12-19|72
Rafael|Guerrero|1966-07-01|59
Rosa|Álvarez|2006-03-28|20
Andrés|Martínez|2004-02-21|22
Ana|Sánchez|2003-05-01|23
Ricardo|Aguilar|2003-11-24|22
Juan|Fuentes|1963-10-05|62
Carmen|Rojas|1980-05-28|45
Pedro|Ruiz|1950-02-10|76
Javier|Ruiz|1955-03-20|71
Cristina|Silva|1962-08-08|63
Ana|Fuentes|1952-02-13|74
Pablo|Gómez|1981-04-14|45
Sandra|Suárez|2006-10-03|19
Lucía|Martínez|1948-11-17|77
Diana|Morales|1972-04-16|54
Mario|Flores|1957-06-25|68
Valentina|Navarro|1991-10-16|34
Fernando|Ramos|1971-10-18|54
María|Castillo|1995-03-28|31
Patricia|Molina|2005-03-31|21
Fernando|Molina|1957-12-26|68
Luis|Vargas|1995-05-14|31
Isabel|Aguilar|1968-07-03|57
Isabel|Rodríguez|2001-03-11|25
Diana|Vargas|1946-11-23|79
Elena|García|1964-06-01|61
Claudia|Vargas|1973-12-18|52
Miguel|García|1950-01-06|76
Valentina|Rodríguez|1958-11-18|67
Valentina|Navarro|2000-03-12|26
Laura|Ruiz|1948-07-25|77
Ana|Mendoza|1958-06-25|67
Verónica|Reyes|2000-04-14|26
José|Ramírez|2007-06-19|18
Rafael|Castro|1972-10-24|53
Elena|López|1952-06-11|73
Héctor|Rojas|1956-06-03|69
Diana|Cruz|2006-05-28|19
Sergio|Molina|1952-05-29|73
Patricia|Fuentes|2004-09-12|21
Valentina|Ortiz|2006-09-20|19
Fernando|Martínez|1978-10-11|47
Alejandro|Romero|2001-04-12|25
Carmen|Molina|1980-08-08|45
Gabriela|Rivera|1969-02-09|57
Claudia|Castro|1981-09-24|44
Eduardo|Romero|1970-12-05|55
Isabel|Rojas|1960-03-26|66
Valentina|Vega|1988-05-09|38
Elena|Álvarez|1995-05-10|31
Diego|Torres|2006-10-24|19
Miguel|Díaz|1952-05-11|74
José|Suárez|1996-10-17|29
Eduardo|Navarro|1996-11-02|29
Rafael|Rodríguez|1947-05-17|79
María|González|1953-06-30|72
Carmen|Hernández|1992-01-06|34
Eduardo|Ramos|1991-09-23|34
Isabel|Rivera|1968-04-07|58
Roberto|López|1975-09-26|50
Claudia|Ramírez|1956-03-20|70
Valentina|López|1963-11-04|62
Gabriela|Romero|1953-05-06|73
Diana|Rodríguez|1965-01-05|61
Eduardo|Ríos|2004-09-03|21
Héctor|Vega|2004-02-04|22
Alejandro|Ríos|2007-03-09|19
Adriana|López|1996-04-02|30
Laura|González|2003-12-11|22
Sergio|Ruiz|1973-02-08|53
Juan|Rivera|1960-01-22|66
Mario|González|1971-12-11|54
María|Suárez|1985-10-23|40
Andrés|Rojas|1968-07-08|57
Javier|Aguilar|1947-10-19|78
Laura|Rojas|1958-10-14|67
Natalia|Ortega|1983-08-14|42
Miguel|Martínez|1954-04-23|72
Laura|Álvarez|1994-06-13|31
Diego|Morales|1946-09-17|79
Miguel|Fuentes|1981-05-14|45
Rafael|Molina|1973-04-14|53
Sergio|Ortiz|2002-06-15|23
Sergio|González|1993-03-09|33
Eduardo|Aguilar|1961-05-18|65
Diana|Ríos|1984-05-22|41
Roberto|Romero|1998-07-31|27
Sandra|García|1989-04-04|37
Alejandro|Álvarez|1956-08-08|69
Alejandro|Vega|1961-02-06|65
Roberto|García|1979-09-20|46
Mónica|Torres|1981-12-12|44
José|Álvarez|1977-03-12|49
Diana|Reyes|1951-06-10|74
Diego|Medina|1949-08-12|76
Lucía|Reyes|1986-08-03|39
Sergio|Morales|1948-03-25|78
Juan|Rojas|1978-05-09|48
Pablo|Ortega|1974-10-19|51
Ana|Ruiz|1967-10-17|58
Adriana|Torres|1959-02-08|67
Manuel|Castillo|1980-11-06|45
José|Romero|1995-11-05|30
Diana|Delgado|1954-08-06|71
Cristina|Cruz|1983-02-06|43
Patricia|Vargas|1966-04-14|60
Manuel|Medina|1967-07-26|58
Roberto|Ortiz|1954-01-27|72
Eduardo|Romero|2002-04-04|24
Elena|Aguilar|1975-11-16|50
Natalia|Romero|1973-08-21|52
Roberto|Medina|1962-08-29|63
Javier|Flores|1967-04-01|59
Cristina|García|1995-05-28|30
Adriana|Vargas|1953-06-23|72
Pablo|Flores|1967-04-22|59
Eduardo|Jiménez|1962-09-16|63
Fernando|Ortega|1988-09-16|37
Claudia|Suárez|1985-05-19|41
Sandra|Ruiz|1966-11-28|59
Sandra|Rodríguez|1964-01-25|62
Carmen|Morales|1974-09-15|51
Fernando|Flores|1964-03-27|62
Adriana|Rodríguez|1999-03-02|27
Fernando|Martínez|2006-04-26|20
Andrés|Silva|1952-08-24|73
Patricia|Romero|1985-11-19|40
Javier|Castillo|1955-02-18|71
Héctor|Rodríguez|1993-12-05|32
Sergio|Fuentes|2006-10-30|19
Laura|Reyes|1976-02-04|50
Adriana|García|2002-12-05|23
Gabriela|Guerrero|1968-10-30|57
Sofía|Mendoza|1978-08-01|47
Ana|Hernández|1994-05-12|32
María|Medina|1946-05-30|79
Mónica|Fuentes|1986-12-13|39
Ana|Pérez|1988-03-01|38
Carlos|Guerrero|1965-09-21|60
Javier|Torres|1969-12-23|56
Rosa|Pérez|1984-03-26|42
Andrés|Ríos|1982-02-28|44
Sofía|Martínez|1949-05-22|76
José|Castro|1961-04-01|65
María|Torres|1992-03-25|34
Elena|González|1991-03-26|35
Elena|Suárez|1984-04-06|42
Héctor|Hernández|1964-12-18|61
Pablo|Delgado|1999-05-17|27
Natalia|Suárez|1970-06-09|55
Alejandro|Cruz|1961-11-04|64
Eduardo|Rivera|1974-03-14|52
Carlos|Torres|1992-09-04|33
Fernando|López|2005-05-17|21
Andrés|Reyes|1952-07-01|73
Manuel|Díaz|1978-10-14|47
Ana|Hernández|1950-01-04|76
Rosa|Rojas|1960-09-16|65
Pedro|Ruiz|1996-10-30|29
Diana|Guerrero|1999-09-03|26
Sergio|López|1993-11-23|32
Héctor|Rojas|1947-02-02|79
Diego|Hernández|1984-03-31|42
Luis|Mendoza|1983-01-02|43
Manuel|Castro|1987-11-05|38
Rosa|Fuentes|1981-02-28|45
Lucía|Ortiz|1960-01-01|66
Ana|López|1995-10-11|30
Manuel|Guerrero|1956-07-05|69
Laura|Morales|2002-01-09|24
Claudia|Guerrero|1973-06-22|52
Carlos|Aguilar|1951-02-19|75
Javier|Martínez|2005-09-23|20
Natalia|Rivera|1986-10-18|39
Sergio|Ramos|1998-09-14|27
Sofía|Díaz|2001-08-26|24
Laura|Guerrero|2001-08-08|24
María|Aguilar|1983-09-13|42
María|Ramos|1994-02-11|32
Pablo|Cruz|1973-04-25|53
Pablo|Ramos|1985-08-13|40
Ricardo|Aguilar|2001-12-20|24
María|Sánchez|1955-07-14|70
Ricardo|Navarro|1953-04-23|73
Andrés|Martínez|1990-01-28|36
Ricardo|Vega|1950-04-30|76
Valentina|Ramos|1978-07-02|47
Carlos|Gómez|1956-11-01|69
Mario|Fuentes|1973-01-03|53
Laura|Torres|2003-02-28|23
Sofía|Navarro|1982-05-30|43
Sofía|Suárez|1964-09-11|61
Diego|Gómez|1969-02-24|57
Eduardo|Guerrero|1998-04-03|28
Héctor|Vega|1997-05-05|29
Pedro|Hernández|2007-12-12|18
Ana|Navarro|1980-06-02|45
Rafael|Castillo|1980-10-24|45
Roberto|Navarro|1986-07-07|39
Carlos|Ríos|1957-01-14|69
Ricardo|Martínez|1959-02-24|67
Lucía|Romero|1965-03-04|61
Ricardo|Aguilar|1957-08-28|68
Diego|Rodríguez|1968-08-09|57
Diana|Flores|1983-02-15|43
Adriana|Flores|1971-01-02|55
Carlos|Delgado|1968-01-14|58
Sandra|López|1983-11-25|42
Héctor|Martínez|1949-02-17|77
Elena|Martínez|1975-07-16|50
María|Suárez|1974-01-16|52
Verónica|Flores|1968-03-28|58
Mónica|Guerrero|1971-11-26|54
Sandra|Rodríguez|1998-07-13|27
Mónica|Vega|2003-04-16|23
Carmen|Vega|1965-04-24|61
Andrés|Guerrero|1966-10-22|59
Roberto|Reyes|1987-03-17|39
Pablo|Cruz|1975-08-30|50
María|Flores|1965-03-13|61
Luis|Delgado|1946-12-27|79
Sergio|Fuentes|1986-03-08|40
Laura|Martínez|1947-07-10|78
Mónica|Guerrero|1968-09-02|57
Claudia|Ramírez|1969-03-11|57
Ana|Vega|1990-07-05|35
Pedro|Jiménez|1961-05-16|65
Lucía|Guerrero|1973-04-02|53
Alejandro|Martínez|1953-08-20|72
Patricia|Castillo|1954-10-03|71
Luis|Rivera|1982-08-04|43
Cristina|Martínez|1956-04-04|70
Roberto|Ríos|1960-07-19|65
Eduardo|Rivera|2000-03-05|26
Eduardo|Ortega|1982-05-24|43
Natalia|Ramos|1959-03-14|67
Mónica|Vargas|1989-12-06|36
José|Torres|1946-05-21|79
Sandra|Cruz|1951-07-02|74
Diana|Silva|1979-08-26|46
Ana|Pérez|1977-06-01|48
Valentina|Ríos|1997-12-09|28
Juan|Ramos|1998-10-25|27
Patricia|Díaz|1999-03-13|27
Eduardo|Ramírez|1985-03-29|41
Mario|Ruiz|1959-01-23|67
Miguel|Morales|1953-05-25|72
Ana|Castro|2005-03-13|21
Sandra|Flores|1962-09-12|63
Mario|Díaz|1995-06-05|30
Sandra|Pérez|1992-06-23|33
Ricardo|Medina|1984-06-17|41
Mario|Mendoza|2003-10-11|22
Rosa|Rojas|1981-07-31|44
Rosa|Ramírez|1969-05-11|57
Sofía|Romero|1966-12-17|59
Valentina|Castro|1958-03-27|68
Sergio|Rivera|1978-12-03|47
Pedro|Rodríguez|1969-03-12|57
Alejandro|Vargas|1987-02-09|39
Sergio|Suárez|1988-05-14|38
Héctor|González|1986-09-03|39
José|Castro|1983-01-16|43
Héctor|Ramos|1951-10-01|74
Valentina|Morales|1995-07-07|30
Carlos|Mendoza|1991-02-10|35
Sofía|Navarro|1989-07-13|36
Patricia|Gómez|1974-01-10|52
Ana|Rivera|1983-02-07|43
Cristina|Sánchez|1965-08-26|60
Carmen|López|1979-12-24|46
Luis|Hernández|1959-06-11|66
Diego|Guerrero|1991-12-28|34
Patricia|Vargas|1985-10-13|40
Roberto|Morales|1991-02-13|35
Ana|Díaz|1947-08-04|78
Diego|Jiménez|1996-04-08|30
Manuel|Hernández|1956-05-15|70
Valentina|Ortega|2004-06-09|21
Roberto|Ramírez|1959-06-13|66
Diego|Guerrero|1998-12-02|27
Claudia|Jiménez|2006-05-16|20
María|Rivera|1952-03-10|74
Valentina|Fuentes|2006-07-11|19
Valentina|Ramírez|1992-02-24|34
Lucía|Flores|1981-11-12|44
Natalia|Jiménez|1978-06-28|47
Valentina|Aguilar|1985-03-22|41
Pedro|Vargas|1971-11-25|54
Pablo|Torres|1958-08-11|67
Elena|Ortiz|1962-02-21|64
Diana|Castillo|1968-12-12|57
Rafael|Molina|1998-12-11|27
Andrés|Vargas|2007-04-09|19
María|Pérez|1970-12-08|55
Juan|Castillo|1967-11-07|58
Natalia|Silva|2007-09-27|18
Miguel|Álvarez|1957-11-18|68
Luis|López|1972-05-22|53
Andrés|Ríos|1998-03-24|28
Rosa|Álvarez|1967-03-13|59
Sergio|Mendoza|1965-12-22|60
Valentina|Delgado|1954-05-12|72
Mario|Álvarez|1962-11-18|63
Manuel|Martínez|1960-01-05|66
Lucía|Ramírez|1958-08-21|67
Héctor|Pérez|1995-11-17|30
Adriana|Vargas|1956-07-31|69
Carmen|López|1980-03-13|46
Sergio|Castro|1952-10-28|73
Luis|Álvarez|1975-02-10|51
Cristina|Vega|1958-02-02|68
Lucía|Álvarez|1970-01-12|56
Javier|Vargas|1989-01-12|37
Pablo|Castro|1992-12-10|33
Alejandro|Rodríguez|1955-12-08|70
Sofía|Rivera|1955-04-29|71
Miguel|Romero|1975-10-17|50
Roberto|Álvarez|1965-02-02|61
Ricardo|Navarro|1955-09-16|70
Rosa|Romero|1950-04-17|76
Carlos|Rojas|1966-03-29|60
Natalia|Vega|1959-02-20|67
Sofía|Mendoza|1962-11-10|63
Sofía|Sánchez|1970-05-12|56
Javier|Jiménez|1970-08-19|55
Mónica|Díaz|1994-05-16|32
Javier|Álvarez|1986-03-05|40
Pedro|Díaz|1954-10-29|71
Eduardo|Suárez|1970-01-28|56
Laura|Rivera|2003-09-07|22
Héctor|Sánchez|1951-11-03|74
Carmen|López|1984-05-09|42
Javier|Álvarez|1954-02-03|72
Diana|Cruz|1951-12-31|74
Sandra|Sánchez|1996-11-20|29
Andrés|Delgado|1949-09-26|76
Mario|Flores|1999-12-28|26
Gabriela|Mendoza|2005-10-09|20
Eduardo|Castro|1999-07-18|26
Carlos|Castro|1956-03-17|70
Roberto|Ortiz|1976-02-28|50
Manuel|Jiménez|2006-01-06|20
Sergio|Guerrero|2001-07-30|24
Pablo|Mendoza|2001-10-26|24
Cristina|Castro|1976-12-28|49
Andrés|Gómez|1978-03-02|48
Verónica|Castillo|1983-01-09|43
Andrés|Gómez|2002-04-24|24
Valentina|Ramírez|1995-02-27|31
Pedro|Mendoza|1987-10-26|38
Rafael|Ortega|1997-02-24|29
Natalia|Castillo|1972-03-13|54
Elena|Ruiz|1997-09-04|28
María|Medina|2005-03-30|21
Cristina|Delgado|1947-09-28|78
Diego|Castro|1966-06-17|59
Isabel|Delgado|1986-12-23|39
María|Díaz|1995-09-02|30
Cristina|Castillo|1949-01-28|77
Sofía|Vega|1990-10-06|35
Diego|Martínez|1947-05-22|78
Lucía|Gómez|1979-04-17|47
Javier|Reyes|1969-10-16|56
Claudia|Romero|1994-03-12|32
Adriana|Reyes|1980-10-09|45
Alejandro|Romero|2005-03-01|21
Carlos|Flores|1950-04-07|76
Miguel|Ortega|1960-11-09|65
Sofía|Hernández|1948-03-07|78
Roberto|Romero|1984-07-08|41
Fernando|Pérez|1961-09-07|64
Adriana|Rodríguez|1984-10-12|41
Gabriela|Suárez|1993-05-08|33
Luis|Torres|1962-03-13|64
Patricia|Guerrero|1952-11-23|73
Rafael|Silva|1950-04-01|76
Luis|González|2001-10-22|24
Adriana|Mendoza|1981-10-23|44
Fernando|Ríos|1956-01-21|70
Pedro|Torres|1946-11-03|79
Verónica|Navarro|1980-02-02|46
Elena|García|1989-07-08|36
Miguel|Rodríguez|1988-04-19|38
Juan|Cruz|1984-01-27|42
Sergio|Ruiz|1962-06-15|63
Juan|Rodríguez|1950-09-10|75
Valentina|Reyes|1965-08-18|60
Isabel|Romero|1969-10-23|56
Sergio|Morales|2005-05-27|20
Manuel|Jiménez|1952-01-17|74
Héctor|Ramírez|1966-11-27|59
Manuel|Rojas|2008-03-28|18
Valentina|Gómez|2000-06-26|25
Pedro|Díaz|1974-07-24|51
Roberto|Ramírez|2001-01-27|25
Isabel|Cruz|1990-08-28|35
Natalia|Torres|1968-07-02|57
Eduardo|González|1947-03-05|79
Manuel|González|1967-07-22|58
Andrés|Ríos|2001-10-27|24
Diana|Álvarez|1991-09-07|34
Ricardo|Castillo|1959-04-18|67
Adriana|Vega|2000-04-16|26
Sofía|González|1989-08-21|36
Mario|Ramírez|1997-08-05|28
Laura|Gómez|1972-04-02|54
Sergio|Ortiz|1963-01-21|63
Diana|Ríos|1980-09-21|45
Valentina|Vargas|1997-05-11|29
Sofía|Silva|1947-07-02|78
Claudia|Ortega|2001-08-03|24
José|Delgado|1984-06-18|41
Ana|Guerrero|1961-10-26|64
Ricardo|Romero|1951-05-29|74
Alejandro|Reyes|1978-02-24|48
Elena|Suárez|1974-08-10|51
Héctor|Aguilar|1963-03-27|63
Valentina|Vega|1962-04-06|64
Mónica|Mendoza|1979-03-18|47
Lucía|Torres|1974-04-08|52
Mónica|Romero|1983-08-02|42
Natalia|Molina|1995-06-07|30
Natalia|Ortiz|1953-07-28|72
Rosa|Torres|1953-01-28|73
Manuel|Vargas|1950-08-24|75
Cristina|Delgado|1950-12-25|75
Pablo|Vega|1985-01-04|41
Sandra|Ramos|1994-11-11|31
Valentina|Ortega|1984-06-06|41
Sofía|Torres|1958-09-14|67
Diego|Torres|1982-09-21|43
Roberto|Delgado|1998-05-16|28
Lucía|Vargas|1977-12-25|48
Natalia|Ramírez|1968-01-02|58
Sandra|Flores|1987-02-24|39
Carmen|Reyes|1960-10-01|65
José|Aguilar|1968-12-05|57
Héctor|Medina|1967-11-06|58
Gabriela|Díaz|1964-06-10|61
Roberto|Aguilar|1959-05-22|66
Pablo|García|2008-04-28|18
Laura|Delgado|1998-11-04|27
María|Martínez|1996-06-06|29
Cristina|Ortega|1981-04-27|45
Javier|Torres|1970-07-05|55
Elena|Flores|1997-10-14|28
Sandra|Ortiz|1969-02-01|57
Roberto|Gómez|1947-09-17|78
Gabriela|Navarro|1968-03-13|58
Diego|Ortiz|1986-08-10|39
Carlos|Morales|1977-06-29|48
Lucía|Martínez|1951-06-28|74
Mónica|Guerrero|1947-12-24|78
Mónica|Medina|1968-03-16|58
Adriana|Morales|2008-04-28|18
Pedro|Sánchez|1954-04-16|72
Diana|Sánchez|1952-09-04|73
Pablo|Medina|1961-02-15|65
Alejandro|Gómez|1995-09-15|30
Rafael|Álvarez|1947-03-24|79
Sandra|Ortiz|1953-01-26|73
Patricia|Guerrero|1946-11-17|79
Mónica|Mendoza|1946-08-06|79
Sergio|Rodríguez|1972-05-03|54
Javier|Fuentes|1978-01-16|48
Roberto|Romero|1987-10-31|38
Eduardo|Martínez|1958-04-13|68
Gabriela|Castillo|1964-03-10|62
Miguel|Díaz|1985-09-19|40
Isabel|Jiménez|1996-10-27|29
Rafael|Vega|1959-04-20|67
Sandra|Aguilar|1985-09-26|40
Eduardo|Romero|1994-04-22|32
Mónica|Ramos|2005-12-22|20
Valentina|Pérez|1966-02-18|60
Adriana|Ramírez|1964-10-15|61
Ricardo|Mendoza|1947-06-25|78
Rafael|Flores|1995-08-03|30
María|Rivera|1962-09-12|63
Gabriela|Jiménez|2000-10-31|25
Manuel|Silva|1961-08-03|64
Eduardo|Pérez|1981-07-31|44
Claudia|Vega|1947-08-02|78
Mónica|Torres|1969-08-26|56
Adriana|Fuentes|1967-11-08|58
Natalia|González|1988-02-25|38
Diego|Vargas|1963-07-20|62
Verónica|Rodríguez|1953-04-10|73
Mónica|Rodríguez|1963-06-27|62
Mónica|López|1970-11-26|55
Eduardo|Castro|1991-06-24|34
Eduardo|Ortega|1978-01-18|48
Rosa|Ortega|2007-09-16|18
Ricardo|Pérez|1969-02-08|57
Juan|Ruiz|1966-05-11|60
Manuel|Cruz|1947-06-14|78
Verónica|Medina|1991-11-05|34
Isabel|García|1971-12-06|54
Claudia|Ríos|1980-09-22|45
María|Romero|1976-12-08|49
Mario|Torres|1990-07-18|35
Lucía|López|1956-06-30|69
Eduardo|Ortiz|1949-06-06|76
Lucía|Silva|1946-06-28|79
Valentina|Romero|1963-11-14|62
Adriana|Medina|1948-06-17|77
Javier|Ramírez|1955-09-16|70
Juan|Castro|1965-07-01|60
Rosa|Álvarez|1947-03-20|79
Eduardo|Álvarez|2001-10-10|24
Sofía|Cruz|1976-12-09|49
Diana|Fuentes|2002-07-28|23
Alejandro|Molina|1966-05-26|59
Mario|Vega|1996-05-03|30
Laura|Aguilar|1950-09-13|75
Manuel|Castillo|1963-10-12|62
Ricardo|Molina|1974-02-03|52
Luis|Ríos|1995-04-26|31
Manuel|Cruz|2002-06-25|23
Elena|Jiménez|1962-10-03|63
Ricardo|Castro|2008-03-16|18
Diego|Molina|1954-03-23|72
Patricia|Navarro|1979-03-12|47
Pedro|Álvarez|1992-10-12|33
Eduardo|Ortiz|1969-06-22|56
Ana|Romero|1987-03-07|39
Cristina|Ortiz|1998-04-29|28
Sergio|Álvarez|2001-05-31|24
José|Ramírez|1979-08-10|46
Diego|Martínez|1970-12-14|55
Laura|García|2007-02-22|19
José|Ramos|1991-02-19|35
Miguel|Medina|1998-01-08|28
Fernando|Castro|1997-03-06|29
Rafael|Molina|1982-04-04|44
Diana|Morales|1987-10-06|38
Gabriela|Vargas|1971-03-30|55
Manuel|Guerrero|1981-06-25|44
Mario|Castro|1961-08-15|64
Ana|Rivera|1954-07-20|71
Claudia|Martínez|1997-10-19|28
Verónica|Gómez|1948-01-03|78
José|López|1978-11-07|47
Ana|Vargas|1999-04-14|27
Fernando|Rodríguez|1980-11-19|45
Andrés|Torres|1957-10-30|68
Fernando|Silva|1976-07-01|49
Pablo|Navarro|1984-11-17|41
Sandra|Álvarez|2003-09-01|22
Miguel|Hernández|2002-11-12|23
Carlos|Castro|1954-05-28|71
Elena|Rivera|1995-01-31|31
Valentina|Mendoza|1962-05-13|64
José|Rodríguez|1959-07-14|66
Isabel|Romero|1947-02-06|79
Manuel|Aguilar|1992-07-17|33
Rosa|Mendoza|1998-10-31|27
Claudia|Rojas|1986-04-03|40
Luis|Díaz|1988-06-08|37
Lucía|Romero|2007-02-03|19
Isabel|Rodríguez|1974-08-29|51
Carlos|Pérez|1978-02-09|48
Fernando|Silva|1962-01-19|64
Roberto|Ortiz|1981-04-08|45
Sofía|Castillo|1999-04-06|27
Rosa|Flores|1979-06-02|46
Isabel|Jiménez|1949-10-05|76
Carmen|Delgado|1947-01-11|79
Andrés|Flores|1962-07-04|63
Isabel|Ramos|2004-06-19|21
Pablo|Rojas|1978-09-17|47
Elena|Mendoza|2001-08-27|24
Claudia|Morales|1963-12-13|62
Elena|Álvarez|2002-05-16|24
Rafael|Rojas|1983-02-07|43
Lucía|Romero|1982-01-17|44
Ana|González|2007-03-14|19
Juan|Díaz|1971-08-17|54
María|Álvarez|1965-08-27|60
Juan|Vega|1966-06-09|59
José|Medina|1967-10-07|58
Gabriela|Suárez|2001-08-01|24
Diego|Pérez|1996-03-05|30
Natalia|Medina|1960-11-18|65
Miguel|Rojas|1946-09-10|79
Lucía|Díaz|1959-02-04|67
Manuel|Ramos|1987-04-16|39
Manuel|Flores|1966-07-12|59
Javier|Guerrero|1971-12-09|54
Roberto|López|1947-01-29|79
Rafael|Molina|2004-09-21|21
Sandra|Romero|1994-03-18|32
Adriana|Reyes|1988-12-07|37
Carmen|Ramírez|1992-01-15|34
Manuel|Vega|1979-05-29|46
Lucía|Torres|1983-03-01|43
Isabel|Fuentes|1992-11-21|33
Sergio|Gómez|1996-09-16|29
Miguel|Rojas|1959-03-18|67
Rafael|Reyes|2006-07-10|19
Ana|Castillo|1959-07-25|66
Roberto|García|2007-04-11|19
Mario|Medina|1983-05-10|43
Rafael|Castro|1946-08-30|79
Eduardo|Rivera|1971-03-27|55
Diana|Vargas|1950-10-26|75
Patricia|Ruiz|1990-01-11|36
Mario|Castro|1966-05-26|59
Rosa|Díaz|1990-03-02|36
Gabriela|Castillo|1995-11-29|30
Valentina|Ramírez|1953-03-11|73
Carmen|Suárez|1971-04-15|55
Elena|Navarro|1973-05-04|53
Elena|Ramos|1964-08-01|61
Rafael|Romero|1971-05-10|55
José|Fuentes|1988-07-23|37
Javier|Díaz|1986-03-14|40
Luis|Medina|1998-02-26|28
Juan|Morales|1950-05-01|76
Laura|López|1970-04-10|56
Lucía|Silva|1996-03-08|30
Javier|Ríos|1959-06-19|66
Pedro|Sánchez|1999-07-20|26
Héctor|Ruiz|1972-03-04|54
Fernando|Sánchez|1968-10-01|57
Alejandro|Morales|1966-04-25|60
Adriana|Martínez|1987-10-24|38
Claudia|Vargas|1969-07-06|56
Natalia|Fuentes|1957-01-25|69
Rafael|Ramos|2008-01-04|18
Isabel|Díaz|1985-07-27|40
Mónica|Ríos|1972-11-25|53
Ricardo|Ortega|1955-09-09|70
José|Aguilar|1957-03-05|69
Lucía|Rivera|2003-01-14|23
Héctor|Gómez|1991-08-12|34
Natalia|Castillo|2005-09-15|20
Gabriela|Guerrero|1997-12-29|28
Laura|Cruz|1986-08-28|39
Elena|Guerrero|1960-04-16|66
Natalia|Aguilar|1999-12-01|26
Natalia|Morales|1978-05-01|48
Lucía|Navarro|1999-08-07|26
Mónica|Delgado|1989-02-07|37
Luis|Romero|1988-10-08|37
Juan|Cruz|1989-10-24|36
Eduardo|Cruz|1985-10-25|40
Fernando|Castillo|1999-10-13|26
Carlos|Castro|1985-12-11|40
Carmen|Medina|1959-10-18|66
Carmen|Suárez|1981-03-25|45
Valentina|Castro|1959-07-12|66
Verónica|Ramos|1954-09-08|71
María|Hernández|1963-03-05|63
Lucía|Reyes|1959-09-08|66
Ricardo|Vega|1954-02-04|72
Rosa|Gómez|1978-11-09|47
Javier|Jiménez|1975-11-03|50
Roberto|Ramírez|1949-12-19|76
Pedro|Torres|2000-06-05|25
Andrés|Vega|1970-03-12|56
Fernando|Navarro|2006-03-26|20
Sandra|Vargas|2003-01-16|23
Ana|Aguilar|1978-12-12|47
Rosa|Torres|1971-07-03|54
Eduardo|Sánchez|1951-07-05|74
Miguel|Vega|1956-03-04|70
Carmen|Delgado|1984-03-12|42
Carmen|Gómez|1990-07-21|35
Cristina|Jiménez|1988-10-25|37
Ricardo|Navarro|2004-02-24|22
María|Rojas|1970-08-10|55
Mario|Ramos|1984-08-13|41
Pablo|Medina|1967-07-07|58
Luis|Flores|1974-07-27|51
Adriana|Cruz|1994-09-29|31
José|Rivera|1964-09-29|61
Diego|Reyes|2006-12-05|19
Roberto|González|1994-07-21|31
Roberto|Ortega|1981-02-23|45
Rosa|Suárez|1987-05-01|39
José|Ortega|1988-07-09|37
Pedro|Medina|1971-08-10|54
Verónica|Ruiz|1949-03-03|77
Fernando|Ríos|1958-05-18|68
Eduardo|Mendoza|2002-08-03|23
Sofía|Ramírez|1995-07-04|30
Rosa|Silva|1969-04-06|57
Mario|Ortiz|1950-05-09|76
José|Ríos|2006-11-29|19
Rafael|Morales|1956-09-05|69
Manuel|Suárez|1963-04-21|63
Valentina|Medina|1987-12-30|38
Diego|Castillo|1973-05-16|53
Manuel|Ortega|1990-04-27|36
Sergio|Mendoza|1957-08-08|68
Héctor|Romero|1992-09-18|33
Valentina|Flores|1975-05-07|51
Alejandro|Castillo|1978-06-06|47
María|Vargas|1996-11-20|29
Héctor|Mendoza|1959-04-25|67
Ricardo|Aguilar|1978-01-13|48
Natalia|Sánchez|1951-01-17|75
Mónica|Martínez|1961-12-24|64
Diana|Medina|1974-10-17|51
Pablo|Ramírez|1958-08-31|67
Carlos|Medina|1976-04-13|50
Adriana|Rivera|2007-03-16|19
Juan|Silva|1968-09-26|57
José|Medina|1989-04-13|37
Mónica|Rodríguez|1994-02-04|32
Pablo|García|1972-01-03|54
Carlos|Romero|1973-08-03|52
Laura|Castillo|1973-06-09|52
Claudia|Sánchez|1990-02-14|36
Rafael|Díaz|1948-04-14|78
Isabel|Ramos|1971-08-08|54
Pedro|Romero|1973-02-26|53
María|Castro|1992-05-16|34
Diana|Ruiz|1964-03-30|62
Lucía|Molina|1986-04-24|40
Alejandro|Navarro|1980-01-19|46
Natalia|Romero|1969-04-24|57
Eduardo|Jiménez|1970-06-11|55
Ana|Romero|1977-05-12|49
Claudia|Navarro|1961-07-30|64
Sandra|Mendoza|1970-08-16|55
Javier|González|1952-07-16|73
Ana|Hernández|1957-03-06|69
Ricardo|Gómez|2001-10-07|24
Diego|Suárez|1986-06-05|39
Patricia|Morales|1979-11-20|46
Rafael|Flores|1993-07-02|32
Héctor|Romero|1982-08-16|43
Pedro|Rodríguez|1992-09-21|33
Adriana|Díaz|2001-03-17|25
Mario|Guerrero|1950-01-22|76
Natalia|Díaz|1979-09-25|46
Roberto|Ramos|1979-06-13|46
Alejandro|Medina|1974-11-07|51
Mario|Castro|1971-07-26|54
Patricia|García|1968-06-25|57
Eduardo|Mendoza|1974-09-30|51
Cristina|Cruz|1949-08-13|76
Diana|Ortega|1998-12-25|27
Mónica|Pérez|1947-01-02|79
Sandra|Romero|2005-03-13|21
Gabriela|Cruz|1980-11-14|45
Manuel|Guerrero|1967-10-04|58
Andrés|Ramos|1972-08-01|53
Mónica|Ortega|1972-12-14|53
Ana|Ramos|1969-12-18|56
Eduardo|Cruz|1955-06-06|70
Diego|Rojas|1974-06-04|51
Javier|Rivera|1991-10-01|34
Sergio|Álvarez|1947-04-05|79
Alejandro|Morales|1965-01-08|61
Patricia|Aguilar|2002-09-24|23
Sergio|Mendoza|1957-08-12|68
María|González|1952-08-04|73
Gabriela|Sánchez|1970-01-20|56
Miguel|López|2007-04-12|19
Alejandro|Ramírez|1947-05-31|78
Patricia|Flores|1995-03-04|31
Manuel|Guerrero|1963-12-22|62
Lucía|Gómez|1966-10-21|59
Javier|Medina|1999-09-09|26
Andrés|López|1990-08-12|35
Sandra|Flores|1991-12-11|34
Pablo|Guerrero|1959-11-20|66
Mario|Hernández|1998-09-09|27
Natalia|Rojas|1985-05-12|41
Isabel|Rodríguez|1961-05-23|64
Sofía|Rivera|1996-09-12|29
María|González|2001-11-15|24
Mario|García|1978-07-03|47
Natalia|Gómez|1975-12-08|50
Claudia|Ramos|1999-11-04|26
Rafael|Rodríguez|1991-10-06|34
Valentina|López|1985-11-27|40
Héctor|Guerrero|2008-03-18|18
Elena|Medina|1960-12-17|65
Luis|Torres|1966-09-23|59
Valentina|González|1964-03-05|62
María|Ruiz|1964-07-02|61
Miguel|Martínez|2001-05-03|25
Rosa|González|1979-10-17|46
Miguel|Aguilar|1976-02-08|50
Miguel|González|1982-10-07|43
Ricardo|Rojas|1949-07-26|76
Carmen|Rojas|1967-10-11|58
María|Medina|2005-09-07|20
Adriana|Cruz|1953-11-22|72
Alejandro|Cruz|1967-07-29|58
Pablo|Morales|1980-06-09|45
Pedro|Torres|1962-08-23|63
Carmen|Pérez|2003-03-08|23
Adriana|Medina|2007-12-19|18
Manuel|Ramos|1987-10-14|38
Lucía|Morales|1978-08-21|47
José|Vargas|1999-10-07|26
Miguel|Fuentes|1991-12-31|34
Eduardo|Navarro|1946-07-23|79
Carlos|Torres|1978-05-29|47
Cristina|Álvarez|1978-01-05|48
Natalia|Sánchez|1976-06-27|49
Fernando|Torres|1974-06-12|51
Natalia|Reyes|1980-05-19|46
Fernando|González|1978-03-01|48
Pablo|Cruz|1992-01-31|34
Diego|Sánchez|1962-10-13|63
Pablo|Ramírez|1958-02-20|68
Diana|Hernández|2003-01-06|23
Ana|Reyes|1956-05-28|69
Adriana|Díaz|1965-08-12|60
María|Castro|1995-10-02|30
Diego|Álvarez|1957-04-16|69
Isabel|Flores|1996-12-16|29
María|Martínez|1982-09-09|43
Eduardo|Rojas|1961-07-12|64
Sergio|Molina|1988-04-06|38
Adriana|Ríos|2004-07-26|21
Eduardo|Molina|1955-10-07|70
Manuel|Suárez|1957-10-26|68
Carlos|Castro|1979-07-06|46
Alejandro|García|1948-06-24|77
Pedro|Molina|1954-04-09|72
Verónica|Mendoza|1970-04-25|56
Cristina|Ortiz|1994-06-29|31
Fernando|Díaz|1956-01-08|70
Javier|Morales|1956-08-02|69
Elena|Flores|2001-07-02|24
Mónica|Ortega|1996-06-29|29
Pedro|Guerrero|1948-05-10|78
Rosa|Romero|1997-04-05|29
Ricardo|Díaz|1952-03-22|74
Pedro|López|1970-01-04|56
Javier|Díaz|1975-05-19|51
Ana|Flores|1992-02-03|34
María|Castillo|1982-11-09|43
Mario|Romero|1983-04-15|43
Andrés|Guerrero|2000-03-10|26
Diego|Ruiz|1975-06-12|50
Lucía|Morales|2008-04-08|18
Pablo|Pérez|1999-09-04|26
Carlos|Díaz|1986-10-01|39
Carlos|Rodríguez|1996-03-12|30
Fernando|Suárez|1974-10-14|51
Claudia|Molina|1965-11-16|60
Sofía|Ortiz|1992-07-15|33
Adriana|García|2007-12-31|18
Diana|Rivera|1997-06-18|28
Verónica|Reyes|2001-07-18|24
Carmen|Guerrero|1981-08-06|44
Juan|Aguilar|1987-11-04|38
Alejandro|Ramírez|1991-02-07|35
Juan|Guerrero|1962-05-15|64
Verónica|Navarro|1947-09-05|78
Roberto|Aguilar|1974-10-14|51
Diego|Hernández|1996-01-09|30
Héctor|Díaz|1957-10-27|68
Diana|González|2005-02-19|21
Claudia|Cruz|1985-05-11|41
Juan|Silva|1946-10-18|79
María|López|1981-01-28|45
Sandra|Castillo|2000-06-16|25
Elena|Delgado|1976-04-06|50
Lucía|Mendoza|1999-02-05|27
Juan|García|2005-12-12|20
Claudia|García|1952-11-05|73
Laura|Vargas|2007-04-14|19
Fernando|Cruz|2006-06-03|19
Sandra|Reyes|1957-02-23|69
Alejandro|Rodríguez|1966-11-23|59
Diana|Ortiz|1996-01-26|30
Natalia|Sánchez|1975-08-20|50
Natalia|García|1984-04-29|42
Andrés|Rojas|1947-01-25|79
Rafael|Delgado|2000-08-26|25
Rosa|Gómez|2000-05-19|26
Carmen|Navarro|1998-11-23|27
Luis|Morales|1960-09-15|65
Laura|Ruiz|1974-04-07|52
Ricardo|Sánchez|1994-08-17|31
Elena|Rodríguez|1971-08-20|54
María|Ríos|1982-04-13|44
Fernando|Silva|1952-03-11|74
Sergio|Sánchez|1959-02-09|67
Miguel|Medina|1994-04-16|32
Patricia|Rivera|1989-12-16|36
Roberto|Cruz|1986-03-12|40
Valentina|Morales|1986-07-26|39
Rosa|Castro|1993-09-17|32
Roberto|Morales|1997-05-10|29
Laura|Molina|1997-05-05|29
Ana|Rodríguez|1955-06-18|70
Natalia|Cruz|1987-03-08|39
Elena|Guerrero|1959-03-31|67
Pedro|Mendoza|1966-03-16|60
Rafael|Castro|1968-03-03|58
Elena|Ortega|1985-06-27|40
Sofía|Guerrero|1974-01-23|52
Elena|Mendoza|1967-04-29|59
María|Pérez|1972-08-21|53
Juan|Ríos|1967-08-31|58
Adriana|Ruiz|1967-07-13|58
Andrés|Fuentes|1955-05-21|70
Rafael|Reyes|1964-12-16|61
Gabriela|Aguilar|1992-05-19|34
Sofía|Ortiz|1967-12-31|58
María|Morales|2003-09-26|22
Patricia|Morales|1958-12-18|67
Verónica|López|1948-01-05|78
Rosa|Castro|1989-11-16|36
Ana|Cruz|1997-05-19|29
Claudia|Silva|1949-12-30|76
Pedro|Vargas|1967-05-10|59
Lucía|Romero|1980-09-04|45
Gabriela|Sánchez|1970-02-23|56
Héctor|Ruiz|2000-05-30|25
Cristina|Gómez|1985-10-25|40
Valentina|Torres|1982-04-29|44
Claudia|Ramos|1983-03-24|43
Diego|López|1980-06-11|45
Sandra|Guerrero|1980-08-15|45
Alejandro|Torres|1976-11-20|49
Luis|López|1980-08-14|45
Diana|Díaz|2000-06-02|25
Sofía|Guerrero|1968-11-12|57
Gabriela|Vargas|1955-09-06|70
Adriana|Ríos|1969-05-16|57
Sofía|Hernández|1990-08-26|35
María|Díaz|1956-02-05|70
Héctor|Fuentes|1965-06-19|60
Sergio|Rodríguez|1971-01-09|55
Juan|Ortega|1997-11-02|28
José|Medina|1975-06-17|50
Alejandro|Mendoza|1978-02-19|48
Javier|Álvarez|1947-07-12|78
Sandra|Guerrero|1988-08-31|37
Miguel|Martínez|1957-12-19|68
Eduardo|Ortiz|1958-12-17|67
Javier|Fuentes|1959-06-17|66
Manuel|Ramos|1979-07-26|46
Diego|Álvarez|1952-06-27|73
José|Suárez|1990-02-04|36
Mónica|González|1995-07-20|30
Héctor|Álvarez|1998-05-21|27
Miguel|Ramírez|1987-09-13|38
Elena|Hernández|1979-02-20|47
Roberto|Díaz|1960-07-29|65
Adriana|Silva|2002-05-15|24
Natalia|Rodríguez|1994-01-28|32
Verónica|Álvarez|1948-10-26|77
Sofía|Castillo|2001-10-01|24
Isabel|Jiménez|1983-09-16|42
Manuel|Ortiz|1976-03-11|50
Luis|Flores|1969-05-25|56
Elena|Torres|2001-05-12|25
Pedro|Hernández|1986-12-14|39
Sergio|Romero|1999-07-07|26
Diego|Medina|1967-11-09|58
Verónica|Jiménez|1976-01-04|50
Javier|López|1960-04-28|66
Carlos|Pérez|2006-04-19|20
Rosa|Álvarez|1963-02-13|63
Diana|García|1961-03-12|65
Patricia|Ríos|2005-10-28|20
Miguel|Delgado|1956-09-01|69
Lucía|Gómez|1995-11-28|30
Eduardo|González|1971-08-04|54
Cristina|Ramírez|2006-09-24|19
Natalia|Torres|1955-07-19|70
Roberto|Torres|1958-10-15|67
Fernando|Ramírez|1959-06-29|66
Rosa|Ramírez|2003-10-15|22
Eduardo|Molina|1948-10-03|77
Ana|Ortiz|1975-08-25|50
Carmen|Medina|1995-04-05|31
Valentina|Vargas|1982-01-01|44
Carlos|Ramírez|1979-05-30|46
Roberto|Aguilar|1986-07-17|39
Roberto|Navarro|1961-04-26|65
Gabriela|Castillo|2002-06-06|23
María|Flores|2007-08-13|18
Verónica|Martínez|1951-09-28|74
Diana|Mendoza|1992-07-13|33
Mónica|González|2001-03-05|25
Alejandro|Torres|1965-01-03|61
Carlos|Jiménez|1952-07-23|73
Miguel|Silva|1986-09-03|39
Adriana|Vega|1956-06-19|69
Eduardo|Guerrero|1991-02-25|35
Héctor|Mendoza|2004-06-22|21
Pedro|Mendoza|1993-09-06|32
Luis|Hernández|1963-06-02|62
Fernando|Ortiz|1989-08-25|36
Pedro|Ortega|1962-05-24|63
Pedro|González|1957-01-07|69
Ana|Flores|1951-06-09|74
Manuel|Aguilar|1970-07-31|55
Eduardo|Ramos|1970-08-20|55
Laura|Ortega|1984-02-09|42
Rafael|Ríos|1964-11-08|61
Natalia|Romero|1948-02-16|78
Javier|Díaz|1948-10-31|77
Mónica|Rojas|1970-01-17|56
Natalia|Torres|2003-08-28|22
Ana|Torres|1982-01-28|44
José|Romero|1982-03-13|44
Carmen|Jiménez|2004-07-16|21
Miguel|Fuentes|1957-09-24|68
Pablo|Delgado|1967-03-29|59
Carlos|Castillo|1959-07-15|66
Juan|Rojas|1986-03-03|40
Andrés|Vega|1957-01-22|69
Ana|Silva|1954-09-15|71
Diana|Silva|1993-10-20|32
Ana|Morales|1991-05-16|35
Pablo|Rojas|2006-03-21|20
Sofía|Ruiz|1972-10-13|53
Laura|Rivera|1964-10-18|61
Luis|Álvarez|2003-06-23|22
Sergio|González|1972-06-05|53
Carlos|Rojas|1949-09-20|76
Ana|Díaz|2005-11-02|20
Claudia|Martínez|1975-09-30|50
Rafael|Ríos|1995-06-15|30
Carmen|Ruiz|1976-12-01|49
María|Gómez|1960-08-23|65
Pablo|Aguilar|1973-08-09|52
Pablo|Romero|1951-09-24|74
Lucía|Romero|1991-09-07|34
Sergio|Castillo|1965-04-03|61
Pedro|Medina|1985-04-08|41
Adriana|Rivera|1995-10-15|30
Verónica|Álvarez|1962-02-06|64
Cristina|Guerrero|1958-02-13|68
Claudia|Ortega|1946-12-02|79
Sergio|Morales|1949-11-06|76
Adriana|Rivera|1986-01-08|40
Sergio|Ríos|1985-03-25|41
Claudia|Ortiz|1951-01-16|75
Manuel|Pérez|1984-12-10|41
Carlos|Suárez|1983-02-21|43
Rosa|Rivera|1950-06-24|75
Cristina|Martínez|1962-11-01|63
Luis|Delgado|1994-05-08|32
Mario|Rivera|1992-10-02|33
Carmen|Ramírez|2002-01-31|24
Fernando|Mendoza|1971-07-12|54
Javier|Vargas|1968-08-29|57
Pablo|Delgado|1974-06-14|51
Fernando|López|1969-01-05|57
Pedro|Suárez|1980-07-06|45
Miguel|Díaz|1978-05-02|48
Miguel|Castillo|1979-10-05|46
Luis|Pérez|1993-01-26|33
Claudia|Cruz|2001-04-27|25
Adriana|Díaz|1951-07-17|74
Miguel|Navarro|1964-09-18|61
Ana|Ríos|1956-04-13|70
Carmen|García|1959-11-27|66
Valentina|Mendoza|1957-01-21|69
Mónica|Gómez|1987-06-26|38
Adriana|Mendoza|1956-07-29|69
Cristina|Ríos|1950-05-23|75
Luis|Gómez|1967-10-10|58
Pablo|Vargas|1979-02-17|47
Manuel|Molina|1953-10-14|72
Mónica|Ramírez|1966-06-11|59
Rosa|Rojas|1979-05-13|47
Eduardo|Cruz|1989-07-03|36
Fernando|López|1950-12-19|75
Andrés|Aguilar|1979-01-02|47
Pablo|Morales|1990-09-04|35
Lucía|Mendoza|1974-11-01|51
Héctor|Morales|1953-05-28|72
Diego|Díaz|1990-04-07|36
Mónica|Pérez|1983-01-19|43
Claudia|Fuentes|2003-12-20|22
Luis|Hernández|1960-12-14|65
Sofía|Guerrero|1947-11-11|78
Sofía|Cruz|1960-03-09|66
Rosa|Castro|1978-03-20|48
Verónica|Díaz|2002-10-22|23
Rosa|Flores|1962-06-03|63
Eduardo|Díaz|1949-02-18|77
Lucía|Ortega|1978-01-16|48
Verónica|Vargas|1988-05-02|38
José|Ortiz|1986-04-12|40
Manuel|Martínez|1967-02-19|59
Verónica|Castillo|1985-12-01|40
Andrés|Castillo|1982-09-15|43
Natalia|Castillo|1975-01-31|51
Rosa|Morales|1956-07-09|69
Juan|Ruiz|2004-04-08|22
Patricia|Ramos|1980-12-10|45
Carlos|Rodríguez|1981-06-13|44
Javier|Navarro|1990-04-19|36
Isabel|González|1949-07-26|76
Diana|Pérez|1993-07-09|32
Gabriela|Torres|1994-02-09|32
Verónica|Vargas|1980-09-26|45
Alejandro|Jiménez|1982-08-19|43
María|Rojas|1950-07-31|75
Cristina|Silva|1986-08-28|39
Carlos|Pérez|2007-08-16|18
Cristina|Ríos|1972-04-06|54
Elena|Díaz|1995-04-08|31
Gabriela|Cruz|1987-01-31|39
Patricia|Aguilar|1956-03-18|70
Laura|Ramos|1997-02-23|29
Patricia|Ramos|1976-09-24|49
Héctor|Ortega|2006-10-30|19
Sergio|Rodríguez|1947-11-08|78
Luis|Silva|1957-10-24|68
Luis|Rodríguez|1970-08-29|55
Luis|Suárez|1981-12-21|44
Sandra|Pérez|1982-08-23|43
Carmen|Ramos|1985-09-05|40
Lucía|Rojas|1994-06-26|31
Andrés|Gómez|1978-02-06|48
Ana|Sánchez|1962-11-06|63
Rafael|Hernández|1955-08-09|70
Laura|González|2006-04-10|20
Ana|Ramos|1947-06-30|78
Fernando|López|1979-09-02|46
Héctor|Jiménez|1979-11-06|46
Isabel|Aguilar|1974-07-16|51
Roberto|Gómez|1955-04-09|71
Andrés|Martínez|1951-05-24|74
Diana|Suárez|1979-07-13|46
Elena|Castillo|1956-10-12|69
Ana|Vega|1954-02-07|72
Rosa|Vega|1990-09-17|35
Javier|Ortiz|2002-04-24|24
Sergio|Castro|2001-01-16|25
María|Reyes|1997-04-25|29
Miguel|Silva|1961-09-26|64
Mónica|López|1991-03-16|35
Laura|Gómez|2001-12-25|24
Ana|Delgado|1962-04-10|64
Adriana|Aguilar|1972-03-18|54
Ana|Medina|1996-06-06|29
Pablo|Ruiz|2001-01-08|25
Rafael|Vargas|1985-07-05|40
Patricia|Rivera|1980-07-06|45
Cristina|Medina|1950-06-30|75
Laura|Álvarez|1956-08-13|69
Claudia|Molina|1967-06-05|58
Alejandro|Morales|1978-07-20|47
Sandra|Jiménez|1965-04-12|61
Isabel|Romero|1990-11-17|35
Natalia|Molina|1953-07-26|72
María|Castro|1949-09-14|76
Andrés|Gómez|1953-05-20|72
Andrés|Molina|1947-08-12|78
Rosa|Molina|1949-03-06|77
Mónica|Rojas|1968-12-19|57
Cristina|Guerrero|1961-05-28|64
Juan|Álvarez|2006-07-18|19
Patricia|Castro|1985-07-19|40
Mario|Romero|1978-10-15|47
Alejandro|López|1986-06-03|39
Lucía|Jiménez|1977-10-12|48
Javier|Pérez|1998-08-15|27
Andrés|Flores|1994-09-15|31
Fernando|Ramos|2006-11-14|19
Javier|González|1963-11-27|62
Laura|Martínez|1992-12-24|33
Claudia|Torres|1959-04-29|67
María|Ortiz|1997-01-15|29
Alejandro|Vargas|1956-05-17|70
Sergio|Morales|1962-05-13|64
Javier|Mendoza|1995-06-24|30
Verónica|Rodríguez|1992-03-24|34
Carlos|Vargas|1952-03-18|74
Fernando|Rivera|1987-12-21|38
José|Medina|1997-12-05|28
Héctor|Ortiz|1960-01-31|66
Lucía|Rojas|1987-04-21|39
Patricia|Mendoza|1951-11-28|74
Isabel|Silva|1991-02-15|35
Rosa|López|1964-10-08|61
Pablo|Castillo|1986-06-07|39
Ana|Navarro|1949-03-19|77
Ana|Vega|1977-01-09|49
Mario|Guerrero|1967-04-07|59
Carmen|Sánchez|1996-10-25|29
Elena|Cruz|2008-02-10|18
Diego|Rojas|1962-12-07|63
Adriana|Mendoza|2007-06-25|18
Juan|Morales|1993-05-08|33
Sandra|González|1999-10-26|26
José|Gómez|1976-06-10|49
José|Jiménez|1979-09-07|46
Lucía|Martínez|1981-11-01|44
Mónica|García|1986-06-08|39
Mónica|Sánchez|2000-12-08|25
Juan|Ortiz|1991-07-26|34
Juan|Jiménez|1959-03-17|67
Eduardo|Ramos|1946-08-13|79
Ana|Ríos|1979-01-10|47
Claudia|López|1994-07-02|31
Valentina|Medina|1995-06-21|30
Cristina|Rojas|2008-01-05|18
Valentina|Pérez|1985-04-25|41
Mónica|Delgado|1949-12-17|76
Andrés|Ortega|2005-10-17|20
María|Sánchez|1956-12-29|69
Lucía|Delgado|1952-01-29|74
Ricardo|Jiménez|1962-02-25|64
Eduardo|Romero|1955-02-02|71
Lucía|López|1969-06-07|56
Adriana|Torres|1953-09-21|72
Diego|Guerrero|1986-02-20|40
Carlos|López|1987-02-11|39
Juan|Ramírez|1972-07-15|53
Héctor|Rojas|1984-12-11|41
Juan|Reyes|1991-08-02|34
María|Rodríguez|1991-07-22|34
Pedro|Díaz|2002-06-01|23
Fernando|González|1994-06-18|31
Carlos|Suárez|1952-11-01|73
Rosa|Ortiz|1955-01-09|71
Adriana|Ruiz|1967-06-16|58
José|Álvarez|1987-08-29|38
Carmen|Molina|1970-10-02|55
Héctor|Suárez|2006-03-21|20
Eduardo|Rojas|1978-03-09|48
Rafael|Romero|1997-05-17|29
Diana|Castillo|1949-11-21|76
Valentina|López|1966-03-17|60
Rafael|Álvarez|1996-09-12|29
Rosa|García|1951-08-31|74
Pablo|López|1997-04-08|29
Ana|Romero|1989-11-08|36
Luis|Reyes|1990-09-07|35
José|Ortega|1985-03-26|41
Sandra|Rodríguez|1964-05-15|62
Verónica|Rojas|1954-01-18|72
Manuel|Gómez|1981-06-17|44
Manuel|Guerrero|1997-06-04|28
Sergio|Molina|1987-07-30|38
Verónica|Romero|1961-07-02|64
Pablo|Pérez|1950-12-11|75
Diana|Silva|1953-05-12|73
Isabel|González|1964-02-06|62
Sofía|Díaz|1981-12-03|44
Ana|Rodríguez|1982-03-19|44
José|Vega|1968-03-09|58
Rosa|Suárez|1986-10-13|39
Verónica|Sánchez|1987-12-23|38
Eduardo|Castillo|1949-11-13|76
Carmen|Rivera|2004-08-16|21
Juan|Hernández|1962-04-08|64
Carlos|Romero|1973-07-17|52
Gabriela|Álvarez|1962-06-25|63
Sergio|Sánchez|1967-05-11|59
Luis|López|1956-12-31|69
Héctor|Navarro|1990-08-14|35
Rafael|Medina|1986-03-25|40
Fernando|Guerrero|1976-06-19|49
Ricardo|Castillo|1970-11-21|55
Ana|Rivera|2000-03-06|26
Rafael|Medina|1973-04-16|53
Pablo|Cruz|1954-06-10|71
Alejandro|Guerrero|2007-10-14|18
Alejandro|Ramos|1947-04-03|79
Valentina|Suárez|1994-01-27|32
Rosa|Castro|1956-12-18|69
Ana|Morales|1951-09-08|74
María|Ortega|1981-02-26|45
Lucía|García|1969-04-21|57
Cristina|Fuentes|1970-07-11|55
Valentina|García|1985-06-05|40
Carlos|Fuentes|1947-05-10|79
Patricia|Reyes|1995-12-06|30
Adriana|Flores|1990-05-10|36
José|Aguilar|1974-04-06|52
Valentina|Ortiz|1959-04-13|67
Javier|Molina|1948-10-20|77
Sandra|Ríos|1986-05-18|40
Adriana|Silva|1966-05-13|60
Miguel|Morales|1979-04-28|47
José|Ramírez|1977-01-03|49
Isabel|Sánchez|1986-10-30|39
Sofía|Reyes|1981-10-26|44
Fernando|Álvarez|1956-07-04|69
Roberto|Cruz|2007-03-24|19
Fernando|Martínez|1997-11-18|28
Fernando|Romero|2006-10-23|19
Rafael|Reyes|1961-03-11|65
Eduardo|Rivera|1951-07-26|74
Javier|Ortiz|1954-06-27|71
José|López|1996-12-05|29
Diego|Álvarez|1992-06-28|33
Miguel|Ortega|1983-12-28|42
Diana|Medina|1984-09-13|41
Diana|Ramos|1974-10-24|51
Mario|Rojas|1971-07-28|54
Mónica|Romero|1991-02-12|35
Ana|Rojas|2003-03-13|23
Gabriela|Vargas|2005-12-04|20
Verónica|Navarro|2007-10-02|18
Miguel|Guerrero|1970-12-31|55
Eduardo|Castillo|1976-04-04|50
Andrés|Suárez|1976-09-06|49
Luis|Ortiz|1979-09-02|46
Alejandro|Ríos|1950-11-28|75
Alejandro|Torres|2002-01-15|24
Lucía|Medina|1963-08-10|62
Luis|Silva|1974-10-29|51
Elena|García|2006-02-28|20
Juan|Castro|1957-07-19|68
Andrés|Guerrero|1999-05-28|26
María|Suárez|1953-11-22|72
Gabriela|Fuentes|2006-08-23|19
Diego|Díaz|1989-10-17|36
Ana|Cruz|1999-02-02|27
Valentina|Ortiz|1961-09-18|64
Pablo|Ramos|2003-02-05|23
Manuel|Ramírez|1992-03-04|34
Carmen|Morales|1947-05-15|79
Rafael|Romero|1999-09-26|26
Mario|Mendoza|2003-02-02|23
Lucía|Vega|2003-10-21|22
Verónica|Díaz|1990-09-04|35
Adriana|Pérez|1982-07-19|43
Valentina|García|1955-07-08|70
Eduardo|Vargas|1957-07-21|68
Claudia|Gómez|1981-05-30|44
Diana|Ortega|1959-05-24|66
Valentina|Fuentes|1954-06-05|71
Isabel|Navarro|1974-11-22|51
Manuel|Morales|1951-06-11|74
José|Jiménez|2004-08-09|21
Sergio|Ruiz|2000-05-07|26
Rosa|Rodríguez|1955-11-19|70
Elena|Castillo|1956-07-16|69
Alejandro|Medina|1990-05-21|35
Héctor|Torres|1959-11-08|66
Pedro|Fuentes|1975-08-28|50
Eduardo|Ríos|1957-12-23|68
Valentina|López|1951-09-09|74
Pedro|Martínez|1959-07-06|66
Luis|Suárez|1959-08-31|66
Verónica|Sánchez|1982-02-14|44
Alejandro|Romero|1960-12-12|65
Sofía|Rivera|1976-12-14|49
Gabriela|Silva|1999-12-13|26
Eduardo|Rivera|1958-04-03|68
Eduardo|Guerrero|1968-10-27|57
Mónica|Sánchez|1968-01-01|58
Ana|Flores|1967-04-13|59
Verónica|Hernández|1970-08-12|55
Gabriela|Rivera|1983-01-19|43
Pedro|Mendoza|1996-12-05|29
Sergio|Medina|1994-05-06|32
Fernando|Gómez|1980-06-29|45
Laura|Suárez|2004-02-10|22
Ricardo|Rodríguez|2005-04-02|21
Carlos|García|1978-07-09|47
Patricia|Fuentes|2008-01-21|18
Diana|Vega|1968-01-08|58
Diego|Navarro|1953-04-11|73
Roberto|Rivera|1952-06-22|73
Eduardo|Ríos|1998-11-30|27
Fernando|Álvarez|1980-08-18|45
Verónica|Suárez|1987-03-28|39
Sergio|Flores|1999-04-12|27
Mónica|Romero|1991-09-05|34
Roberto|Cruz|2004-01-24|22
Javier|Martínez|1992-02-19|34
Carlos|Cruz|1948-01-03|78
Elena|Gómez|1963-11-02|62
Sofía|Pérez|1963-06-19|62
Miguel|Vega|1984-07-02|41
Diana|Martínez|1963-11-23|62
Adriana|Mendoza|1951-11-23|74
Roberto|Mendoza|1978-03-20|48
Natalia|Ruiz|1960-11-25|65
Carmen|Ortega|1984-05-22|41
Carlos|Medina|1979-01-11|47
Sofía|Mendoza|1951-11-14|74
Mario|Molina|1950-07-07|75
Cristina|Vargas|1986-02-17|40
Sofía|Álvarez|1984-03-02|42
Laura|Ruiz|2004-08-06|21
Natalia|Navarro|1990-03-30|36
Miguel|Ruiz|1984-01-11|42
Ana|Navarro|1955-11-08|70
Sergio|Romero|1987-08-23|38
Claudia|Vega|1983-06-13|42
Diego|Sánchez|1982-04-21|44
Cristina|Guerrero|1982-04-27|44
Adriana|Romero|1972-01-04|54
Lucía|Morales|1956-07-29|69
Natalia|Ortiz|1987-08-10|38
Miguel|Reyes|1997-08-08|28
Juan|Ortega|2000-10-15|25
Laura|Navarro|1954-01-06|72
Gabriela|Ortiz|1962-08-19|63
Héctor|Aguilar|1976-03-09|50
Juan|Ortiz|1974-08-10|51
Sofía|Castro|1961-07-05|64
Gabriela|Torres|1984-01-31|42
Rafael|Jiménez|1973-09-23|52
Mónica|Gómez|1979-06-27|46
Claudia|Gómez|1977-04-18|49
Roberto|Morales|1989-05-08|37
José|Gómez|1975-06-03|50
Fernando|Morales|1964-03-28|62
Patricia|Castillo|2003-07-20|22
Sandra|Molina|1962-02-06|64
Valentina|Fuentes|1951-06-29|74
Gabriela|Vega|1953-03-09|73
Sandra|Aguilar|1988-07-06|37
Juan|Jiménez|1960-07-30|65
Lucía|García|2006-10-23|19
Mario|Gómez|1955-01-10|71
Luis|Delgado|1995-09-11|30
Mario|Díaz|1955-11-22|70
Sergio|Fuentes|1955-10-02|70
Eduardo|Rivera|1956-12-27|69
Mario|Ortega|1987-07-06|38
Patricia|Díaz|1950-10-09|75
Rosa|Rojas|1976-06-21|49
Diana|Álvarez|1959-12-20|66
Héctor|Ruiz|1979-06-02|46
Claudia|Rodríguez|1992-08-08|33
Diego|Martínez|2000-05-30|25
Adriana|Ríos|1964-05-12|62
Sofía|Jiménez|2006-09-28|19
Eduardo|Hernández|1947-01-31|79
Adriana|Martínez|1961-10-20|64
Laura|Vargas|2007-08-05|18
Ana|Pérez|1952-03-06|74
Claudia|Castro|2002-04-24|24
José|Torres|1975-12-01|50
Fernando|Ríos|1956-03-09|70
Andrés|Rojas|1970-11-24|55
Natalia|Castro|1959-09-26|66
Luis|Sánchez|1993-06-14|32
Rosa|Molina|1966-08-01|59
Adriana|Reyes|1969-02-20|57
Ana|González|1999-08-19|26
Diego|Aguilar|2000-11-12|25
Laura|Cruz|1967-06-27|58
Sergio|Guerrero|1971-07-14|54
Alejandro|Ortega|1983-03-28|43
Carlos|Reyes|2000-03-05|26
Carlos|Ramírez|1963-12-26|62
Cristina|Silva|2006-05-11|20
Roberto|Reyes|1959-03-14|67
Patricia|Vargas|1960-02-02|66
Javier|Álvarez|2000-05-04|26
Natalia|Rodríguez|1989-05-30|36
Carlos|Molina|1980-05-16|46
Andrés|Rivera|1963-11-02|62
María|Rivera|1951-10-10|74
Manuel|Navarro|1977-01-16|49
Sergio|Gómez|1985-04-04|41
Mónica|Díaz|1953-10-12|72
Elena|García|1990-04-05|36
Carmen|Reyes|1996-03-12|30
Luis|Romero|1964-01-04|62
Pablo|Díaz|2000-04-15|26
Lucía|Guerrero|1961-03-12|65
Pedro|Castillo|1963-09-06|62
Laura|Ortega|1984-02-10|42
Andrés|Romero|1978-04-17|48
Verónica|Fuentes|1987-09-19|38
Alejandro|Fuentes|1955-02-18|71
Eduardo|Reyes|1954-06-27|71
Elena|Mendoza|1982-03-27|44
Elena|Rodríguez|1959-11-09|66
Carlos|Silva|1988-04-28|38
Gabriela|Hernández|1955-12-04|70
Eduardo|Sánchez|1990-10-23|35
Lucía|Castillo|1959-10-28|66
Javier|Morales|2001-01-10|25
Elena|Romero|1975-05-26|50
Andrés|Molina|1950-12-25|75
Claudia|Castro|1982-06-04|43
Miguel|Delgado|1989-07-19|36
Mónica|Fuentes|2007-02-10|19
Pablo|Morales|1978-02-10|48
Sofía|Silva|2002-05-30|23
José|Martínez|1952-10-06|73
Adriana|Hernández|1950-07-17|75
Eduardo|Sánchez|1967-09-12|58
Diego|Mendoza|1979-11-14|46
Luis|Jiménez|1997-04-01|29
Valentina|García|1954-12-04|71
Fernando|Álvarez|2003-08-02|22
Mario|Romero|1961-08-20|64
Diana|Pérez|1972-09-25|53
Luis|Rojas|1975-08-22|50
José|Torres|1975-03-15|51
Rosa|Jiménez|1950-09-23|75
Fernando|Delgado|1964-11-07|61
Sandra|Romero|2006-12-22|19
Sofía|Ortiz|1948-10-08|77
Ricardo|Romero|1992-05-20|33
Andrés|Rivera|1954-11-09|71
Claudia|Rojas|2005-02-05|21
Diana|Díaz|1959-11-15|66
Laura|García|1966-10-16|59
Sergio|Silva|1997-12-20|28
Carmen|Martínez|1973-03-06|53
Rafael|Díaz|1968-11-24|57
Natalia|Castillo|1950-06-10|75
Roberto|Mendoza|2000-07-31|25
Alejandro|Rivera|1961-06-26|64
Pablo|Rodríguez|1961-03-24|65
Ricardo|Medina|1956-02-15|70
Andrés|Ortega|2004-03-23|22
Lucía|Ríos|1981-10-10|44
Sofía|Rodríguez|1965-01-14|61
Mónica|Castillo|1996-05-09|30
Sofía|Rivera|1965-03-03|61
Rosa|Cruz|1969-06-12|56
Sofía|Castillo|1999-11-14|26
Mónica|López|1970-03-04|56
Luis|Ramírez|1960-04-12|66
Isabel|Ríos|1969-12-18|56
Gabriela|Mendoza|1991-04-20|35
Manuel|Suárez|1955-01-18|71
Sofía|García|1963-04-11|63
Roberto|Castro|1958-11-07|67
Mónica|Flores|1947-03-20|79
Ricardo|Navarro|1984-11-27|41
Pablo|Rodríguez|1989-10-16|36
Miguel|Jiménez|2004-02-01|22
Carmen|Ramírez|1985-06-22|40
Manuel|Guerrero|1986-02-27|40
Rafael|Hernández|2007-05-08|19
Cristina|Díaz|1959-03-23|67
Rosa|Martínez|1982-06-20|43
Rafael|Castro|1993-09-10|32
Andrés|Navarro|1952-05-20|73
Luis|Rodríguez|1971-02-07|55
Alejandro|Ramírez|1956-06-16|69
Luis|Mendoza|2005-01-17|21
Mónica|Ramos|2000-02-25|26
Eduardo|Pérez|1990-09-28|35
Sandra|Gómez|1971-11-12|54
José|Morales|1959-01-06|67
Natalia|Álvarez|1962-04-15|64
Pablo|Romero|2006-05-23|19
Valentina|Vega|1977-08-22|48
Roberto|Martínez|1979-03-03|47
Claudia|Ríos|2002-08-05|23
Eduardo|Guerrero|1986-05-12|40
Carmen|Hernández|1953-10-23|72
Adriana|Medina|1977-04-19|49
Sergio|Díaz|1993-03-01|33
Javier|Castro|1946-09-02|79
Andrés|Álvarez|1969-03-14|57
Sandra|González|1976-03-13|50
Pedro|Romero|2003-06-27|22
Lucía|Ortega|1965-03-10|61
Miguel|Flores|2000-02-08|26
Ricardo|Jiménez|2004-04-23|22
Laura|Ruiz|1948-02-22|78
Adriana|Sánchez|1982-01-26|44
Javier|Morales|1995-02-08|31
Javier|García|1997-08-02|28
Patricia|González|1990-11-03|35
Pedro|Ramos|1985-08-07|40
Ricardo|Vargas|1994-04-24|32
Héctor|Ríos|1988-02-18|38
Pablo|Aguilar|1980-09-07|45
Fernando|Molina|1963-07-13|62
Javier|Rivera|1946-11-15|79
Javier|Molina|1997-12-19|28
Sergio|Vargas|2004-12-03|21
Elena|Suárez|1972-12-03|53
Mario|Ramos|1953-03-18|73
José|Fuentes|2006-06-23|19
Sandra|López|1953-09-03|72
Andrés|Ruiz|1962-08-09|63
Isabel|García|1948-06-14|77
Alejandro|Medina|1973-06-14|52
Diana|Romero|1968-12-05|57
Ricardo|Gómez|1993-07-05|32
Lucía|Pérez|1979-04-06|47
Isabel|Rojas|1971-05-27|54
Elena|Hernández|1953-10-04|72
José|Flores|1983-05-23|42
Verónica|Delgado|2002-06-20|23
Diana|Martínez|2002-05-04|24
Rosa|Martínez|1981-10-04|44
Lucía|Silva|1968-10-15|57
Miguel|Martínez|1958-12-06|67
Héctor|Fuentes|1969-05-24|56
Alejandro|González|1999-11-28|26
Patricia|Hernández|1949-07-04|76
Cristina|Flores|1979-07-01|46
Laura|Hernández|1956-09-01|69
Rafael|Suárez|1971-08-01|54
Juan|Torres|1971-07-10|54
Ricardo|Díaz|1997-01-05|29
Alejandro|Sánchez|2004-06-15|21
Luis|Ortega|1967-01-26|59
Andrés|Cruz|1987-03-02|39
Gabriela|Suárez|1958-12-01|67
Adriana|Rojas|1986-04-22|40
Miguel|Rojas|1967-12-28|58
Javier|Delgado|1985-09-13|40
Adriana|Pérez|1971-03-01|55
Lucía|Rivera|1975-05-17|51
Pablo|Jiménez|1987-06-13|38
Isabel|Ramírez|1970-04-05|56
Isabel|Martínez|1979-06-23|46
Fernando|Molina|1974-04-24|52
Natalia|Castro|1982-04-11|44
Carmen|Guerrero|1959-09-21|66
Verónica|Ortiz|2000-08-01|25
Verónica|Torres|1950-07-09|75
José|Cruz|1990-05-22|35
Ana|Ramos|1968-03-09|58
Patricia|Ortiz|1978-07-22|47
Mónica|Ríos|1979-12-29|46
Eduardo|López|1988-03-02|38
Alejandro|Rodríguez|1953-12-13|72
Mario|Ramos|2000-10-22|25
Elena|Ruiz|1983-01-09|43
Carmen|Díaz|1952-04-13|74
Mónica|Guerrero|1959-10-16|66
Manuel|Torres|1990-04-10|36
Verónica|López|1960-02-28|66
José|Jiménez|1994-02-26|32
Sandra|Mendoza|1991-11-29|34
Adriana|Navarro|1983-11-21|42
Lucía|Gómez|1969-10-22|56
Ana|Vargas|1968-12-05|57
Roberto|Vargas|1982-02-14|44
Lucía|Rodríguez|1967-01-20|59
Miguel|Delgado|1979-11-23|46
Ana|Sánchez|1948-08-20|77
Carmen|Ruiz|1979-12-17|46
Ricardo|Martínez|1974-08-16|51
Lucía|Vega|2007-11-14|18
Rafael|Ríos|1995-05-29|30
Javier|Reyes|2008-03-06|18
Gabriela|Castro|2000-10-15|25
Pablo|Vargas|1972-03-26|54
Adriana|Guerrero|1980-10-18|45
María|Molina|1989-01-20|37
Gabriela|Gómez|2004-03-31|22
Carmen|Ríos|1962-09-02|63
Lucía|Martínez|1948-09-29|77
Diana|Ríos|1997-02-24|29
Gabriela|Delgado|1976-06-16|49
Sofía|Ríos|1959-03-21|67
Mónica|Guerrero|1958-08-17|67
Patricia|Castro|1967-12-23|58
Ana|Morales|1980-04-22|46
Laura|Sánchez|1950-01-21|76
Fernando|Delgado|2005-08-27|20
Elena|Romero|2002-01-22|24
Diana|Jiménez|2000-03-24|26
Gabriela|Sánchez|1958-06-03|67
Pablo|Castro|2004-03-26|22
Adriana|Ramírez|1947-08-22|78
Rosa|Rodríguez|1992-05-10|34
Pedro|Aguilar|1951-09-18|74
Mónica|Castro|1995-04-30|31
Sofía|Medina|1987-04-15|39
José|Rojas|1949-11-02|76
Isabel|Medina|1977-09-30|48
Ricardo|Gómez|2006-07-25|19
Ana|Delgado|2002-12-27|23
María|García|1976-01-15|50
Manuel|Jiménez|1968-10-15|57
Alejandro|Guerrero|1981-02-28|45
Fernando|Vega|1995-09-03|30
Pedro|Rojas|1954-05-05|72
Mónica|Ortega|1988-06-28|37
Patricia|Gómez|1963-12-16|62
Carmen|Silva|1974-08-25|51
Patricia|Romero|1992-10-01|33
Gabriela|Rojas|1950-01-28|76
José|Pérez|1955-05-05|71
Andrés|García|1971-01-22|55
María|Castro|1950-06-08|75
Adriana|Pérez|1985-03-06|41
Alejandro|Torres|1962-10-05|63
Elena|Medina|1951-09-14|74
Adriana|Medina|2007-02-07|19
Pedro|Medina|1995-07-25|30
Sergio|Cruz|1978-12-20|47
Sergio|Sánchez|1979-06-17|46
Ana|López|1961-03-01|65
Patricia|González|1956-09-14|69
María|Gómez|1991-08-03|34
Andrés|Sánchez|1954-03-18|72
Rafael|Ríos|1968-03-09|58
Eduardo|Jiménez|1949-05-05|77
Carlos|Gómez|1984-07-02|41
Isabel|Romero|1978-09-13|47
Natalia|Delgado|1996-09-29|29
Gabriela|Sánchez|2008-02-29|18
Ricardo|Ortiz|1954-08-23|71
Claudia|Reyes|1973-06-28|52
Carmen|Guerrero|1965-05-25|60
Miguel|Álvarez|1961-05-11|65
Roberto|Díaz|2004-06-12|21
Diana|Álvarez|1994-09-10|31
Valentina|Reyes|1981-11-20|44
José|Sánchez|1959-07-15|66
Pablo|Díaz|1953-12-21|72
Sofía|Ortega|1975-10-12|50
Lucía|Jiménez|2001-03-06|25
Laura|Medina|1992-12-25|33
Diego|Sánchez|1994-09-21|31
Diego|Guerrero|1955-01-07|71
Miguel|Pérez|2004-10-03|21
Eduardo|Aguilar|1982-02-02|44
Mario|Rivera|1980-10-26|45
Juan|Vargas|1987-03-28|39
Javier|Navarro|1963-12-07|62
Andrés|Delgado|1991-04-09|35
Rosa|Rodríguez|1963-07-18|62
Lucía|Silva|1979-05-30|46
Juan|Flores|1998-04-26|28
Javier|Medina|1993-02-22|33
Lucía|Rojas|1959-03-29|67
Miguel|López|1998-05-31|27
Natalia|González|1956-12-20|69
Carmen|Castillo|1964-02-23|62
Sofía|Fuentes|2004-12-12|21
Andrés|Ríos|1985-02-09|41
Sergio|Ortiz|1962-05-20|63
Mónica|Flores|1964-03-30|62
Héctor|Mendoza|1981-09-25|44
Adriana|Molina|2002-02-01|24
Héctor|Suárez|2004-12-16|21
María|Mendoza|1990-12-04|35
Miguel|Torres|1996-04-16|30
Cristina|Morales|1950-01-16|76
Cristina|Cruz|1963-08-04|62
Manuel|Vega|1993-07-18|32
Natalia|González|1969-08-04|56
Sergio|Torres|1952-09-18|73
Sandra|Martínez|2005-03-27|21
Andrés|Delgado|1950-05-25|75
Rosa|Jiménez|1947-12-08|78
Juan|López|1967-01-14|59
Fernando|Ramírez|1973-10-16|52
Verónica|Rivera|1969-03-11|57
Elena|Castillo|2005-09-01|20
Roberto|Díaz|1964-07-30|61
Héctor|Martínez|1951-02-04|75
Laura|Molina|1957-08-26|68
Diana|Cruz|1955-08-03|70
Diana|Suárez|1961-04-30|65
Javier|Ortega|1980-06-28|45
Patricia|Romero|1989-04-14|37
Roberto|Álvarez|1948-05-12|78
Pablo|Castro|1998-07-23|27
Valentina|Gómez|1979-05-19|47
Claudia|Álvarez|2002-04-02|24
Mario|Torres|1953-03-24|73
Miguel|Ramírez|1970-07-16|55
Mónica|Rodríguez|1998-04-13|28
Javier|Castillo|1978-11-26|47
Elena|Castillo|1993-11-26|32
Isabel|Vargas|1946-06-06|79
Patricia|Rojas|1979-10-21|46
Verónica|Gómez|1953-05-22|72
Pablo|Molina|1996-06-21|29
Pedro|Molina|2006-08-10|19
Eduardo|Romero|1948-05-23|77
Alejandro|Rivera|2003-04-24|23
Carmen|Silva|2004-04-22|22
Adriana|Rodríguez|1954-07-26|71
Eduardo|Ortega|1973-05-06|53
José|Romero|1969-07-04|56
Isabel|Romero|1956-01-10|70
Cristina|Gómez|1963-05-18|63
Carmen|Ríos|1956-07-04|69
Alejandro|Navarro|1946-10-27|79
Isabel|Ruiz|2001-08-07|24
Rafael|Jiménez|1966-05-06|60
Natalia|Delgado|1997-06-11|28
Natalia|Medina|2001-01-15|25
Sandra|Reyes|1980-11-24|45
Diana|González|2002-08-15|23
Mónica|Ríos|1977-07-22|48
Luis|Medina|1974-10-10|51
Pedro|Vega|2000-04-24|26
Lucía|Morales|1956-03-18|70
Verónica|Ramírez|1971-06-27|54
Pedro|Ramírez|1961-09-25|64
Elena|Pérez|1959-08-27|66
Gabriela|Morales|1972-05-05|54
Héctor|Silva|1975-10-16|50
Sofía|Rivera|1962-01-08|64
Cristina|Mendoza|2002-09-14|23
Mónica|Vargas|1998-04-05|28
Patricia|Ramos|1975-12-19|50
Verónica|Guerrero|1957-02-14|69
Natalia|Pérez|1980-09-03|45
Javier|Rojas|1950-06-30|75
Diego|Rivera|2007-04-23|19
Eduardo|Flores|1992-03-17|34
Alejandro|Jiménez|1973-09-02|52
Cristina|Guerrero|1981-05-31|44
Diana|Martínez|1949-11-05|76
Lucía|Mendoza|2000-11-21|25
Verónica|Ortega|1966-11-26|59
Carmen|Ruiz|2000-08-09|25
Sergio|Ortega|1990-02-17|36
Ana|Ortiz|1963-11-09|62
Cristina|Castillo|2001-11-15|24
Laura|Díaz|1989-04-15|37
Carlos|González|1996-08-24|29
Pablo|González|1960-12-24|65
Valentina|Delgado|1973-07-16|52
Sergio|Torres|2004-07-15|21
Mario|Vega|1948-05-28|77
Laura|López|1961-03-16|65
Pedro|Molina|1977-01-11|49
Fernando|Rodríguez|1952-03-31|74
Fernando|Rodríguez|1964-03-29|62
Roberto|Delgado|1976-10-27|49
Alejandro|González|1951-12-12|74
Andrés|Álvarez|1977-09-16|48
Sandra|Hernández|1998-03-19|28
Sergio|Ríos|1971-04-04|55
Miguel|Martínez|1991-08-04|34
Cristina|Vega|2004-01-24|22
Diego|Reyes|1965-12-07|60
María|Castillo|1974-11-05|51
Ricardo|Díaz|1979-11-02|46
Gabriela|Ortega|1989-06-12|36
Pablo|Ramos|1999-06-07|26
Elena|Díaz|2003-10-24|22
Diana|Pérez|1983-06-03|42
Pedro|Vega|1954-07-12|71
Eduardo|Molina|1974-04-18|52
Pedro|López|1983-07-17|42
Pablo|Flores|2006-09-26|19
Javier|Guerrero|1954-01-10|72
Rosa|Silva|1960-05-14|66
Diego|Ortiz|1947-01-23|79
Roberto|Delgado|1947-08-13|78
Rosa|Vargas|1982-11-25|43
Luis|Medina|1964-08-26|61
Mario|Rodríguez|1953-05-14|73
Ana|Molina|1981-10-23|44
María|Álvarez|1988-03-30|38
Carlos|Torres|1981-03-05|45
Diego|Ramos|1999-08-12|26
Sergio|González|1964-01-01|62
Roberto|Hernández|1961-03-15|65
Carlos|Ruiz|1987-10-23|38
Mónica|Suárez|1983-08-23|42
Sandra|Martínez|1973-02-04|53
Cristina|Rojas|1953-03-01|73
Pablo|Rivera|1953-08-27|72
Pablo|Delgado|1998-04-18|28
Mónica|Torres|1979-04-28|47
Isabel|Mendoza|1962-09-04|63
María|Álvarez|1952-01-26|74
Manuel|Delgado|1994-05-24|31
Eduardo|Sánchez|1984-01-27|42
Laura|Navarro|1955-05-15|71
Lucía|Álvarez|2005-06-25|20
Pablo|López|1996-12-25|29
Natalia|Castillo|1996-04-16|30
Ricardo|Jiménez|1956-01-03|70
Cristina|Suárez|1952-04-25|74
Diana|Romero|1967-08-13|58
Pedro|Gómez|1980-06-25|45
Rafael|Ortiz|1997-11-27|28
Cristina|Rojas|1993-08-14|32
Roberto|Ramos|1989-08-29|36
Claudia|González|1951-08-21|74
Javier|Aguilar|1957-05-31|68
Pablo|Ortega|1946-08-18|79
Adriana|Reyes|1951-07-28|74
Carmen|Rivera|1950-02-11|76
Roberto|Ortiz|1997-01-15|29
Manuel|Ramírez|1995-06-16|30
Mónica|Flores|1982-11-10|43
Pedro|Rojas|1964-11-17|61
Laura|Sánchez|1946-08-05|79
Javier|Álvarez|1979-09-07|46
Rafael|Navarro|1970-08-29|55
Andrés|Aguilar|1974-03-01|52
Gabriela|Pérez|1995-02-07|31
Sofía|Silva|1954-01-24|72
Diego|Ramos|1962-02-17|64
Sergio|Cruz|1984-01-23|42
Claudia|Rivera|1962-01-31|64
Diego|Castro|1949-08-05|76
Diana|Rivera|2007-03-23|19
Claudia|Rojas|1973-07-31|52
Juan|Delgado|1994-05-13|32
Juan|Álvarez|1971-06-21|54
Fernando|Ríos|1991-08-26|34
Isabel|Fuentes|1950-08-21|75
José|González|1956-02-08|70
Claudia|Suárez|1961-04-13|65
Patricia|García|1969-04-13|57
Miguel|Vargas|1961-02-27|65
Carmen|Jiménez|1985-02-11|41
Natalia|Jiménez|1956-04-02|70
Verónica|González|1953-08-29|72
Rosa|Morales|1988-09-23|37
Cristina|Ramos|1983-07-05|42
Verónica|Delgado|1957-12-28|68
Rosa|Flores|2003-10-14|22
Pablo|Cruz|1950-04-04|76
José|Díaz|1997-01-13|29
Juan|Hernández|1947-08-04|78
Alejandro|Ortiz|1993-01-17|33
Andrés|Pérez|1968-10-22|57
Adriana|Ríos|1998-05-25|27
Pablo|Castro|1988-04-22|38
Sergio|Morales|1960-06-21|65
Fernando|Ramos|1969-06-06|56
Rosa|Ramos|1964-07-17|61
Diana|Delgado|1960-08-25|65
Isabel|Morales|2001-07-17|24
Cristina|Gómez|1993-09-25|32
Gabriela|Suárez|1970-01-23|56
Pablo|Rodríguez|1969-02-20|57
Carlos|Castro|1978-07-19|47
Fernando|López|1974-03-05|52
Elena|Mendoza|1957-10-10|68
Juan|Ramírez|1982-05-31|43
Diana|Rojas|1988-04-23|38
Rosa|Romero|2007-03-27|19
Lucía|Medina|1972-03-29|54
Fernando|Castillo|1980-05-13|46
Sandra|Flores|2003-10-27|22
Lucía|Díaz|1994-03-15|32
Javier|Flores|1961-11-24|64
Laura|Hernández|1979-04-21|47
Verónica|Ortega|1965-06-21|60
Diana|Rojas|1953-05-26|72
Rafael|Hernández|1969-12-08|56
Sergio|Fuentes|1989-10-31|36
Luis|Ruiz|1948-06-08|77
Carlos|García|1989-06-29|36
Carmen|Hernández|1959-04-11|67
Mónica|Rojas|1952-07-14|73
Alejandro|Díaz|1963-10-28|62
Luis|López|1997-11-02|28
Andrés|Delgado|1958-03-15|68
Carmen|Pérez|1974-01-30|52
Fernando|Rivera|2006-06-07|19
Juan|Ortiz|1984-05-27|41
Héctor|Silva|2006-06-15|19
Héctor|Martínez|2006-05-10|20
Carlos|Morales|1982-03-08|44
Alejandro|López|1958-05-23|67
Adriana|Hernández|1998-10-07|27
Lucía|Rojas|1996-03-15|30
Isabel|Fuentes|1961-10-31|64
Lucía|Martínez|1968-06-05|57
Sergio|Ortega|2005-11-30|20
Sergio|Rivera|1991-03-26|35
Eduardo|Romero|1997-10-31|28
Mario|Martínez|1969-05-27|56
Eduardo|Silva|1980-09-02|45
Luis|Díaz|1961-10-15|64
Rafael|Rojas|2006-09-23|19
María|Romero|1983-10-02|42
Elena|Medina|2004-01-03|22
Sofía|Ramírez|1955-08-08|70
Verónica|Rojas|1990-12-13|35
Roberto|Guerrero|1991-06-21|34
Ricardo|Castillo|1984-08-06|41
Laura|Guerrero|2007-08-10|18
Héctor|García|1975-04-02|51
Ricardo|Ramírez|1969-10-20|56
Lucía|Álvarez|1995-02-18|31
Rosa|Molina|2003-06-30|22
Ana|Ramírez|1990-12-16|35
Verónica|Navarro|1990-08-05|35
Rafael|Mendoza|1957-01-18|69
Juan|Ortiz|1972-01-07|54
Alejandro|Sánchez|1965-02-15|61
María|Silva|1998-11-25|27
José|Navarro|2006-08-03|19
Miguel|Torres|2005-05-27|20
Pedro|Silva|1999-04-14|27
Mario|Hernández|1961-12-29|64
Pedro|Ortiz|1972-12-31|53
Rosa|Molina|1985-05-01|41
Isabel|Molina|1977-10-08|48
Manuel|Vega|1992-04-22|34
Carlos|Vargas|1986-09-04|39
Sofía|Álvarez|1949-03-30|77
Eduardo|López|1992-09-11|33
Andrés|Ruiz|1946-07-25|79
Cristina|Ortega|1964-07-31|61
Javier|Morales|1968-09-19|57
María|Vargas|1958-11-13|67
Diana|Flores|1991-10-29|34
Sergio|Vega|1956-01-19|70
Sandra|Vargas|1991-04-25|35
Sandra|Romero|1976-09-01|49
Lucía|Rojas|1949-01-25|77
María|Medina|1960-05-04|66
Laura|Mendoza|1990-09-28|35
José|Delgado|1979-04-25|47
Héctor|Pérez|1975-01-15|51
Isabel|Cruz|1980-08-15|45
Sandra|Navarro|1987-12-04|38
Elena|Torres|1965-10-25|60
Sofía|Molina|1994-11-07|31
Patricia|Pérez|1970-12-19|55
Diego|Ortiz|1981-07-31|44
Alejandro|Álvarez|1996-10-05|29
Isabel|Hernández|1986-10-14|39
Fernando|Silva|1987-10-06|38
Laura|Delgado|1986-04-02|40
Manuel|Martínez|1985-12-22|40
Eduardo|Silva|1978-08-19|47
Héctor|Flores|1997-02-18|29
Laura|Rojas|1971-11-13|54
Eduardo|Torres|1989-12-14|36
Roberto|Pérez|1998-11-11|27
Cristina|Sánchez|1954-07-07|71
Mario|Ortiz|1965-12-31|60
Pedro|Rodríguez|1980-10-24|45
Carmen|Vargas|1974-08-25|51
Sofía|Mendoza|2003-01-29|23
Manuel|Castillo|1991-06-09|34
Diego|Ramos|1984-11-07|41
Isabel|Medina|1990-04-06|36
Juan|Ruiz|1994-02-26|32
Pedro|Jiménez|1946-09-30|79
Natalia|Jiménez|1997-08-06|28
Sandra|Romero|1948-03-20|78
Carmen|Gómez|2004-12-10|21
Ricardo|Aguilar|1971-09-14|54
Luis|Torres|1971-07-16|54
Elena|Castro|1947-10-07|78
Ana|Díaz|2001-07-05|24
Ricardo|Vargas|1999-09-27|26
Isabel|Ortega|1989-08-13|36
Diana|Ruiz|1962-08-16|63
Sofía|Molina|1984-05-02|42
Elena|Suárez|2005-08-03|20
Laura|Ortiz|1955-04-30|71
Sandra|Fuentes|1975-04-24|51
Javier|López|1982-08-05|43
Laura|Medina|1998-03-16|28
Andrés|Romero|1981-08-01|44
Ricardo|López|1984-10-22|41
Claudia|Díaz|1969-02-25|57
Gabriela|Silva|1965-02-10|61
Valentina|Álvarez|2007-02-06|19
Javier|Ruiz|2000-12-19|25
Roberto|Ruiz|1981-01-17|45
Natalia|López|1968-10-27|57
Alejandro|Navarro|1991-04-07|35
Roberto|Aguilar|1961-11-08|64
Ana|Ortiz|1959-01-29|67
Sofía|Rivera|1992-05-29|33
Diana|López|1962-12-15|63
Adriana|García|2002-07-08|23
Isabel|Delgado|1959-09-26|66
Sofía|Romero|1982-01-07|44
Sergio|Molina|1960-03-12|66
Sofía|López|1969-06-06|56
Juan|Sánchez|1990-05-29|35
Carlos|Vega|1947-11-01|78
Ana|Ramos|1953-01-20|73
Verónica|Aguilar|1959-05-02|67
Ana|Rojas|1964-08-19|61
Isabel|Ruiz|1981-06-19|44
Cristina|Rodríguez|1983-04-27|43
Laura|Gómez|1981-08-02|44
Pablo|Vargas|1949-09-14|76
Luis|Hernández|1992-07-18|33
Gabriela|Ruiz|1996-10-03|29
Laura|Gómez|1959-08-01|66
Gabriela|Fuentes|1985-11-09|40
Miguel|López|1973-12-16|52
Ana|Navarro|1994-04-08|32
Lucía|Torres|1995-04-07|31
Claudia|Vargas|1975-05-08|51
Rosa|Martínez|1961-11-03|64
Natalia|Castro|1996-08-14|29
Verónica|Delgado|1970-08-09|55
Ricardo|Jiménez|1977-02-28|49
Roberto|López|1977-06-16|48
Sergio|Ortiz|1986-04-10|40
Verónica|Romero|1988-12-16|37
Roberto|Ramos|1968-03-20|58
Cristina|Silva|2001-11-10|24
Miguel|Reyes|1981-10-21|44
Patricia|Vargas|2004-04-12|22
María|Delgado|1980-08-28|45
Diego|Ríos|1956-01-28|70
Rafael|Molina|1946-08-12|79
Ana|Romero|1954-01-10|72
Sandra|Rojas|1962-11-09|63
Juan|Molina|1983-12-18|42
Fernando|Guerrero|1947-09-06|78
Sergio|Rojas|1998-12-28|27
Mónica|Ruiz|1973-05-12|53
Elena|Gómez|1976-02-23|50
Verónica|Torres|1970-11-28|55
Gabriela|García|1997-03-16|29
Adriana|Ramírez|2000-05-03|26
Rosa|Castro|1994-07-29|31
Carmen|López|1979-11-22|46
Juan|Morales|1991-05-21|34
Natalia|Gómez|1960-11-24|65
María|Sánchez|1959-01-12|67
Carlos|Mendoza|2005-12-30|20
Rafael|Hernández|1970-11-27|55
Laura|Flores|1988-01-10|38
Sergio|Rojas|1960-05-30|65
José|Ortega|1961-05-24|64
Claudia|Díaz|1967-02-26|59
Pablo|García|1993-07-30|32
Pedro|Álvarez|1981-11-09|44
Juan|Ortiz|1986-02-22|40
Gabriela|Rodríguez|1984-09-28|41
Diego|Vega|1973-07-12|52
Andrés|Vega|1949-02-08|77
Isabel|Jiménez|1966-05-02|60
Ricardo|Ríos|1968-02-17|58
Diana|Rojas|1981-08-07|44
Mario|Navarro|1950-10-08|75
Sofía|Díaz|2002-11-19|23
Adriana|Guerrero|2003-04-30|23
Rafael|Castillo|1986-12-02|39
Elena|Medina|1991-05-04|35
Carlos|López|1954-12-29|71
Patricia|Molina|1952-10-01|73
Alejandro|Ruiz|2002-11-04|23
Adriana|López|1976-05-09|50
Carlos|Torres|1973-01-18|53
Mónica|Guerrero|1970-01-16|56
Luis|Ortiz|1990-05-24|35
Rosa|Torres|1958-01-28|68
Cristina|Navarro|1965-07-09|60
José|Flores|1975-03-26|51
José|González|1973-03-16|53
Ana|Reyes|1996-01-23|30
Ricardo|Mendoza|2001-08-27|24
Sergio|Ruiz|1960-08-16|65
Cristina|López|1948-12-11|77
Cristina|Castillo|1958-10-05|67
Valentina|Medina|2006-08-09|19
Natalia|Hernández|2006-08-12|19
Valentina|Silva|1986-04-07|40
Eduardo|Guerrero|1968-01-26|58
Andrés|Gómez|1965-01-25|61
Sofía|Hernández|1968-06-23|57
Héctor|Morales|1969-01-04|57
Fernando|Ramos|2001-05-20|24
Cristina|Sánchez|1978-05-05|48
Adriana|Rojas|1986-06-03|39
Manuel|Morales|1976-02-25|50
Juan|Cruz|2005-04-29|21
Alejandro|Rivera|1989-02-01|37
Sergio|Fuentes|1947-03-20|79
Cristina|Delgado|1957-04-12|69
Diego|Díaz|1975-10-09|50
Sandra|Castillo|1973-10-04|52
Rafael|Ortega|1996-02-10|30
Gabriela|Flores|1967-05-12|59
Pablo|Fuentes|2004-05-02|22
María|Rodríguez|1949-06-23|76
Carmen|González|1949-10-26|76
Eduardo|Ríos|1974-06-11|51
Andrés|Martínez|1953-04-03|73
Claudia|Rodríguez|1988-03-01|38
Sofía|Suárez|1967-05-22|58
Pablo|Romero|1946-11-19|79
Miguel|Suárez|1975-07-16|50
Eduardo|Pérez|1951-03-01|75
Patricia|Aguilar|1979-08-01|46
Sandra|Morales|1998-01-04|28
Rosa|Martínez|1968-10-21|57
Alejandro|Ruiz|1953-05-16|73
Ricardo|Álvarez|1978-11-19|47
Roberto|Gómez|1999-01-02|27
Ricardo|González|1961-06-19|64
Ricardo|González|1969-08-17|56
Adriana|Navarro|1970-03-10|56
Luis|Ríos|1956-10-08|69
Diego|Fuentes|1997-11-18|28
Alejandro|Torres|1981-09-26|44
Lucía|Sánchez|1949-11-18|76
Luis|Martínez|1983-07-13|42
Eduardo|Pérez|1984-01-18|42
Carmen|Aguilar|1989-03-07|37
Pedro|Morales|1963-05-19|63
Diana|Pérez|1975-02-19|51
Sofía|Mendoza|1956-02-27|70
Laura|García|1968-01-06|58
Luis|Flores|2005-04-08|21
Héctor|Ruiz|1968-05-22|57
Sandra|Ramos|1960-09-26|65
Carlos|Rojas|1983-12-04|42
Pablo|Sánchez|2000-01-22|26
Rosa|Silva|1970-06-15|55
Javier|Romero|1976-04-12|50
Mónica|Ruiz|2002-07-03|23
Claudia|Martínez|1960-02-17|66
Diego|Ruiz|2001-07-19|24
Juan|Rivera|1982-02-02|44
Andrés|Delgado|1975-01-29|51
Gabriela|Fuentes|1987-11-06|38
Sofía|Reyes|2000-02-03|26
Andrés|Pérez|1997-07-30|28
Andrés|Díaz|1985-07-11|40
Sofía|Jiménez|1990-11-30|35
Pedro|González|1964-02-04|62
José|González|1972-10-13|53
Elena|Molina|2001-05-29|24
Roberto|Rojas|1948-01-02|78
Roberto|Mendoza|2004-02-06|22
Isabel|Rodríguez|1999-07-02|26
Alejandro|Suárez|1968-03-20|58
Juan|Cruz|1987-07-15|38
Gabriela|Vargas|2005-02-05|21
Mónica|Ramírez|1979-06-06|46
Natalia|Hernández|1999-01-01|27
Gabriela|Reyes|1994-10-24|31
Rosa|Ríos|1965-12-24|60
Natalia|Rojas|1982-10-24|43
Verónica|Cruz|1975-04-17|51
Miguel|Ruiz|1969-01-14|57
Ricardo|Ramos|2003-12-23|22
Sergio|Suárez|1968-04-20|58
Luis|Jiménez|2002-01-30|24
Patricia|Molina|1947-11-21|78
Adriana|Martínez|1985-07-09|40
Sandra|Álvarez|1971-12-13|54
Isabel|Ruiz|1989-05-26|36
Sandra|Guerrero|1969-07-02|56
Luis|Aguilar|1947-05-15|79
Carlos|Silva|1989-09-12|36
Sergio|Silva|2008-05-02|18
Rosa|Vargas|1989-07-17|36
Sandra|Morales|1983-08-26|42
Miguel|Torres|1970-08-14|55
Sandra|Jiménez|1989-03-23|37
Roberto|Ortiz|1982-01-30|44
Roberto|Pérez|1998-04-29|28
Sofía|Castillo|1951-01-06|75
Ricardo|Rivera|1952-06-27|73
Juan|Martínez|2005-05-04|21
Adriana|Cruz|1992-10-25|33
Javier|Martínez|1975-03-15|51
Fernando|Molina|1951-09-14|74
Rosa|Rojas|1981-11-20|44
Pedro|Cruz|2004-09-04|21
Elena|Delgado|1972-08-26|53
Andrés|Vega|2003-12-10|22
Pablo|Ruiz|1959-05-01|67
Laura|Castillo|1990-12-22|35
Diana|López|2001-07-19|24
Héctor|Medina|1950-06-12|75
Isabel|Álvarez|1961-07-13|64
Pablo|Díaz|1957-03-04|69
Mario|Ramírez|1996-11-23|29
Mónica|Ríos|2004-05-12|22
María|Ruiz|1958-10-03|67
Rafael|González|1968-03-23|58
Juan|González|1988-10-07|37
Héctor|Castillo|1981-01-16|45
Pablo|Ortiz|1974-04-24|52
Sandra|Ramos|1973-03-29|53
Lucía|García|1971-05-22|54
Pablo|Castillo|1967-07-10|58
Diego|Rivera|1961-03-14|65
Cristina|Pérez|1946-08-14|79
Fernando|García|1953-04-11|73
Gabriela|Flores|1966-10-05|59
Sandra|García|1972-08-24|53
Sofía|Delgado|1953-08-06|72
Juan|Navarro|2006-05-26|19
Pablo|Morales|1951-07-07|74
Luis|Morales|1959-01-18|67
María|Navarro|1998-03-02|28
Elena|Cruz|1986-03-02|40
Héctor|Rodríguez|1960-07-04|65
Carmen|Rojas|2007-01-27|19
Javier|Vega|1949-06-21|76
Miguel|Hernández|1955-02-19|71
Elena|Delgado|1949-06-27|76
Rosa|Martínez|1958-12-25|67
Ana|Hernández|1980-08-06|45
Fernando|Rodríguez|1962-10-27|63
Héctor|Ramírez|1973-09-06|52
Natalia|Díaz|1989-08-20|36
Alejandro|Delgado|2007-10-25|18
Valentina|Fuentes|1950-02-27|76
Sergio|Ortiz|1993-10-17|32
Mónica|Guerrero|1999-10-01|26
José|Suárez|1975-01-16|51
Patricia|Castro|2000-06-29|25
Miguel|Aguilar|1963-09-07|62
Cristina|Hernández|1969-12-04|56
Diana|Rojas|2008-05-13|18
Fernando|Suárez|1973-03-12|53
Fernando|Suárez|1993-06-07|32
Diego|Delgado|1999-10-06|26
Rafael|Silva|2003-03-15|23
Laura|Martínez|1968-07-11|57
Claudia|Castro|1995-10-09|30
Luis|Delgado|1967-10-20|58
Cristina|López|1993-08-20|32
Miguel|Reyes|1947-01-05|79
Elena|Vega|1964-05-21|61
Cristina|Vargas|2004-01-25|22
Ana|López|1971-11-27|54
Adriana|Rojas|2001-04-25|25
Adriana|Rodríguez|1966-10-07|59
Héctor|Molina|1987-01-20|39
Pablo|Hernández|1979-08-27|46
Isabel|Rojas|1992-03-05|34
Pedro|Sánchez|2005-07-04|20
Juan|García|1985-10-01|40
Rafael|Álvarez|1998-05-19|28
Sandra|Ortiz|1986-01-28|40
Lucía|Fuentes|1998-05-30|27
Mónica|Silva|1997-10-27|28
Verónica|Ramírez|1997-03-22|29
Ana|Morales|1950-10-20|75
Valentina|Medina|1990-04-15|36
Manuel|Díaz|1974-10-10|51
Ana|Sánchez|2008-05-08|18
Andrés|Ortega|2001-04-24|25
Miguel|Vega|1989-04-24|37
Sofía|Cruz|1978-07-01|47
Diana|Ramírez|1960-03-19|66
Lucía|Rivera|1962-11-08|63
Pedro|Delgado|1967-09-07|58
Gabriela|Ramírez|1967-11-14|58
Verónica|Ruiz|1992-02-22|34
Héctor|García|1952-12-21|73
Gabriela|Hernández|1979-08-02|46
Pedro|Ruiz|1951-12-30|74
Javier|Mendoza|1995-12-25|30
Patricia|Ortiz|1977-03-01|49
Isabel|González|2004-11-24|21
Ana|Ríos|1975-10-23|50
Carlos|Ríos|1985-08-30|40
Diana|Ruiz|2003-03-13|23
Sofía|Pérez|1950-08-30|75
Ricardo|Castillo|1946-10-06|79
Gabriela|Delgado|1995-12-29|30
Diego|Mendoza|1962-10-15|63
Natalia|Silva|1963-04-13|63
Diego|Ramírez|1999-05-29|26
Patricia|Ramos|1996-03-14|30
Mario|Hernández|1961-07-28|64
Miguel|Ramos|1954-03-21|72
Natalia|Flores|1973-02-25|53
Laura|Rodríguez|2000-08-09|25
María|Morales|1985-04-06|41
Diana|Flores|1962-05-17|64
José|López|2004-09-15|21
Rafael|Álvarez|1958-05-07|68
Sergio|Ruiz|1965-03-24|61
Pedro|López|1957-01-16|69
Isabel|Ramírez|1984-05-12|42
Claudia|Álvarez|1991-08-10|34
Lucía|Flores|1987-12-12|38
Javier|Suárez|1976-09-23|49
Laura|Medina|1958-03-20|68
Valentina|Ramos|1949-03-21|77
Mario|Romero|1985-02-23|41
Valentina|Ramos|1951-02-18|75
Natalia|Ramos|2007-08-09|18
Diana|Torres|1946-09-11|79
Adriana|Suárez|1969-08-20|56
Andrés|Delgado|1964-07-10|61
Sergio|Ramos|1998-03-06|28
Diego|Vega|1974-08-05|51
Manuel|Reyes|2005-02-21|21
Carlos|Delgado|1974-11-27|51
Javier|Navarro|1979-11-11|46
Isabel|Castro|1963-10-30|62
Patricia|Reyes|1985-10-07|40
Ricardo|Vargas|1947-11-16|78
Roberto|Martínez|1946-07-29|79
Manuel|Fuentes|2002-11-24|23
Carmen|Vega|1966-09-01|59
Fernando|Fuentes|1965-11-26|60
Rafael|Rojas|2006-11-27|19
Mónica|Fuentes|1983-02-14|43
María|Pérez|1991-08-19|34
Alejandro|Ortega|1989-09-03|36
Rosa|Rivera|1963-12-13|62
María|Martínez|1947-10-05|78
Juan|Suárez|1967-11-11|58
Javier|Ortiz|1992-11-22|33
Andrés|Aguilar|1968-06-21|57
Ricardo|Ortega|1975-01-23|51
Carlos|Reyes|1997-06-23|28
Valentina|Ramírez|1987-09-24|38
Cristina|Aguilar|1987-07-20|38
Sofía|Romero|1958-11-04|67
Javier|Reyes|1966-09-16|59
Isabel|Suárez|1999-02-13|27
Diana|Silva|1968-05-09|58
Carmen|Medina|1995-07-05|30
Claudia|Vega|1950-04-24|76
Natalia|Delgado|1989-11-08|36
Adriana|González|1978-07-03|47
Adriana|Suárez|1987-01-09|39
Isabel|Molina|2001-05-28|24
Sergio|Rodríguez|1947-01-21|79
Verónica|Guerrero|1959-06-05|66
Verónica|Delgado|1984-08-11|41
Fernando|Rivera|1974-10-13|51
Gabriela|Hernández|1966-12-31|59
Patricia|Álvarez|1975-09-08|50
José|Morales|1992-05-31|33
Valentina|Silva|1978-11-17|47
Roberto|Silva|1984-10-04|41
Mario|Guerrero|1967-03-28|59
Juan|Álvarez|1950-01-26|76
Rosa|Ríos|1951-12-08|74
Carmen|Ramos|1975-08-08|50
Isabel|Suárez|1992-02-11|34
Roberto|Jiménez|1979-11-05|46
Adriana|Medina|1965-02-10|61
Gabriela|González|1977-11-23|48
Héctor|Guerrero|1963-12-17|62
Eduardo|Fuentes|1985-11-08|40
Gabriela|Rodríguez|1972-09-05|53
Valentina|Ruiz|1992-04-04|34
Héctor|Vargas|1977-03-17|49
Claudia|Martínez|1950-03-01|76
Adriana|Suárez|1988-03-19|38
José|Jiménez|1988-08-08|37
Pedro|Ruiz|2003-07-21|22
Natalia|Cruz|1996-02-17|30
Diana|Romero|1997-12-19|28
Carmen|Reyes|1965-10-03|60
Alejandro|Hernández|1951-05-25|74
Miguel|Rojas|1974-04-11|52
Gabriela|Vargas|1989-09-06|36
Pablo|Vega|1958-06-23|67
Ricardo|Mendoza|1995-06-20|30
Javier|Ramírez|1952-07-15|73
Manuel|Ríos|1971-12-22|54
Laura|Flores|1988-11-16|37
Natalia|Sánchez|1962-05-06|64
Diego|Rivera|1975-07-08|50
Lucía|Torres|1991-08-21|34
Manuel|Ramírez|1950-01-13|76
Manuel|Rivera|1993-06-15|32
Diego|Aguilar|1980-04-19|46
Héctor|García|1999-10-03|26
Carmen|Ruiz|1986-01-02|40
María|Ruiz|1978-11-20|47
Sergio|Delgado|1976-02-10|50
Laura|Navarro|1960-11-15|65
Miguel|Hernández|1993-09-04|32
Sofía|Vargas|1950-01-01|76
Ricardo|Rojas|1982-07-19|43
Lucía|Díaz|1969-11-21|56
Diego|Reyes|1982-11-12|43
Mónica|Hernández|1994-08-09|31
Roberto|Suárez|1969-04-23|57
Diego|Torres|1993-09-18|32
Adriana|Ortega|1968-05-23|57
Pablo|Rivera|1952-07-06|73
Pedro|Ortega|2007-10-09|18
Laura|Morales|1969-03-22|57
Isabel|García|1961-06-29|64
Pablo|Medina|1949-02-03|77
Manuel|Morales|1953-09-28|72
Sofía|Vargas|1960-05-31|65
Alejandro|Vega|1955-12-07|70
Pedro|Álvarez|1954-07-23|71
Diego|Flores|1972-10-04|53
Patricia|Martínez|1989-11-20|36
Natalia|Vargas|1991-01-06|35
Diana|Suárez|2008-01-12|18
Lucía|Castro|2004-02-09|22
Diana|Delgado|2002-03-16|24
Verónica|Aguilar|1978-01-17|48
Patricia|Flores|1955-11-21|70
Mario|Martínez|1996-12-09|29
Mónica|Vargas|1958-06-29|67
Sergio|Ríos|1949-03-06|77
Alejandro|González|2006-07-09|19
Valentina|Ríos|1979-11-06|46
Carlos|Vega|1970-08-24|55
Cristina|Álvarez|1985-09-25|40
Carmen|Sánchez|1978-05-07|48
Diego|Ramos|1983-08-10|42
Isabel|Hernández|1977-03-06|49
Sofía|Romero|1992-06-27|33
Javier|Ortega|1978-02-28|48
Adriana|Mendoza|2004-08-22|21
Verónica|Castro|2004-09-06|21
Sofía|Navarro|1995-11-18|30
Ricardo|González|1971-05-06|55
Roberto|Ortega|1951-01-01|75
Eduardo|Vega|1994-05-25|31
Mario|García|2000-09-25|25
Rafael|Ortega|1996-05-09|30
Isabel|Martínez|1946-06-27|79
Valentina|Silva|1983-06-19|42
Valentina|Martínez|1967-09-23|58
Pablo|López|1970-07-12|55
Rafael|Díaz|1951-01-07|75
Juan|Delgado|1960-10-13|65
Lucía|Ramírez|1997-11-22|28
Sergio|Ramírez|2006-04-01|20
Rafael|Ortega|1961-09-04|64
Fernando|Ortega|1962-01-06|64
Luis|Navarro|1965-05-17|61
Roberto|Vargas|1950-04-25|76
Natalia|Morales|1953-12-29|72
Mario|Fuentes|2003-03-26|23
Sofía|Sánchez|1989-01-07|37
Rafael|Delgado|1977-03-26|49
Sofía|Rivera|1971-07-08|54
Carmen|Silva|2000-03-10|26
Valentina|Rivera|1954-01-23|72
Pablo|Vega|1959-12-05|66
Ricardo|Rivera|1949-05-19|77
Elena|Romero|2006-11-20|19
Elena|Díaz|1993-12-19|32
Rafael|Mendoza|1998-11-19|27
Diana|Hernández|1985-08-15|40
Laura|Rojas|1978-10-14|47
Juan|Álvarez|1963-06-05|62
Valentina|Mendoza|1953-02-21|73
Valentina|Pérez|2001-07-21|24
Héctor|Ortega|1957-07-09|68
Sandra|Castillo|1973-10-21|52
Claudia|Mendoza|1973-01-31|53
Gabriela|Reyes|1993-04-24|33
Gabriela|Morales|1998-09-26|27
Carmen|Hernández|1977-06-15|48
Ricardo|Martínez|1960-12-11|65
Gabriela|Rivera|1989-10-19|36
Fernando|Hernández|1966-03-14|60
Mario|Flores|1951-12-10|74
Miguel|Silva|1949-05-28|76
Sandra|García|1979-09-14|46
Natalia|Rodríguez|1972-02-29|54
Manuel|Vargas|1960-06-22|65
Carmen|Fuentes|1958-04-19|68
Luis|Hernández|1950-01-03|76
Carmen|Romero|2001-05-03|25
Eduardo|Ortiz|1964-08-01|61
Ana|Rodríguez|1973-04-23|53
Lucía|Navarro|2000-08-15|25
Laura|García|1963-11-12|62
Fernando|Aguilar|1969-09-09|56
Rosa|González|2003-06-01|22
Eduardo|Ramírez|1979-03-24|47
José|Medina|1966-04-16|60
Mónica|Medina|2008-04-08|18
Alejandro|Castro|1980-08-28|45
Sergio|Ortega|1973-03-22|53
Juan|Rivera|1987-07-24|38
Javier|Reyes|1967-08-07|58
Javier|Gómez|1961-07-25|64
Sandra|Cruz|1968-11-15|57
Manuel|Ríos|1962-03-30|64
Valentina|Aguilar|1983-08-18|42
Pedro|Silva|1983-12-08|42
Héctor|Ramírez|1948-12-02|77
María|Torres|1989-10-20|36
Eduardo|Ortiz|1949-02-20|77
Isabel|Silva|2005-05-12|21
Mónica|Ramírez|1962-03-22|64
Héctor|Silva|1970-11-04|55
Sandra|Ríos|1956-05-07|70
Héctor|Sánchez|1951-08-21|74
Adriana|Álvarez|1961-06-17|64
Rosa|Morales|1972-11-05|53
Laura|Medina|1949-07-11|76
Lucía|Mendoza|1979-09-19|46
Roberto|Rodríguez|1957-01-19|69
Rosa|Aguilar|1963-09-03|62
Laura|Jiménez|1972-10-19|53
Andrés|Sánchez|1992-11-22|33
Fernando|Ruiz|1977-06-14|48
José|Guerrero|1984-07-27|41
Javier|Ramírez|1971-01-01|55
Rafael|Ruiz|1982-02-13|44
Ana|Mendoza|1953-06-18|72
José|Vargas|1973-07-28|52
José|Castillo|1987-03-24|39
Natalia|Delgado|1954-04-17|72
Pedro|Suárez|1971-05-09|55
Rosa|Cruz|1996-02-04|30
Luis|Fuentes|1963-03-06|63
María|Ramos|2002-10-23|23
Ricardo|Pérez|2006-11-03|19
Diana|Romero|2005-01-02|21
Verónica|Aguilar|1988-12-23|37
Pablo|Ramírez|1957-09-06|68
Gabriela|Delgado|1972-05-19|54
Luis|Díaz|1992-03-25|34
Diana|Ortega|1951-12-16|74
Luis|Morales|1987-12-01|38
Andrés|Medina|1963-05-29|62
Elena|Ruiz|1976-06-14|49
Mario|Molina|1962-09-20|63
Carlos|Rojas|1958-10-30|67
Sandra|Navarro|1992-09-17|33
Carmen|Suárez|1992-06-05|33
Luis|Suárez|1991-04-27|35
Elena|González|1983-09-25|42
Gabriela|Castillo|2001-12-19|24
Claudia|Cruz|1977-01-01|49
Verónica|Ruiz|1991-01-25|35
Ana|López|2000-05-10|26
Carmen|Rodríguez|1983-06-21|42
Héctor|Ortega|1984-11-28|41
Natalia|Silva|1952-09-15|73
Rafael|Reyes|1986-02-02|40
Rosa|González|1987-02-09|39
Lucía|Molina|1950-07-16|75
Ricardo|Reyes|2006-04-20|20
Elena|Aguilar|1974-06-02|51
Cristina|Morales|2000-10-13|25
Alejandro|Castillo|1993-04-24|33
Roberto|Sánchez|1948-08-31|77
Mario|Ortiz|1998-12-12|27
Lucía|Hernández|1978-03-04|48
Javier|Molina|1969-01-15|57
Mónica|Ruiz|1971-06-14|54
Carmen|Fuentes|1952-11-03|73
Andrés|López|1998-06-28|27
Roberto|Silva|1949-05-16|77
Patricia|Ortega|1974-08-12|51
Diana|Ríos|1990-07-09|35
Elena|Díaz|1995-08-20|30
Cristina|Hernández|1975-11-12|50
Mario|Reyes|1980-01-24|46
Isabel|Cruz|1980-02-02|46
Ana|Ruiz|1996-11-04|29
María|Medina|1950-12-02|75
Laura|Molina|1979-10-07|46
Alejandro|Cruz|1959-07-14|66
Mario|Ramos|1948-04-09|78
Rafael|Rodríguez|1989-04-09|37
Carmen|Rivera|1968-09-11|57
Rosa|Álvarez|2004-05-30|21
Rosa|Ortiz|1982-12-30|43
Lucía|Suárez|1998-01-10|28
Laura|González|1981-06-20|44
Luis|Ríos|1962-09-29|63
Diana|Gómez|1973-03-10|53
Sofía|Álvarez|1949-08-13|76
Manuel|Jiménez|1996-12-14|29
Héctor|Suárez|1962-06-29|63
Rafael|Silva|1976-03-09|50
Juan|Flores|2003-01-07|23
Luis|Rojas|1972-04-21|54
Pedro|Ortega|2007-10-02|18
Alejandro|Castro|1960-04-20|66
Verónica|García|1976-10-19|49
Luis|García|1997-02-25|29
Diana|Pérez|1991-09-19|34
Rosa|Suárez|1960-11-05|65
José|Hernández|1971-05-21|54
Verónica|Torres|1948-11-12|77
Diego|Gómez|1952-05-28|73
Sofía|Pérez|1975-04-26|51
Alejandro|Navarro|1981-08-08|44
Claudia|Navarro|1984-03-12|42
Pablo|Torres|1970-08-17|55
Patricia|Ríos|2000-05-05|26
Andrés|Flores|1977-06-10|48
Claudia|Aguilar|1995-04-24|31
Ana|Hernández|1961-02-24|65
Roberto|Hernández|1989-06-05|36
Pedro|Romero|1992-11-19|33
Valentina|Hernández|1990-10-07|35
Cristina|Morales|1994-04-23|32
Sergio|García|1987-09-06|38
Laura|Romero|2003-06-24|22
María|Fuentes|2001-08-31|24
Alejandro|Sánchez|1953-09-02|72
Javier|Medina|1947-05-08|79
Carlos|Morales|1958-05-05|68
Ricardo|Castro|2006-06-01|19
Valentina|Mendoza|1995-02-20|31
Rafael|Díaz|1964-08-30|61
Fernando|Castillo|1973-02-10|53
Sergio|Jiménez|1961-06-24|64
Mario|Pérez|1978-12-31|47
Ana|Rojas|1963-07-13|62
Natalia|Hernández|1958-02-05|68
Gabriela|Molina|1958-05-23|67
Diana|Rojas|2002-10-19|23
Carlos|Ortiz|1970-06-12|55
Diana|Rojas|2007-12-01|18
Luis|Rojas|1978-08-11|47
Sergio|Castillo|1985-12-13|40
Cristina|Delgado|1962-11-17|63
Pedro|Rojas|1960-11-02|65
Adriana|Castillo|1953-12-25|72
Ricardo|Suárez|2002-03-20|24
Isabel|Vargas|1998-01-07|28
Javier|Castro|1996-07-26|29
María|Navarro|1975-12-14|50
Patricia|Aguilar|1987-09-08|38
Andrés|Delgado|1963-01-04|63
Diego|Hernández|1981-08-31|44
Pedro|Medina|1950-06-04|75
Juan|Gómez|2007-05-17|19
José|Suárez|1972-11-28|53
Claudia|Ramírez|1954-03-19|72
Rosa|Flores|1965-11-16|60
Alejandro|López|1961-06-09|64
Ana|Castillo|1998-03-01|28
Roberto|Ortega|1957-03-31|69
Mario|Torres|1999-10-31|26
Patricia|Morales|1948-07-27|77
Andrés|Sánchez|1957-09-15|68
Ricardo|Fuentes|1998-04-06|28
Laura|Castro|2001-10-31|24
Fernando|Díaz|1996-02-09|30
Gabriela|Molina|1992-06-10|33
Luis|Silva|1974-09-22|51
Diego|Ortega|1969-11-27|56
Juan|Reyes|1946-08-28|79
Ana|García|1962-05-30|63
Natalia|Vega|1976-07-17|49
Roberto|Navarro|1992-09-18|33
Carmen|Rojas|1958-11-16|67
Natalia|Romero|1966-11-21|59
Elena|Hernández|1992-09-01|33
Elena|Rodríguez|1992-05-02|34
Juan|Suárez|2001-10-04|24
Gabriela|Ríos|1982-07-11|43
Sandra|Sánchez|1990-02-19|36
Ricardo|Díaz|1959-08-14|66
Javier|Martínez|1961-09-10|64
Valentina|Vargas|1985-09-23|40
Patricia|Cruz|1979-01-11|47
Isabel|Pérez|1966-05-02|60
Mario|García|1989-06-07|36
Alejandro|Mendoza|1985-03-09|41
Andrés|Díaz|1967-10-01|58
Carmen|Guerrero|1982-08-04|43
María|Guerrero|2007-04-21|19
Natalia|Medina|1946-11-14|79
Gabriela|Aguilar|1991-12-05|34
Verónica|Ramírez|1980-08-08|45
Juan|Delgado|1948-07-28|77
Sofía|Martínez|1960-01-03|66
Ricardo|Torres|1968-08-21|57
Laura|Silva|1979-12-25|46
Laura|Martínez|1972-12-05|53
Verónica|García|2008-03-13|18
Cristina|Martínez|1960-11-23|65
Cristina|Ortiz|1982-07-29|43
Héctor|Ramos|1998-10-25|27
Alejandro|Ruiz|1991-11-16|34
Sandra|Silva|1970-10-10|55
Lucía|Fuentes|1996-04-26|30
Carmen|Hernández|1977-08-31|48
Sandra|Fuentes|1955-03-01|71
Verónica|Sánchez|1973-02-08|53
Pablo|Romero|1983-01-21|43
Diego|Castro|1953-07-18|72
Pablo|Ramírez|1966-08-27|59
José|González|1999-03-01|27
Javier|Hernández|1950-01-10|76
Valentina|Ruiz|1967-02-07|59
Valentina|Rivera|1994-11-28|31
Natalia|Suárez|1973-08-19|52
Fernando|Sánchez|1982-12-11|43
Rafael|Martínez|1984-12-12|41
Sergio|Mendoza|1975-04-20|51
Lucía|Suárez|1971-01-03|55
Mónica|Rojas|1995-11-15|30
Rosa|Vega|1982-09-12|43
Alejandro|González|1964-06-28|61
José|Ramírez|2003-08-04|22
Sergio|Martínez|2001-01-26|25
María|Martínez|1951-12-17|74
Sandra|Molina|1961-03-05|65
Alejandro|Medina|2004-09-13|21
Carlos|Ruiz|1991-02-25|35
Isabel|Silva|2007-04-24|19
Manuel|Castro|1991-08-13|34
Claudia|Hernández|1975-04-08|51
Adriana|Mendoza|1965-07-06|60
Alejandro|Cruz|1996-04-17|30
Ana|Díaz|1986-04-07|40
Miguel|Castro|1959-06-01|66
Juan|Silva|1953-11-01|72
Elena|Morales|1959-06-22|66
Cristina|Rivera|1968-07-03|57
Alejandro|Jiménez|1954-03-27|72
Sandra|Romero|1953-08-20|72
Ricardo|Gómez|2002-08-27|23
Adriana|Cruz|2000-05-12|26
Sandra|González|1951-11-03|74
Mario|Cruz|1975-01-19|51
Ana|Aguilar|2005-10-03|20
Eduardo|Ortiz|1997-03-13|29
Adriana|Pérez|1961-12-24|64
Miguel|Suárez|1976-04-15|50
Ana|Romero|1964-03-17|62
Valentina|Rodríguez|1994-07-28|31
Andrés|Gómez|1987-12-01|38
Natalia|Ríos|1994-07-05|31
Pablo|Silva|1965-04-17|61
Adriana|Delgado|1975-05-15|51
Cristina|Sánchez|1976-01-13|50
Elena|Ortega|1969-08-29|56
Ana|Ortiz|1971-12-30|54
Carmen|Ramírez|1954-06-10|71
Adriana|García|1975-06-22|50
Claudia|Silva|1960-11-29|65
Lucía|Pérez|1970-05-29|55
Verónica|Gómez|1976-05-26|49
Elena|Hernández|1970-07-26|55
Laura|Delgado|1986-01-15|40
Héctor|Suárez|1983-01-31|43
Claudia|Martínez|1976-08-02|49
Ricardo|Guerrero|1954-04-17|72
Valentina|Fuentes|1977-10-11|48
Adriana|Ruiz|1961-01-09|65
Miguel|Reyes|1958-05-12|68
Carlos|García|1983-03-20|43
Ricardo|Vargas|1951-03-14|75
Valentina|Navarro|1947-03-23|79
Pedro|Gómez|1965-07-23|60
Manuel|Ramos|1976-01-30|50
Juan|Sánchez|2007-02-21|19
Diego|Flores|2008-02-24|18
Javier|Ríos|1974-07-10|51
Manuel|Gómez|1963-09-02|62
Sofía|Pérez|1960-05-06|66
Eduardo|Ortiz|1974-09-04|51
Javier|Molina|1952-11-20|73
Isabel|Guerrero|1966-06-29|59
Manuel|Sánchez|1951-11-02|74
Ricardo|Reyes|1959-10-15|66
Héctor|Medina|1967-06-16|58
Carmen|Álvarez|1950-01-11|76
Sergio|Hernández|1979-11-27|46
Sandra|Hernández|1973-07-15|52
Diego|Silva|1991-05-05|35
Ana|Cruz|1959-02-07|67
Rosa|Rodríguez|1955-11-11|70
María|Morales|2007-10-04|18
Eduardo|Rivera|1954-01-28|72
Pablo|Díaz|2007-05-18|19
Pedro|Fuentes|1974-08-19|51
Diego|López|1981-03-13|45
Mario|Ortiz|1959-10-30|66
Diego|González|1960-05-29|65
Manuel|Suárez|1948-01-29|78
Sergio|Vargas|1954-09-22|71
Verónica|Ortega|1986-12-18|39
Pedro|Hernández|1948-05-11|78
Eduardo|Aguilar|1984-11-22|41
Ana|Castillo|1982-03-17|44
Carlos|Delgado|2007-03-08|19
Sergio|Álvarez|1970-01-15|56
Diego|Ramírez|1975-01-06|51
Elena|Ortega|1953-12-25|72
Isabel|Díaz|1985-06-28|40
Cristina|Navarro|1950-01-23|76
Rafael|Castillo|2000-02-26|26
Andrés|Molina|1956-05-26|69
Diana|García|1946-10-11|79
Fernando|Ramos|1979-12-22|46
Sergio|Delgado|1992-10-26|33
Miguel|García|1982-05-02|44
Laura|Vega|1991-05-23|34
Ricardo|Fuentes|1981-08-10|44
Roberto|Sánchez|1994-02-19|32
Diana|Suárez|1982-01-15|44
Carmen|Medina|1999-06-25|26
Diana|Ramos|1981-02-09|45
Cristina|Castro|1957-07-16|68
Carlos|Ramos|1977-10-29|48
Carmen|Rivera|1982-04-25|44
Laura|Suárez|1993-07-07|32
Valentina|Gómez|1969-08-01|56
Sofía|Morales|2002-04-26|24
Andrés|Morales|1993-06-28|32
Verónica|Martínez|1984-05-25|41
Laura|Rojas|1949-05-26|76
Mario|Cruz|1951-04-18|75
Héctor|Hernández|1950-12-19|75
Laura|Ortiz|1967-07-20|58
Luis|Flores|1991-08-06|34
Patricia|Castro|1991-05-11|35
Manuel|Fuentes|1947-10-04|78
Pedro|Martínez|1966-05-30|59
Verónica|Pérez|1958-04-16|68
Sandra|Jiménez|1985-08-17|40
Pedro|Ortiz|1995-10-18|30
Lucía|Ruiz|1949-01-09|77
Miguel|Pérez|1993-06-28|32
Luis|Rivera|1997-07-11|28
Lucía|Silva|2006-10-13|19
Isabel|Sánchez|1958-10-10|67
Sergio|Navarro|1969-04-29|57
Fernando|Fuentes|1984-02-24|42
Fernando|Ortiz|1981-01-23|45
Fernando|Ruiz|1963-08-11|62
Carmen|Guerrero|1947-02-25|79
Patricia|Suárez|1956-11-20|69
Alejandro|Guerrero|1991-03-10|35
Manuel|Pérez|1991-09-12|34
Ana|García|1973-02-13|53
Elena|Rodríguez|1956-12-26|69
Laura|Medina|2004-06-30|21
Elena|Rojas|1972-03-28|54
Miguel|González|1977-01-02|49
Juan|Vargas|1958-10-27|67
Laura|Aguilar|1959-02-13|67
Manuel|Jiménez|1948-08-15|77
Pablo|Pérez|2000-10-01|25
Eduardo|González|1993-06-05|32
Patricia|Morales|1985-06-29|40
Ana|Castro|1961-07-29|64
Sofía|Martínez|2001-11-22|24
Alejandro|Suárez|1984-08-19|41
Héctor|Cruz|1968-07-01|57
Elena|Díaz|1993-10-03|32
Gabriela|Fuentes|2004-05-08|22
Manuel|Díaz|1947-03-05|79
Claudia|Ríos|1969-10-09|56
Laura|González|1958-06-01|67
Diego|Álvarez|1980-05-23|45
Diana|Flores|1988-08-06|37
Andrés|Sánchez|1985-09-08|40
Isabel|Ríos|1994-12-24|31
Sandra|Álvarez|1982-12-03|43
Ana|Castillo|1978-05-03|48
Natalia|Navarro|1965-04-29|61
Valentina|Flores|1977-07-05|48
Sandra|Sánchez|1970-03-10|56
Natalia|Cruz|2005-10-17|20
Cristina|Ríos|1991-05-03|35
Pablo|Navarro|1979-07-30|46
Manuel|Molina|1956-11-18|69
Eduardo|Rojas|1995-09-09|30
Juan|Pérez|1997-03-26|29
Alejandro|Díaz|1947-01-25|79
Cristina|Flores|1977-05-25|48
Ricardo|Torres|1985-02-10|41
Laura|Guerrero|1972-05-10|54
Lucía|Flores|1966-04-01|60
Fernando|Fuentes|2007-09-10|18
Sofía|Pérez|1995-12-06|30
Sandra|Rodríguez|1971-01-13|55
Mónica|Romero|1952-06-19|73
Elena|López|1994-04-12|32
Natalia|Rojas|1979-10-14|46
Isabel|Suárez|1983-01-12|43
Verónica|Castro|1997-07-17|28
Isabel|López|2001-04-06|25
Diana|Morales|1967-03-12|59
Rosa|Aguilar|1951-04-29|75
Verónica|Silva|1991-10-07|34
Valentina|Flores|2002-08-04|23
Laura|Silva|1992-01-06|34
Lucía|Delgado|1960-12-28|65
Patricia|Pérez|1964-05-23|61
Fernando|Morales|1985-06-23|40
Natalia|Mendoza|1950-11-06|75
Diego|Medina|1981-09-19|44
Natalia|Ríos|1973-05-09|53
Mario|Molina|1988-05-17|38
Fernando|Jiménez|1973-03-15|53
Pedro|Jiménez|1992-02-08|34
Sergio|González|1977-03-05|49
Ana|Castillo|1958-10-01|67
Héctor|Ramírez|1992-06-14|33
Héctor|Ríos|1963-12-27|62
Pedro|Guerrero|1963-03-27|63
Gabriela|Pérez|1960-07-17|65
María|Molina|1989-03-04|37
Valentina|García|2002-10-29|23
Pedro|Díaz|1997-05-14|29
Sofía|Suárez|2007-12-23|18
Sergio|Pérez|1973-12-30|52
Héctor|Rivera|1988-10-14|37
Adriana|Ortega|1953-10-18|72
Javier|Ruiz|2005-05-21|20
Sergio|Molina|2005-06-21|20
Andrés|Álvarez|1992-07-25|33
Claudia|Sánchez|2004-01-15|22
Andrés|Silva|1975-06-18|50
Patricia|Sánchez|1963-03-25|63
Claudia|Navarro|1976-05-29|49
Mario|Castillo|1989-04-04|37
Fernando|Ortiz|2001-08-29|24
Isabel|Guerrero|1948-12-07|77
Sergio|García|2005-05-06|21
Sergio|Flores|1986-10-02|39
Sandra|Molina|1982-02-16|44
Miguel|Hernández|1954-07-11|71
Javier|Aguilar|1967-04-28|59
Adriana|Pérez|1957-09-14|68
José|Fuentes|1948-09-16|77
Ana|Castillo|1967-10-28|58
Laura|Vargas|1960-10-13|65
Luis|Fuentes|1955-07-13|70
Sergio|Martínez|1997-10-04|28
Isabel|Morales|1967-12-02|58
Patricia|Romero|1998-01-17|28
Luis|Castro|1946-06-25|79
Lucía|Sánchez|1965-03-27|61
Gabriela|Martínez|1999-04-13|27
Pablo|Díaz|1964-07-16|61
Pedro|Delgado|1955-09-24|70
Juan|Navarro|1969-04-13|57
Claudia|Martínez|1993-10-08|32
Eduardo|Jiménez|2004-01-05|22
Carlos|Jiménez|1949-02-13|77
Verónica|Vargas|1991-04-18|35
Mario|Vega|1999-07-08|26
Gabriela|Álvarez|1998-04-14|28
Pablo|Medina|1979-06-29|46
Sofía|Rojas|1973-06-09|52
Natalia|Delgado|1969-01-11|57
Natalia|Fuentes|1973-11-27|52
Carlos|Cruz|1970-05-06|56
Verónica|Fuentes|2002-12-15|23
Cristina|Delgado|1962-12-30|63
Sofía|Guerrero|1977-05-09|49
Andrés|Vega|2007-07-07|18
Luis|Flores|1993-12-06|32
José|Cruz|1961-08-23|64
Claudia|Gómez|1958-07-30|67
Mario|Martínez|1984-02-03|42
Fernando|Castro|1957-05-31|68
Manuel|Álvarez|1979-09-20|46
Cristina|Ramos|1987-08-16|38
Miguel|Ortega|1982-11-19|43
Elena|Castillo|1986-06-19|39
Rosa|Ruiz|1958-12-12|67
Alejandro|López|1956-05-11|70
Carlos|Cruz|1994-05-02|32
Ana|Ortiz|1975-05-04|51
José|Guerrero|1953-05-04|73
Mario|Rojas|1972-05-10|54
Claudia|Morales|1982-10-28|43
Elena|Pérez|1982-06-18|43
Rosa|Reyes|1954-04-17|72
María|Hernández|2006-10-07|19
José|Guerrero|1964-05-24|61
Roberto|Romero|2003-07-30|22
Pablo|Ramos|1949-11-11|76
Gabriela|Torres|1994-01-12|32
Mónica|Ortiz|1993-08-07|32
Alejandro|Ríos|1991-04-04|35
Elena|Martínez|2004-03-24|22
Cristina|Morales|1951-07-27|74
Diego|Molina|1969-04-26|57
Rafael|Pérez|2008-02-18|18
Patricia|López|1968-12-25|57
Laura|Ramos|1999-04-14|27
Valentina|Rivera|2006-04-29|20
Lucía|Ríos|1962-08-16|63
Héctor|Medina|1953-01-20|73
Isabel|López|1990-03-20|36
Sofía|Castillo|2002-03-21|24
Mario|Ríos|1996-12-24|29
Mario|Martínez|1985-07-11|40
Mario|Jiménez|1969-01-05|57
Ricardo|Flores|1979-07-07|46
Valentina|Fuentes|1991-11-26|34
Carlos|Navarro|1992-06-20|33
Claudia|Castillo|1963-05-31|62
Elena|Cruz|1992-01-21|34
Pedro|Ruiz|1990-12-31|35
Claudia|Ortiz|1955-05-11|71
Rafael|Sánchez|1958-03-22|68
Eduardo|Suárez|1983-04-27|43
Ricardo|Ríos|1990-09-18|35
Rafael|Castillo|1970-12-24|55
Ricardo|Morales|1965-10-02|60
Roberto|Ríos|2007-11-06|18
Carmen|Suárez|1960-08-20|65
Rafael|Vargas|1994-06-04|31
Verónica|Sánchez|1946-06-15|79
Sandra|Guerrero|1995-09-23|30
Sandra|Navarro|1964-11-15|61
Héctor|Reyes|1987-10-21|38
Adriana|Medina|1963-06-24|62
Cristina|Morales|1977-07-10|48
María|Vega|1964-07-20|61
Manuel|Jiménez|1963-09-11|62
Mario|Castillo|1948-11-30|77
Fernando|Martínez|1986-12-13|39
Miguel|Rivera|1956-05-05|70
Elena|López|1990-02-16|36
Andrés|Martínez|1989-07-24|36
Diana|Vargas|1965-03-23|61
Rosa|Torres|1946-12-06|79
Fernando|Vega|1971-06-28|54
Ricardo|Castro|1973-10-18|52
Alejandro|Díaz|1992-02-19|34
Diego|Hernández|1987-03-28|39
Diana|Rivera|1999-07-02|26
Pedro|Ruiz|1979-12-31|46
Fernando|Pérez|1967-09-10|58
Luis|Rodríguez|1947-12-22|78
Rosa|Castillo|1984-04-15|42
Pedro|Jiménez|1970-08-25|55
Sofía|Rodríguez|1982-06-21|43
Patricia|Guerrero|1957-03-18|69
Luis|Cruz|1976-05-28|49
Fernando|Morales|1972-03-23|54
Eduardo|Mendoza|1977-08-27|48
Pedro|Rojas|1980-12-06|45
Sofía|Mendoza|1953-07-04|72
Juan|Reyes|1988-08-24|37
Carlos|Silva|1958-10-26|67
Sergio|Díaz|1954-08-28|71
Andrés|Sánchez|1983-07-27|42
Ricardo|Ramírez|1979-03-12|47
Isabel|Morales|1999-09-20|26
Eduardo|Molina|1955-11-02|70
Claudia|Hernández|1961-04-13|65
Mónica|Torres|1951-08-20|74
Sofía|Morales|1960-10-18|65
Javier|Morales|1986-09-02|39
Natalia|Silva|1959-02-14|67
Pablo|Reyes|1986-05-21|39
Carlos|Mendoza|1961-01-22|65
Eduardo|Ríos|1994-01-10|32
Juan|Ramos|1975-07-31|50
Natalia|Vega|1957-10-24|68
Luis|López|2007-11-02|18
Verónica|Cruz|1969-08-27|56
Pedro|Suárez|1997-07-29|28
Claudia|González|1946-06-03|79
Javier|Aguilar|1976-04-23|50
Diana|Delgado|1987-05-30|38
Rafael|González|1987-06-21|38
Laura|Martínez|1964-03-26|62
Andrés|López|1954-03-09|72
Sofía|Martínez|1958-07-05|67
Rafael|Ruiz|1993-01-11|33
Héctor|Fuentes|1972-06-16|53
Natalia|Delgado|1966-01-18|60
Fernando|Silva|1954-03-31|72
Cristina|Álvarez|1960-10-23|65
Lucía|Rojas|1992-08-16|33
Sandra|Ruiz|2001-12-09|24
Gabriela|Delgado|1962-04-22|64
Roberto|Mendoza|1965-03-16|61
Miguel|Reyes|1988-04-07|38
Juan|López|2002-09-03|23
Elena|Ortega|1950-01-06|76
Fernando|Cruz|1992-02-05|34
Elena|Castillo|2007-09-08|18
Diego|Ramírez|1996-12-18|29
María|Aguilar|1983-05-04|43
Mario|Morales|2005-08-29|20
Mario|Martínez|1977-01-29|49
Miguel|Suárez|1992-12-21|33
Pablo|Rojas|1989-12-07|36
Gabriela|Reyes|1978-12-18|47
Diana|Aguilar|1949-02-14|77
Isabel|Fuentes|2006-10-23|19
Cristina|Navarro|1998-11-28|27
Rafael|Molina|1950-01-27|76
Luis|Morales|2007-07-29|18
Manuel|Castillo|1988-09-13|37
Javier|Castillo|1996-10-15|29
Eduardo|Delgado|2000-05-25|25
Héctor|Díaz|1960-10-05|65
Lucía|Rivera|1995-06-21|30
Manuel|Rodríguez|1960-06-27|65
Alejandro|Rodríguez|1996-04-21|30
Javier|González|1963-09-28|62
Mario|Ramírez|1995-02-04|31
Isabel|Reyes|1954-05-10|72
Luis|Ortiz|1999-07-12|26
Sergio|Ríos|1987-10-26|38
Andrés|Jiménez|1998-08-06|27
Eduardo|Medina|1974-10-14|51
Verónica|Ríos|1952-05-04|74
Carlos|Medina|1984-09-13|41
Carmen|Gómez|1996-07-09|29
Cristina|Gómez|1983-07-15|42
Mario|Reyes|1974-05-28|51
Sofía|Fuentes|1999-12-31|26
Sergio|Castillo|2000-06-30|25
Fernando|Castillo|2007-05-11|19
Juan|Rojas|2003-11-25|22
Gabriela|González|1994-01-12|32
Andrés|Sánchez|1956-01-07|70
Claudia|Ortega|1997-03-26|29
Carmen|Gómez|1950-05-07|76
Ana|Rivera|1958-11-16|67
Javier|Rojas|1975-09-25|50
Manuel|Suárez|1948-11-06|77
Lucía|Fuentes|1989-02-15|37
Luis|Vargas|1983-07-08|42
Lucía|Gómez|1984-06-19|41
Rafael|Martínez|1993-11-01|32
Manuel|Ruiz|1969-08-29|56
Sandra|López|1979-04-01|47
Ana|Morales|2008-04-27|18
Héctor|Medina|1946-07-31|79
Rafael|Cruz|1984-11-15|41
Sofía|Rivera|1976-04-25|50
Lucía|Gómez|1949-09-16|76
José|Castro|1994-12-15|31
Verónica|Gómez|1947-02-26|79
Carmen|Silva|1965-07-16|60
Elena|Silva|1953-08-31|72
Mónica|Molina|1949-08-07|76
Patricia|Ramírez|1979-09-01|46
Pablo|Medina|2005-07-30|20
Laura|Rojas|1980-06-18|45
Sofía|Vega|1967-02-06|59
Ana|Reyes|1957-05-05|69
Roberto|Rojas|1966-02-26|60
Natalia|Castro|1999-04-10|27
Mónica|Sánchez|1999-02-08|27
Isabel|Rodríguez|1969-06-11|56
Mónica|González|1998-06-28|27
Diego|Ruiz|2007-11-24|18
María|Hernández|1996-07-16|29
Diana|Romero|1955-04-02|71
Fernando|López|1951-01-01|75
Juan|Jiménez|1964-11-09|61
Sofía|Silva|1978-09-07|47
Pablo|Aguilar|1964-04-26|62
Manuel|Jiménez|1964-02-25|62
Diana|Molina|1949-10-16|76
Cristina|Mendoza|2003-09-05|22
Mario|López|1971-07-27|54
Gabriela|Delgado|1961-03-15|65
Pedro|Cruz|1952-08-06|73
Rosa|Jiménez|2004-10-11|21
Ricardo|Cruz|1972-05-18|54
Ricardo|Castillo|1990-05-27|35
Laura|Vargas|1955-05-08|71
Lucía|Rodríguez|1954-11-13|71
Pablo|Jiménez|1999-08-01|26
Sergio|Martínez|1990-06-13|35
Manuel|Martínez|1953-07-03|72
Adriana|Rodríguez|1991-03-04|35
Sergio|Ortega|1978-07-26|47
Claudia|Vega|1964-05-23|61
Manuel|Mendoza|1999-09-14|26
Gabriela|González|1950-04-28|76
María|Vega|2007-09-18|18
José|Aguilar|1949-01-21|77
Sandra|Rojas|1952-05-22|73
Elena|Rodríguez|1977-11-25|48
Isabel|Martínez|2006-01-04|20
Carlos|Cruz|1959-01-08|67
Isabel|Silva|1984-12-19|41
Javier|Pérez|1981-03-27|45
Rafael|Torres|1947-03-17|79
Natalia|González|1986-03-13|40
Diego|Torres|1992-05-03|34
Gabriela|Álvarez|1975-07-23|50
Miguel|Vega|1957-12-27|68
José|Aguilar|1975-05-10|51
Eduardo|Gómez|1983-08-17|42
Natalia|Medina|1994-05-17|32
José|Romero|1948-02-06|78
Roberto|Ríos|1990-08-25|35
Rosa|Ramírez|1975-06-07|50
Sofía|Hernández|1986-04-29|40
Verónica|Molina|2003-10-18|22
Ana|García|1977-09-06|48
Mónica|Jiménez|2003-09-20|22
Mónica|Castillo|1972-09-17|53
Gabriela|Mendoza|2008-01-07|18
Valentina|Romero|1966-01-22|60
Diana|Mendoza|1997-12-20|28
Valentina|González|1990-08-22|35
Valentina|Fuentes|1977-03-03|49
Sergio|García|1951-08-30|74
Patricia|Delgado|1997-11-02|28
Rosa|Vargas|1982-03-09|44
Luis|Jiménez|1974-05-02|52
Diego|Cruz|1978-09-20|47
Mónica|Torres|1986-07-27|39
Javier|Martínez|1976-11-06|49
Sofía|Sánchez|2001-12-11|24
Sandra|Hernández|1956-04-27|70
Mónica|Morales|1953-02-08|73
Manuel|Ortega|1980-01-16|46
José|Gómez|1953-06-05|72
Patricia|Morales|1990-09-22|35
Mónica|Sánchez|1974-07-14|51
Rosa|Castro|1987-03-31|39
Alejandro|Castro|1974-07-04|51
Carlos|Rivera|1956-02-25|70
Valentina|Guerrero|1962-05-17|64
José|Fuentes|2003-02-16|23
Diego|Ramírez|1953-05-22|72
Rafael|Romero|1964-08-25|61
Juan|Silva|1998-06-14|27
Mónica|Sánchez|1948-10-19|77
Lucía|Hernández|1987-03-13|39
Pedro|Morales|1954-07-10|71
José|Gómez|1980-03-07|46
Sofía|Pérez|2001-01-13|25
Sofía|Álvarez|1952-06-20|73
Diego|Fuentes|1948-06-15|77
Mónica|Gómez|1953-05-04|73
Héctor|Delgado|1983-12-11|42
Adriana|Suárez|1991-07-31|34
Mario|González|1972-05-09|54
Roberto|Martínez|1947-07-13|78
Adriana|Reyes|1952-06-14|73
Pablo|García|1955-03-29|71
Juan|García|1978-02-03|48
Pablo|Reyes|2007-10-01|18
Diego|Aguilar|1960-05-24|65
Andrés|López|1958-03-09|68
Luis|Hernández|1975-08-02|50
Rafael|Ríos|1995-03-18|31
Patricia|Reyes|1972-11-08|53
Fernando|Mendoza|1994-05-26|31
Pablo|Sánchez|1979-07-04|46
Carmen|Castillo|1951-03-26|75
Adriana|Vargas|1965-06-05|60
Javier|Morales|2004-09-23|21
Alejandro|Díaz|2006-02-15|20
Patricia|Molina|1989-04-06|37
José|Ramos|2006-04-16|20
Cristina|Díaz|1983-07-15|42
Isabel|Torres|1985-11-18|40
Patricia|Medina|1986-05-25|39
Laura|Aguilar|1994-02-08|32
Sofía|García|2001-07-29|24
Sofía|Martínez|1969-06-19|56
José|Mendoza|1949-03-27|77
Rosa|Vargas|2006-09-18|19
Rosa|Vargas|1994-07-13|31
Mario|Ruiz|1969-11-10|56
José|Castillo|1995-10-25|30
Manuel|Castillo|2002-02-25|24
José|Ramírez|1978-08-30|47
Ana|Fuentes|1963-07-23|62
Alejandro|González|2008-02-04|18
Lucía|Ramos|1958-07-17|67
Rosa|López|1998-11-29|27
Rafael|Gómez|1998-12-19|27
Luis|Gómez|1996-07-31|29
Ana|Gómez|1971-02-20|55
Ricardo|Rodríguez|1954-06-16|71
Carlos|Molina|1997-09-27|28
Valentina|Torres|1985-04-19|41
Eduardo|Castro|1985-11-28|40
Eduardo|Rodríguez|1966-08-22|59
Sergio|Álvarez|1997-05-24|28
Alejandro|Ramos|1974-09-22|51
Lucía|Díaz|1974-09-29|51
Javier|Ramos|1947-03-06|79
Diana|Pérez|1956-11-22|69
Luis|Morales|1979-01-22|47
José|Gómez|1947-10-27|78
Fernando|Medina|1978-04-27|48
Cristina|Mendoza|1958-12-21|67
Andrés|Castillo|1951-07-10|74
Sofía|Sánchez|2005-11-22|20
Lucía|González|1996-11-09|29
Carlos|Rodríguez|1955-10-03|70
Pablo|Hernández|1984-06-05|41
Adriana|Reyes|1988-02-12|38
Juan|Medina|1987-09-04|38
Sofía|Torres|1967-05-08|59
Héctor|Torres|1979-07-14|46
Carmen|González|1984-12-31|41
Laura|Rojas|1951-03-29|75
Carmen|Suárez|2008-01-31|18
Pablo|Suárez|1952-08-01|73
María|Medina|1981-12-28|44
Juan|Hernández|1998-11-07|27
María|Aguilar|2000-12-17|25
Fernando|Castro|1991-09-14|34
Cristina|González|1985-05-28|40
Diego|Fuentes|1995-04-25|31
Cristina|Morales|2008-02-20|18
Adriana|Díaz|1981-04-19|45
Rosa|Pérez|2000-04-07|26
Pablo|Ríos|1957-10-10|68
María|Guerrero|1992-05-22|33
Roberto|Ortiz|1979-11-08|46
Manuel|Navarro|1956-04-05|70
Diego|García|1968-04-06|58
Sandra|Castillo|1950-03-23|76
Pablo|González|1999-02-14|27
Laura|Morales|1957-06-16|68
Pablo|Sánchez|1989-08-06|36
José|López|1963-07-05|62
Héctor|Díaz|1984-11-16|41
Héctor|Ortiz|1966-04-18|60
Verónica|Delgado|1960-04-16|66
Gabriela|Morales|1975-08-29|50
María|Díaz|2001-04-17|25
Sandra|González|2003-05-11|23
Isabel|Mendoza|1986-03-27|40
Carmen|Rodríguez|1948-06-18|77
Javier|Castro|1976-03-23|50
Valentina|González|1951-10-25|74
Ana|Martínez|1955-01-29|71
Valentina|Castillo|1962-07-17|63
Javier|Suárez|1958-07-13|67
Juan|Ramos|1950-08-29|75
Rosa|Medina|1949-12-04|76
Pedro|Navarro|2005-07-07|20
Ana|Jiménez|1951-07-07|74
Sofía|Rivera|1967-05-19|59
Ricardo|Reyes|1984-06-19|41
Fernando|Guerrero|1980-10-28|45
Claudia|Delgado|1993-06-25|32
Pablo|Castillo|1973-03-23|53
Pedro|Medina|1977-06-25|48
Isabel|Aguilar|1972-10-30|53
Héctor|Navarro|1958-05-08|68
Carmen|Jiménez|1970-08-13|55
Natalia|Jiménez|1956-08-13|69
Laura|Suárez|1997-11-12|28
Manuel|Ruiz|1995-02-12|31
Luis|Hernández|1973-06-16|52
Héctor|Díaz|1946-12-24|79
Alejandro|Ortega|1965-07-09|60
Manuel|Torres|1990-11-02|35
José|Suárez|1970-01-29|56
Héctor|Ortega|2007-06-20|18
Andrés|Álvarez|1992-01-27|34
Ana|Medina|1974-09-12|51
Eduardo|Torres|1953-03-10|73
José|Suárez|2004-10-25|21
Claudia|Cruz|1982-04-16|44
Juan|Álvarez|1948-01-09|78
Rosa|Gómez|2006-01-11|20
Carmen|Ríos|1985-02-16|41
Andrés|Reyes|1968-03-31|58
Diego|Ortega|1988-05-27|37
Pablo|Silva|1985-05-12|41
Fernando|Cruz|1949-04-26|77
Lucía|Guerrero|1959-06-29|66
Juan|Aguilar|1971-04-05|55
Pablo|Rivera|1962-03-13|64
Eduardo|Flores|1993-05-22|32
Mario|Ortiz|2005-04-13|21
Elena|Torres|1989-10-29|36
Diego|Rivera|1960-01-23|66
Roberto|Sánchez|1998-10-15|27
Pedro|García|1960-09-26|65
Héctor|Ramos|1967-03-17|59
Juan|Rodríguez|1974-01-13|52
Sandra|Ortega|2003-01-27|23
Patricia|Ortiz|2002-12-30|23
Manuel|Rivera|1994-12-12|31
Diego|Delgado|1955-12-19|70
Rosa|Guerrero|1962-12-13|63
Elena|Hernández|1977-06-29|48
Verónica|Rojas|1987-10-04|38
Diana|Martínez|1961-08-08|64
Javier|Gómez|1968-02-10|58
Manuel|Álvarez|1962-10-22|63
Elena|Ruiz|1954-06-24|71
Claudia|Ortiz|1954-06-08|71
Manuel|Aguilar|1982-11-26|43
Alejandro|Reyes|1953-03-01|73
Diana|Navarro|1961-11-18|64
Pablo|Sánchez|1987-11-13|38
Sergio|Fuentes|1981-11-24|44
Javier|Reyes|1993-09-21|32
Adriana|Morales|1951-08-03|74
Carlos|Morales|1971-06-21|54
Javier|Jiménez|1949-01-17|77
Mario|Rodríguez|1968-04-20|58
Isabel|Morales|1956-01-14|70
Pedro|Gómez|1967-05-09|59
Eduardo|Ortiz|1959-03-22|67
Ana|Hernández|2007-01-23|19
Verónica|Flores|1987-07-20|38
Patricia|Gómez|1973-04-10|53
Valentina|Vega|1983-11-18|42
Gabriela|Ramírez|1947-11-10|78
Cristina|Silva|1975-06-03|50
Sergio|Suárez|1969-12-03|56
Natalia|Suárez|1960-02-11|66
Diana|López|1967-06-30|58
Javier|Mendoza|2002-01-10|24
Laura|Romero|1997-03-13|29
Héctor|Delgado|1999-01-20|27
Ricardo|Cruz|1959-09-22|66
Carmen|Medina|1959-07-14|66
Verónica|Díaz|1976-03-05|50
Ricardo|Ruiz|1954-01-12|72
Pablo|Flores|1983-02-13|43
Cristina|García|1989-09-18|36
Elena|Sánchez|1990-11-02|35
Ana|Delgado|1954-10-05|71
Diana|Cruz|1947-07-09|78
Juan|Flores|1971-04-09|55
Cristina|Reyes|1956-03-19|70
Alejandro|Flores|1983-01-19|43
Cristina|Hernández|1962-09-13|63
José|Sánchez|1992-01-27|34
Sandra|Aguilar|1963-04-06|63
Claudia|Ruiz|1990-05-28|35
Carmen|Díaz|1958-09-13|67
Adriana|García|1968-09-28|57
Roberto|López|1947-08-15|78
Laura|Vega|1979-10-27|46
Lucía|Álvarez|1990-05-04|36
Manuel|Aguilar|2007-01-08|19
Javier|Jiménez|1993-06-04|32
Diana|Flores|1969-04-11|57
Claudia|Cruz|1965-02-17|61
Rafael|Ríos|1981-11-06|44
Manuel|Rivera|1977-03-24|49
Ana|López|1978-04-19|48
Héctor|Rojas|1968-07-31|57
Cristina|Romero|1964-02-08|62
Isabel|Flores|1972-06-16|53
Alejandro|Castillo|1970-02-17|56
Gabriela|Torres|1989-07-06|36
Isabel|Flores|1957-12-02|68
Natalia|Sánchez|1963-05-07|63
Elena|Gómez|2004-05-13|22
Sofía|Ortiz|1972-08-19|53
Gabriela|Rojas|1970-02-19|56
Alejandro|Castro|1963-05-13|63
Manuel|Martínez|2006-07-28|19
José|Castillo|1958-05-19|68
María|Rodríguez|1961-09-18|64
María|Silva|1951-06-09|74
Ricardo|Sánchez|1972-12-14|53
Claudia|Vargas|1997-06-25|28
Laura|Ramos|2007-03-27|19
Mónica|Ruiz|1977-07-16|48
Diego|Vega|2001-04-02|25
Eduardo|Vargas|1973-06-06|52
Cristina|Martínez|1947-09-22|78
Pablo|Silva|2004-10-24|21
Gabriela|Suárez|1966-04-09|60
José|Vega|1963-11-09|62
Andrés|Ramírez|1975-10-14|50
Verónica|García|1976-07-31|49
Cristina|Silva|1967-08-25|58
Javier|Suárez|1977-02-17|49
Rafael|Cruz|1960-10-11|65
José|Medina|1992-02-01|34
Andrés|Pérez|2004-11-25|21
Eduardo|Díaz|1963-09-26|62
Lucía|Álvarez|1998-02-14|28
Diego|Fuentes|1988-12-02|37
Diego|García|1953-07-29|72
Manuel|Medina|1984-04-25|42
Miguel|Cruz|1946-12-05|79
Manuel|Romero|1986-02-28|40
Gabriela|Aguilar|1993-08-26|32
Rosa|Ramos|1996-04-27|30
Juan|Flores|1974-05-02|52
José|Suárez|1956-03-14|70
Patricia|García|2007-03-05|19
Roberto|Romero|1948-05-22|77
José|Sánchez|2003-09-21|22
Valentina|Vega|1964-05-14|62
Ricardo|López|1976-04-13|50
Pedro|Rojas|1979-08-16|46
Eduardo|Ríos|1955-06-05|70
Elena|Jiménez|1958-06-02|67
Fernando|García|2000-09-08|25
Elena|Ruiz|1956-07-15|69
Isabel|Fuentes|1997-04-15|29
Adriana|Morales|1956-01-31|70
Claudia|Pérez|1997-03-14|29
Verónica|Morales|1969-04-16|57
Diana|Delgado|1964-04-02|62
Diego|Ramos|1954-05-22|71
Carmen|Sánchez|1962-04-13|64
Héctor|Gómez|1967-07-08|58
Eduardo|López|1954-01-24|72
Diego|Ríos|1972-12-07|53
Diego|Ríos|2000-08-29|25
Cristina|Silva|2004-12-11|21
Héctor|Gómez|1960-09-17|65
Sofía|Sánchez|1954-06-22|71
Lucía|Mendoza|2002-03-18|24
Carlos|Cruz|1961-12-07|64
Natalia|Ramírez|1994-08-04|31
Pedro|Hernández|1989-10-25|36
Diego|Guerrero|1977-05-08|49
Andrés|Díaz|1984-11-02|41
Carmen|Torres|1984-03-17|42
Diana|Gómez|1947-01-19|79
Miguel|Ramos|1967-01-09|59
Manuel|González|1981-11-05|44
Cristina|Martínez|1947-10-11|78
Adriana|Guerrero|1949-07-04|76
Sergio|Castro|1990-04-26|36
Rafael|Medina|1964-07-23|61
Diana|Martínez|1971-05-12|55
Valentina|López|1980-11-20|45
Sofía|Guerrero|1991-06-10|34
Javier|Torres|1952-02-13|74
María|Delgado|1962-08-15|63
Diana|Rivera|1975-12-08|50
Valentina|Ríos|1957-11-24|68
Rosa|Cruz|1970-08-30|55
Diego|Sánchez|2001-08-30|24
Alejandro|Rivera|1967-09-17|58
Juan|Rivera|1980-06-09|45
Verónica|Molina|2000-07-19|25
Sandra|Medina|1985-10-08|40
Diego|Vega|1974-12-24|51
Pablo|González|1986-12-25|39
Diana|Silva|1985-11-04|40
Lucía|Silva|1963-03-13|63
Ricardo|Delgado|2005-04-30|21
Diego|Mendoza|1969-12-17|56
Alejandro|Vargas|1965-01-03|61
Gabriela|Aguilar|1959-03-20|67
Mario|Cruz|1970-12-16|55
Lucía|Ortiz|1951-06-24|74
Javier|Molina|1985-06-04|40
Fernando|Cruz|1987-02-06|39
Carmen|Reyes|2006-01-26|20
Sofía|Guerrero|1975-03-27|51
Rafael|Molina|1978-06-03|47
Gabriela|Hernández|2007-01-17|19
Valentina|Rojas|1991-08-31|34
María|Romero|1956-02-17|70
Rosa|García|1996-05-07|30
Gabriela|Pérez|1982-05-08|44
Diana|Medina|1962-10-16|63
Manuel|Ríos|1972-10-16|53
Sandra|Ramírez|1955-12-16|70
Laura|Ríos|1996-10-26|29
Carlos|Flores|1980-11-11|45
Patricia|Martínez|1973-03-20|53
Diego|Rodríguez|1953-11-15|72
Javier|Sánchez|2006-04-16|20
Laura|Mendoza|1994-04-21|32
María|Ortega|1993-08-14|32
Ricardo|Ramos|1954-09-05|71
Sandra|García|1967-02-18|59
Ana|Cruz|1995-04-26|31
Elena|Gómez|1974-08-16|51
Verónica|Sánchez|1953-07-23|72
Luis|Sánchez|1981-12-29|44
Ana|Medina|1995-04-03|31
Ana|Aguilar|1974-11-24|51
María|Aguilar|1974-11-27|51
Manuel|Flores|1974-10-19|51
Carlos|Ortega|1986-03-15|40
Mónica|Delgado|1964-10-08|61
Adriana|Ramírez|1983-12-31|42
Juan|Díaz|1984-02-18|42
Elena|Suárez|1947-06-18|78
Andrés|Mendoza|1966-06-22|59
Patricia|Aguilar|2007-12-18|18
Sandra|Morales|1969-03-14|57
Pedro|Ortega|2007-05-17|19
Isabel|López|1949-09-14|76
Sandra|Delgado|1974-01-18|52
Pedro|Silva|1954-12-11|71
Ana|Castro|1984-04-16|42
Lucía|Flores|1959-06-27|66
Cristina|Delgado|1953-07-25|72
Sergio|Rojas|1986-10-21|39
Verónica|Silva|2004-01-26|22
Carmen|Navarro|2007-02-15|19
Claudia|Cruz|1985-01-05|41
Fernando|Morales|1965-09-07|60
Héctor|Rojas|1963-09-29|62
Valentina|Navarro|1995-01-09|31
Sofía|Morales|1962-10-25|63
Sofía|Castillo|1950-08-18|75
Elena|Molina|1971-04-07|55
Javier|Fuentes|1949-03-23|77
Juan|Silva|1997-10-05|28
Juan|Ramos|1985-07-14|40
Héctor|Aguilar|1959-10-26|66
Héctor|Ríos|1965-11-25|60
Pablo|Molina|1981-03-04|45
Eduardo|Castro|1964-01-01|62
Javier|Flores|1991-03-25|35
Luis|Romero|1980-12-26|45
Patricia|Aguilar|1952-02-15|74
Ricardo|Reyes|2004-08-11|21
Valentina|López|1975-04-05|51
Manuel|Molina|1994-09-22|31
Mario|Reyes|1956-12-30|69
Fernando|Álvarez|1951-08-16|74
Valentina|Flores|1967-01-25|59
Andrés|Ortega|1978-09-25|47
Laura|Romero|1973-09-16|52
Natalia|Ríos|1989-03-08|37
Patricia|Fuentes|1947-10-15|78
Claudia|Navarro|1971-02-19|55
Pablo|Navarro|1983-05-09|43
Elena|Vega|1986-03-04|40
Miguel|Ruiz|1965-01-05|61
Rosa|Cruz|1978-03-29|48
Alejandro|Mendoza|1991-09-19|34
Laura|Gómez|1988-06-20|37
Andrés|Rojas|1966-10-30|59
María|Álvarez|1992-09-30|33
Roberto|López|2000-08-08|25
Manuel|Álvarez|1961-03-17|65
Diego|Castillo|1973-12-15|52
Andrés|Ríos|2000-05-22|25
Cristina|Ríos|1985-09-04|40
Fernando|Morales|1952-07-10|73
Isabel|Silva|1995-06-06|30
Claudia|Romero|1978-06-24|47
Gabriela|Delgado|1995-01-07|31
Isabel|Ramírez|1961-10-31|64
Rosa|Ruiz|1954-12-23|71
Rafael|Molina|1954-08-04|71
Andrés|Ortiz|2007-08-10|18
María|Rodríguez|1981-09-05|44
Adriana|Vega|1994-07-20|31
Luis|Flores|1994-07-07|31
Luis|Morales|1966-06-13|59
Alejandro|Flores|1995-04-05|31
Gabriela|González|2001-10-16|24
Fernando|Delgado|1947-08-19|78
Carmen|Cruz|1998-11-15|27
Diana|Delgado|1993-10-05|32
Valentina|Flores|1990-09-22|35
Valentina|Gómez|1997-09-29|28
Patricia|López|1980-09-19|45
Miguel|Gómez|1988-06-23|37
Alejandro|Cruz|1971-06-09|54
Miguel|Martínez|1998-11-27|27
Sergio|Torres|1963-09-07|62
Patricia|Díaz|1972-07-02|53
Javier|Suárez|1990-07-14|35
Laura|Ríos|1968-12-13|57
Rafael|Vargas|1987-04-27|39
Luis|Torres|1964-05-04|62
Juan|Rivera|1985-03-20|41
Mónica|Díaz|1951-07-07|74
Pablo|Ramos|1954-04-07|72
Andrés|Álvarez|1963-11-28|62
Diego|Reyes|1950-04-11|76
Luis|García|1981-04-27|45
Rafael|Cruz|1988-08-28|37
Lucía|Cruz|1961-04-09|65
Valentina|Jiménez|1992-10-10|33
Miguel|Díaz|1996-07-18|29
Cristina|Flores|1972-11-24|53
Diana|Suárez|1952-02-06|74
Roberto|Hernández|1948-09-25|77
Héctor|Vega|1955-12-22|70
Sergio|Ramírez|1949-11-04|76
Sandra|Reyes|1999-01-27|27
Manuel|Rodríguez|2005-08-18|20
Elena|Medina|1999-01-26|27
Verónica|Ruiz|1953-12-01|72
Mónica|Ortega|1989-09-11|36
Mónica|García|1950-09-01|75
Carlos|Ortega|1994-02-06|32
Pedro|Rodríguez|1982-07-21|43
Natalia|Fuentes|1950-08-01|75
Laura|Suárez|1987-03-08|39
Andrés|Díaz|1984-09-19|41
Sandra|González|1946-07-29|79
Sofía|Cruz|1973-06-25|52
Carmen|Silva|2007-06-03|18
Gabriela|Rivera|1966-04-30|60
Gabriela|Díaz|2006-12-04|19
Mario|Mendoza|1952-09-29|73
Isabel|Sánchez|1980-11-25|45
Natalia|Rojas|1954-08-10|71
Luis|Guerrero|2006-11-07|19
Carmen|Reyes|1995-03-07|31
Adriana|Díaz|1951-12-06|74
Pablo|González|1948-03-20|78
Roberto|Romero|1957-05-21|68
Pedro|Vega|2002-05-28|23
Miguel|Aguilar|1973-11-23|52
Isabel|Álvarez|1965-05-23|60
Claudia|Ortiz|1968-12-12|57
Adriana|Suárez|1998-08-17|27
Miguel|Silva|2002-07-06|23
María|Torres|1977-12-10|48
Cristina|Ramírez|2000-03-02|26
Héctor|Ríos|1984-02-26|42
Alejandro|Castro|2003-01-02|23
Héctor|Álvarez|1996-02-08|30
Eduardo|Gómez|1948-12-19|77
Sandra|Ortega|1958-05-06|68
Gabriela|Rivera|2006-07-20|19
Isabel|Fuentes|1966-01-02|60
Héctor|Vargas|1965-06-19|60
Gabriela|Martínez|1976-01-09|50
Miguel|Vargas|2002-06-23|23
Elena|Martínez|1969-07-19|56
Diana|Ruiz|1969-05-29|56
Javier|Flores|1965-07-06|60
Andrés|Vargas|1979-05-14|47
Pablo|Rodríguez|1974-08-11|51
Valentina|Ruiz|1947-10-22|78
Claudia|Suárez|1953-01-20|73
Natalia|González|1989-12-18|36
Carlos|Cruz|2006-05-25|19
José|Mendoza|1946-06-20|79
Natalia|Ortega|1949-12-31|76
Manuel|Castro|1967-12-19|58
Mario|Álvarez|1966-03-23|60
Roberto|Cruz|1966-01-21|60
Pablo|Torres|1958-02-11|68
Mónica|López|1962-02-09|64
Andrés|Jiménez|1956-12-07|69
Eduardo|Silva|1992-02-06|34
Sandra|Castillo|1981-10-23|44
Rafael|Ramírez|2004-11-24|21
Diego|Reyes|1983-11-14|42
Laura|González|1998-04-21|28
Fernando|Rojas|2002-04-17|24
Adriana|Vega|1968-08-31|57
Sandra|Ríos|1995-07-24|30
Patricia|Silva|1992-10-02|33
Sandra|Delgado|1979-03-11|47
Eduardo|Pérez|1983-02-02|43
Eduardo|Silva|1981-06-09|44
Gabriela|Ríos|1994-10-21|31
Claudia|García|1970-06-05|55
Rosa|Fuentes|1990-02-27|36
Sofía|Gómez|1955-12-28|70
Ricardo|Pérez|1955-07-05|70
Sofía|Ortega|1962-10-02|63
Sofía|González|1970-05-02|56
Roberto|Ruiz|1964-07-25|61
José|Díaz|1975-04-03|51
Mónica|Romero|1950-05-03|76
Valentina|Ramírez|1947-03-09|79
Mónica|Navarro|2000-06-25|25
Claudia|Reyes|1985-02-03|41
Laura|Aguilar|1959-01-31|67
Sofía|Aguilar|1980-01-18|46
Pedro|García|1954-07-14|71
Mario|Rojas|2003-02-09|23
Lucía|Sánchez|1986-05-27|39
Javier|Ortiz|1964-02-08|62
Luis|Álvarez|1974-08-29|51
Miguel|Rodríguez|1998-01-27|28
Juan|Hernández|1967-04-24|59
Pedro|Jiménez|1989-03-25|37
Claudia|Reyes|1974-12-30|51
Javier|Medina|1993-10-16|32
Roberto|Sánchez|1996-05-17|30
Lucía|Jiménez|1980-06-30|45
Sofía|Reyes|1958-08-22|67
Cristina|Ortiz|1967-03-28|59
José|Morales|1949-03-19|77
Adriana|García|1991-10-28|34
Andrés|Jiménez|1952-10-21|73
Pablo|Romero|1992-09-20|33
Mónica|Ramos|1952-09-05|73
Sofía|García|2002-06-19|23
Sergio|Álvarez|1959-04-12|67
Adriana|Castillo|1990-07-21|35
Diana|Ortiz|1965-11-28|60
Eduardo|Vega|2005-09-28|20
Carlos|Mendoza|1997-07-29|28
Elena|Díaz|1967-01-04|59
Manuel|Vargas|1995-08-29|30
Gabriela|Ríos|1952-08-16|73
Lucía|Rojas|1982-11-30|43
Rafael|Rivera|1993-02-06|33
Adriana|Cruz|1955-11-17|70
Pablo|Flores|1973-02-23|53
Alejandro|López|1972-01-18|54
Mónica|Suárez|1999-09-19|26
Mónica|Jiménez|1970-07-03|55
Elena|Silva|1951-04-25|75
Pedro|Navarro|1976-04-25|50
Pablo|González|1949-03-26|77
Laura|Jiménez|1990-08-26|35
Manuel|Molina|1946-06-11|79
Elena|Vargas|2006-03-30|20
Eduardo|Ruiz|2000-01-16|26
María|Díaz|1969-02-20|57
Elena|Navarro|1978-11-21|47
Adriana|Navarro|1971-11-05|54
Ana|López|2004-04-06|22
Manuel|Castillo|1951-09-21|74
Sofía|Hernández|1963-09-17|62
Miguel|Ramírez|2006-07-23|19
Lucía|García|2007-09-04|18
Manuel|Hernández|1994-01-25|32
Diego|Suárez|1959-03-24|67
Pedro|Hernández|1997-07-06|28
Pedro|Ramírez|2008-01-26|18
Diego|Vargas|1971-09-03|54
Eduardo|Ramírez|1959-12-03|66
Sofía|Jiménez|1996-11-16|29
Adriana|Rivera|1960-01-13|66
Adriana|Rojas|2004-02-29|22
Natalia|Guerrero|1985-06-30|40
Elena|Hernández|2007-11-20|18
Roberto|Reyes|1996-02-27|30
Laura|Vargas|1950-04-12|76
Roberto|Vega|1965-01-25|61
Pedro|Guerrero|1981-12-25|44
Eduardo|Rodríguez|1954-11-20|71
Manuel|Ramos|2005-12-25|20
Diana|Díaz|1961-07-20|64
María|Rojas|1947-12-30|78
Adriana|Álvarez|1995-08-29|30
Mónica|Castillo|2003-06-21|22
José|Ramírez|1963-09-11|62
Roberto|Medina|1963-10-09|62
Rafael|Vargas|1992-12-12|33
Roberto|Díaz|2002-06-24|23
Patricia|Castro|1954-01-10|72
Roberto|Jiménez|2000-07-01|25
Manuel|Rodríguez|1952-03-08|74
Patricia|González|1965-09-30|60
Mónica|Pérez|1981-07-19|44
Luis|Ramos|1978-12-16|47
Cristina|Reyes|1948-08-15|77
Mónica|Navarro|1983-12-31|42
Diego|López|1973-01-27|53
Gabriela|Rivera|1995-02-08|31
Andrés|Flores|1968-03-29|58
Laura|Rodríguez|1989-10-30|36
Rosa|Silva|1948-12-08|77
Lucía|Vega|1971-06-02|54
Isabel|Navarro|1960-04-08|66
Sandra|Ortega|1977-07-20|48
Elena|Sánchez|1992-05-02|34
Héctor|Rojas|1972-07-31|53
Adriana|Guerrero|1989-11-13|36
Sandra|Silva|1994-10-07|31
Adriana|Pérez|1955-05-01|71
Sandra|Flores|1958-07-08|67
Mario|Morales|1996-11-26|29
Laura|Molina|1949-08-16|76
Diana|Vargas|1997-07-13|28
Carlos|Torres|1958-08-10|67
Miguel|Ortiz|1955-01-11|71
Rosa|Pérez|1994-11-27|31
Andrés|Hernández|1950-01-01|76
Lucía|Vargas|1948-10-21|77
Verónica|González|2002-02-08|24
Diana|Ramos|1982-03-18|44
Pablo|Ruiz|1973-11-25|52
Sandra|Vargas|1972-01-18|54
Miguel|Sánchez|1960-07-23|65
Ricardo|Medina|1949-05-28|76
Adriana|Suárez|1993-01-11|33
Pedro|Romero|1964-01-29|62
Laura|Reyes|1949-09-04|76
Mónica|Pérez|1955-11-17|70
Natalia|Romero|1978-05-27|47
Javier|Rojas|1977-01-23|49
Sergio|Castro|1976-07-07|49
Miguel|Vega|1996-08-13|29
Valentina|Rivera|1998-04-24|28
Ricardo|Martínez|1998-01-08|28
Gabriela|Pérez|1980-03-06|46
José|Ruiz|1955-06-25|70
Cristina|Torres|1976-10-15|49
Roberto|Navarro|2006-07-16|19
Mario|Cruz|1986-10-31|39
Pedro|Molina|1995-01-24|31
Sergio|Rojas|1981-02-16|45
Sofía|Suárez|1947-12-13|78
Elena|González|1989-01-09|37
Manuel|Torres|1957-03-15|69
Gabriela|Sánchez|1986-12-01|39
Fernando|Sánchez|1967-11-17|58
Laura|Ramírez|1997-04-18|29
Diego|Álvarez|1963-02-20|63
Andrés|Castro|1958-11-10|67
Miguel|Rodríguez|1993-01-08|33
Claudia|Mendoza|2006-06-27|19
Héctor|Mendoza|2006-07-18|19
Héctor|Ortega|1980-01-15|46
María|Flores|1994-01-15|32
Sofía|Torres|1969-04-02|57
José|Jiménez|1976-06-29|49
Héctor|Ruiz|2005-09-05|20
Valentina|Morales|2002-05-17|24
Pablo|Morales|1962-03-26|64
Pedro|Romero|1979-10-30|46
Diana|Castro|1969-10-30|56
Juan|Navarro|1971-07-18|54
Laura|García|1986-02-21|40
Javier|Ortega|1950-09-17|75
Pedro|Castro|1996-03-19|30
Sofía|Mendoza|1957-11-26|68
Elena|Ríos|2005-10-26|20
Carlos|Jiménez|1953-03-06|73
José|Reyes|1978-07-25|47
Isabel|Ortega|1946-08-06|79
Sergio|Ruiz|1991-02-12|35
Patricia|Ortega|1946-11-09|79
Diego|Gómez|1999-04-29|27
Eduardo|Flores|1968-03-27|58
Sandra|Ramírez|1952-05-27|73
Isabel|Silva|1999-05-27|26
Ricardo|García|1958-08-09|67
Pedro|Delgado|1957-11-13|68
Javier|Martínez|1947-10-21|78
Mario|Castro|2001-10-25|24
Diana|González|1969-08-24|56
Gabriela|González|2007-09-23|18
María|Silva|1954-01-17|72
Laura|Mendoza|1978-01-26|48
Mónica|Rojas|2007-03-17|19
Sofía|López|1989-09-09|36
Pedro|Ríos|2007-08-27|18
Ana|Reyes|1966-09-05|59
Pablo|Reyes|1960-11-21|65
Manuel|Rojas|1979-09-20|46
Manuel|Cruz|1949-02-16|77
Mario|Rojas|1962-05-01|64
Roberto|Jiménez|1961-12-19|64
Javier|Aguilar|1985-03-24|41
José|Medina|1958-07-09|67
Pedro|Ortiz|1998-11-24|27
Rafael|Aguilar|1976-01-30|50
Andrés|Rojas|1988-05-23|37
Sofía|Ruiz|1982-06-13|43
Isabel|Molina|1986-11-30|39
Carlos|García|1975-01-03|51
Sergio|Álvarez|1966-08-26|59
Natalia|Aguilar|1958-12-20|67
Héctor|Sánchez|2004-10-13|21
Carmen|González|1980-04-17|46
Laura|Reyes|1996-12-10|29
Claudia|Reyes|1993-05-30|32
Adriana|Molina|1973-07-18|52
Natalia|Castro|1962-10-02|63
Alejandro|Castro|1989-05-06|37
Eduardo|Rivera|1960-02-29|66
Adriana|Hernández|1997-11-21|28
Mario|Ruiz|1947-07-10|78
Mónica|Pérez|1978-01-04|48
Manuel|Aguilar|1977-10-08|48
Mario|Morales|1963-02-02|63
Pablo|Gómez|1949-03-13|77
María|Silva|1968-11-21|57
Sofía|Hernández|1962-03-08|64
Sergio|Pérez|1962-01-30|64
Claudia|Castro|1957-09-16|68
Natalia|Reyes|2000-07-06|25
Mónica|Reyes|1972-04-03|54
Lucía|Medina|1982-07-13|43
Pedro|Flores|1955-04-03|71
Héctor|Martínez|1958-07-07|67
Patricia|García|1955-04-15|71
Héctor|Jiménez|1955-04-11|71
Manuel|Ramos|1947-06-09|78
Juan|Torres|2001-09-20|24
Andrés|Delgado|1960-11-19|65
Javier|Hernández|1985-05-10|41
Ana|Ortega|2006-02-17|20
Patricia|Reyes|1993-03-08|33
Eduardo|Guerrero|1984-02-10|42
Patricia|Jiménez|1959-01-16|67
Rosa|Fuentes|1965-08-09|60
Adriana|Rivera|1953-01-25|73
Diana|Rodríguez|1966-01-04|60
Luis|Castro|1969-02-21|57
Carmen|Romero|1989-12-31|36
Javier|Vega|1981-04-07|45
Javier|Fuentes|1972-01-25|54
Laura|Suárez|1948-10-15|77
José|García|1965-12-08|60
Ricardo|Martínez|1965-01-08|61
José|Hernández|1990-11-15|35
Verónica|Díaz|1983-01-31|43
Juan|Aguilar|1985-03-07|41
Pedro|Guerrero|1987-01-12|39
Miguel|Cruz|1958-05-28|67
Javier|Rivera|1985-03-22|41
Rosa|Guerrero|2004-02-05|22
Mónica|Sánchez|1957-01-04|69
Mario|Cruz|1948-09-07|77
Sandra|Molina|1975-09-19|50
Ana|Ortega|1999-08-01|26
Ana|García|1949-08-09|76
Carlos|Ríos|1999-03-24|27
Alejandro|Navarro|1946-11-18|79
Cristina|Pérez|1993-10-27|32
Eduardo|Sánchez|1997-02-11|29
Luis|Flores|1989-01-30|37
Adriana|Rivera|1993-03-07|33
Mario|Hernández|1985-11-11|40
Pablo|Navarro|1989-07-04|36
Valentina|Ríos|1953-05-03|73
Juan|Suárez|1975-03-13|51
Manuel|Pérez|1990-10-27|35
Alejandro|García|1964-01-18|62
Javier|Delgado|1977-08-05|48
Roberto|Guerrero|2008-03-08|18
Cristina|Vega|1957-11-03|68
Fernando|López|1982-11-09|43
Roberto|Torres|1998-11-20|27
Patricia|Aguilar|1984-09-11|41
José|Molina|1946-05-25|79
Ricardo|Romero|1952-11-24|73
Andrés|Ortiz|1987-02-22|39
Pedro|Cruz|1975-10-26|50
Carmen|García|1978-12-02|47
Rosa|Delgado|1978-04-01|48
Ricardo|Aguilar|1991-01-05|35
Juan|Ortiz|2003-12-07|22
Valentina|Romero|2003-03-23|23
Laura|Flores|1956-11-24|69
Sergio|Torres|2006-02-25|20
Javier|Pérez|1992-09-08|33
Gabriela|Rojas|1949-05-16|77
Héctor|Rojas|1993-01-09|33
Alejandro|Delgado|1990-03-21|36
Adriana|Gómez|1971-12-25|54
Fernando|Delgado|1950-03-29|76
José|Sánchez|1995-04-04|31
Roberto|López|2005-09-16|20
Diana|Rivera|1968-05-15|58
Sergio|Navarro|1992-07-03|33
Valentina|Romero|1982-01-11|44
Carmen|Suárez|1963-05-21|62
Carmen|Molina|1992-03-31|34
Pedro|Mendoza|1965-12-15|60
Miguel|Vega|1963-11-15|62
Cristina|Sánchez|1970-12-23|55
Diana|Silva|1979-12-10|46
Roberto|Rojas|1996-01-27|30
Miguel|Vega|2001-05-02|25
Gabriela|Romero|1970-01-06|56
Valentina|Castillo|1951-12-16|74
Diana|Jiménez|1985-11-21|40
Fernando|Ramos|1973-12-11|52
Sofía|Fuentes|1956-07-20|69
Rafael|Flores|1958-09-14|67
Carmen|Ortiz|1991-05-03|35
Cristina|Fuentes|1962-05-25|63
Mónica|Ríos|2005-04-25|21
Adriana|Aguilar|1977-10-21|48
Natalia|Fuentes|1960-09-10|65
Verónica|Aguilar|1961-04-20|65
Ana|Gómez|1998-04-02|28
Elena|Ramos|1986-07-15|39
Sandra|Romero|2004-07-10|21
Pedro|Rivera|1980-01-26|46
Mónica|Jiménez|1948-08-29|77
Rosa|Rojas|1948-05-24|77
Carlos|Delgado|2001-02-25|25
Gabriela|García|1983-09-21|42
Juan|Delgado|2005-03-24|21
Elena|González|1969-02-24|57
Ana|Ramírez|1997-07-03|28
Cristina|Vargas|1967-04-08|59
Miguel|González|2002-05-18|24
Carmen|Hernández|1955-06-19|70
Ricardo|Reyes|1986-11-13|39
Cristina|Martínez|1969-01-01|57
José|González|1993-04-23|33
Pablo|Ríos|1997-02-14|29
Sofía|Reyes|2004-07-06|21
Valentina|Torres|2005-07-09|20
Rafael|Ríos|1965-10-22|60
Andrés|García|1981-11-04|44
Mario|Ramos|1998-05-20|27
Juan|Gómez|1955-09-06|70
Juan|Vargas|1972-04-15|54
Ana|Mendoza|1997-12-17|28
Roberto|Reyes|1974-06-04|51
Diego|Delgado|1977-09-16|48
Pablo|Martínez|2007-01-08|19
Mónica|Vega|1976-01-16|50
Ricardo|Rodríguez|1986-05-07|40
Gabriela|Fuentes|1952-06-12|73
Mónica|Vega|1957-04-11|69
Rosa|Flores|1972-09-22|53
José|Reyes|2001-10-02|24
Luis|Morales|1952-10-11|73
Cristina|Ortega|1966-04-18|60
Sofía|Jiménez|1992-03-02|34
Elena|Vega|1963-08-16|62
Sandra|Medina|1961-02-15|65
Ana|Mendoza|1988-01-28|38
Ana|Medina|1987-06-30|38
Gabriela|Castro|1994-11-20|31
Diego|Martínez|1971-05-09|55
Miguel|Silva|1952-02-11|74
Diego|Navarro|1987-02-25|39
Diego|Flores|1983-02-17|43
Rosa|Rodríguez|1973-08-02|52
Valentina|González|1966-12-28|59
Alejandro|Díaz|1975-03-25|51
Laura|Vega|2007-12-19|18
Rosa|Romero|1973-09-30|52
Rafael|Reyes|1955-07-21|70
Patricia|Guerrero|1966-04-20|60
Alejandro|Rivera|1998-05-21|27
Juan|Torres|1962-06-27|63
Ricardo|Silva|1973-08-10|52
Ana|Aguilar|1985-11-15|40
Natalia|Castro|1969-03-08|57
Sandra|Rodríguez|1950-10-09|75
Miguel|Suárez|1981-04-27|45
María|García|2000-10-05|25
Isabel|Martínez|1998-05-10|28
Diego|Pérez|2000-01-07|26
Isabel|Sánchez|1956-05-14|70
Diego|Jiménez|1965-05-09|61
Valentina|Álvarez|1956-04-21|70
Lucía|Ramos|2001-02-08|25
Mónica|Rivera|2002-12-18|23
Patricia|Sánchez|1989-02-22|37
Adriana|Suárez|2007-06-06|18
Valentina|Fuentes|1993-02-25|33
Mónica|Ríos|2006-06-21|19
Luis|Rivera|1979-03-09|47
Sofía|Cruz|1970-01-09|56
Natalia|Hernández|1956-11-09|69
Diego|Gómez|1974-09-05|51
María|Morales|1993-12-18|32
Claudia|Ortiz|1991-10-31|34
Rafael|Gómez|2007-04-02|19
Laura|Vargas|1964-10-22|61
Miguel|Sánchez|1992-11-11|33
Miguel|Guerrero|1953-10-25|72
Juan|Ortiz|1963-05-15|63
Adriana|Ramos|2008-02-14|18
Manuel|Ramos|1966-05-22|59
Eduardo|Castro|1965-08-26|60
Isabel|Pérez|1998-06-10|27
Sergio|Medina|2004-05-21|21
Mónica|Morales|1974-07-24|51
Diego|Sánchez|1959-01-14|67
Verónica|Morales|1970-01-29|56
Alejandro|Pérez|1954-04-09|72
Mónica|González|1956-12-27|69
Roberto|Morales|1968-12-02|57
Luis|Ortega|1961-01-20|65
José|Castro|1969-10-09|56
Sergio|López|1974-04-24|52
Natalia|Castro|1963-09-22|62
Diego|González|1961-04-03|65
Verónica|Ortiz|1954-09-19|71
Claudia|González|1984-02-23|42
Manuel|Ramos|1952-04-24|74
Ricardo|López|2005-07-05|20
Isabel|García|1988-08-13|37
Verónica|Guerrero|1988-04-21|38
Alejandro|López|1974-07-03|51
Andrés|Medina|1998-12-07|27
Luis|Ríos|2002-12-13|23
Rosa|González|1979-02-01|47
Adriana|Ortega|1992-11-10|33
Ana|Cruz|1953-04-25|73
Patricia|Álvarez|1967-03-26|59
Pablo|Ramírez|1982-08-30|43
Sergio|González|1964-10-24|61
Pablo|Sánchez|1952-05-24|73
Héctor|González|1957-01-11|69
Javier|Rodríguez|1989-09-29|36
Adriana|Ortega|1993-01-14|33
José|Ramos|1998-06-08|27
María|Vega|2001-07-13|24
Pablo|Rodríguez|1975-03-10|51
Manuel|Ortiz|1961-07-03|64
Fernando|Rodríguez|1994-01-10|32
Carmen|Sánchez|1972-01-07|54
Rafael|Romero|1991-04-17|35
Alejandro|García|1973-09-09|52
Lucía|Fuentes|1957-03-20|69
Andrés|Martínez|1998-04-09|28
Claudia|Delgado|1990-06-13|35
Cristina|Guerrero|1970-03-24|56
Adriana|Ríos|1998-06-19|27
Valentina|Flores|1969-01-12|57
María|Castro|1999-12-19|26
Pablo|Pérez|1954-02-05|72
Diana|Castro|1974-07-04|51
Andrés|Vega|2000-11-30|25
Elena|Reyes|1978-10-20|47
Claudia|Ramos|1997-11-29|28
Valentina|Vega|1963-02-19|63
Sergio|Mendoza|1994-10-16|31
Adriana|Silva|1990-04-19|36
Verónica|Martínez|1997-06-11|28
Rosa|González|1997-10-15|28
Ana|Vargas|1998-11-13|27
Juan|Ortiz|1954-07-03|71
Luis|Morales|1960-06-21|65
Andrés|Cruz|1995-10-25|30
Mario|Hernández|1950-08-05|75
Carlos|Guerrero|1980-07-06|45
Adriana|Suárez|1998-10-25|27
Natalia|Morales|1998-08-15|27
Ana|Fuentes|1969-08-10|56
Diana|Mendoza|1993-01-23|33
Luis|García|1949-02-23|77
Juan|Mendoza|1955-08-20|70
Roberto|Vargas|1973-07-06|52
Diana|Reyes|1976-08-15|49
Elena|Medina|1999-08-16|26
José|Aguilar|1956-03-27|70
Verónica|Ruiz|1990-03-18|36
Sergio|Delgado|1972-08-18|53
Javier|Ortiz|1957-11-27|68
Mónica|García|1977-11-28|48
Héctor|López|2001-05-10|25
José|Gómez|1997-09-29|28
Andrés|González|1987-01-02|39
Mario|Reyes|2005-07-15|20
Carmen|Delgado|1966-03-23|60
Ricardo|López|1974-04-29|52
Ricardo|Flores|1980-07-25|45
Natalia|Delgado|1973-08-06|52
Lucía|Rivera|1957-10-14|68
Mario|Vargas|1964-04-22|62
Patricia|Flores|1951-02-26|75
Adriana|Ríos|1996-06-13|29
Pablo|Morales|1952-03-12|74
Valentina|Romero|2000-01-20|26
Diana|Silva|1960-07-13|65
Héctor|Mendoza|1973-07-17|52
Mónica|Jiménez|1978-05-07|48
Rafael|Díaz|1954-01-31|72
Verónica|Molina|1989-11-08|36
Eduardo|Jiménez|1984-01-29|42
Fernando|López|1982-03-15|44
Valentina|Romero|1994-05-25|31
Pedro|Sánchez|1984-12-22|41
Claudia|Ramírez|2000-11-03|25
Eduardo|Álvarez|1960-05-06|66
Javier|Ramírez|1968-03-30|58
Diego|Flores|1962-10-08|63
Claudia|Vargas|1990-07-09|35
Pablo|Cruz|1984-11-05|41
Juan|Ramos|1989-05-26|36
Valentina|Guerrero|1982-02-21|44
Fernando|Silva|2001-09-18|24
Cristina|Molina|1963-02-06|63
Ana|Reyes|1988-09-26|37
Lucía|Sánchez|1958-09-05|67
Sandra|Morales|1975-07-06|50
Diana|Navarro|1948-05-08|78
Gabriela|Ortega|1974-05-29|51
Laura|Navarro|1984-12-03|41
Gabriela|Jiménez|1961-02-25|65
Eduardo|Ramos|1985-11-27|40
Eduardo|Pérez|1960-08-28|65
Mario|Morales|1953-11-18|72
Natalia|Flores|1953-04-25|73
Miguel|Fuentes|1979-06-14|46
Roberto|Delgado|1968-09-18|57
Héctor|Fuentes|1982-07-07|43
Roberto|Medina|1959-09-14|66
Manuel|Ruiz|1976-04-24|50
Claudia|Cruz|1986-03-12|40
Carmen|Cruz|1984-11-28|41
Rafael|Aguilar|1959-12-31|66
Patricia|Flores|2002-02-06|24
Sofía|Vega|1966-03-17|60
Alejandro|Molina|1949-09-08|76
Carmen|Silva|2003-05-15|23
Cristina|Rodríguez|1989-03-01|37
Elena|Díaz|1951-06-16|74
Alejandro|Rivera|2007-11-26|18
Andrés|Fuentes|1972-01-18|54
Pablo|Guerrero|1966-10-13|59
Javier|Delgado|2000-01-21|26
Elena|Molina|2003-02-18|23
Laura|Suárez|1969-12-02|56
Carlos|Delgado|1999-07-05|26
Manuel|Ortega|1955-11-05|70
Roberto|Silva|2006-03-05|20
Gabriela|Navarro|1978-06-26|47
Roberto|Gómez|1997-07-05|28
Manuel|Mendoza|1950-08-24|75
Natalia|Ríos|1994-08-06|31
Rosa|López|1948-11-03|77
Manuel|Molina|1946-12-16|79
María|Morales|1969-06-13|56
Diana|Morales|1948-06-24|77
Lucía|Vargas|1995-06-19|30
Manuel|Rivera|1948-06-30|77
Isabel|Ramírez|1957-10-05|68
Luis|Fuentes|1962-01-17|64
Gabriela|Jiménez|2006-07-11|19
Isabel|Molina|1999-07-27|26
María|Silva|1978-01-28|48
Sergio|Navarro|1961-09-02|64
Lucía|Díaz|1981-08-31|44
Elena|Ortiz|1953-04-06|73
Adriana|Navarro|1987-08-02|38
Elena|Morales|1977-10-19|48
Ana|Suárez|1969-10-14|56
Héctor|Flores|1953-10-13|72
Sandra|Rivera|1951-01-07|75
Héctor|Ríos|1976-09-04|49
Diana|Vega|1948-07-06|77
Miguel|Rojas|1962-03-13|64
Adriana|Castillo|1952-06-17|73
Manuel|Hernández|1990-07-04|35
Cristina|Torres|1958-01-24|68
Andrés|Flores|1986-12-25|39
Laura|Mendoza|1970-06-04|55
Diego|Álvarez|1979-04-27|47
María|Jiménez|1970-06-24|55
Cristina|Pérez|1951-07-10|74
Elena|Delgado|2004-06-15|21
Natalia|Mendoza|1996-08-13|29
Luis|Morales|1987-12-12|38
Rosa|Navarro|1970-10-19|55
Sandra|González|1987-06-06|38
Laura|Sánchez|1948-09-25|77
Juan|Aguilar|1958-03-27|68
Fernando|Ramírez|1967-10-04|58
Valentina|Hernández|1994-02-11|32
Rosa|Ruiz|1982-09-02|43
María|Suárez|1959-08-28|66
María|García|2000-09-10|25
Andrés|Romero|1988-01-15|38
Alejandro|Ramos|1971-02-21|55
Carlos|Vargas|1970-12-13|55
Adriana|Fuentes|1955-08-28|70
Pedro|Díaz|1992-11-11|33
Sofía|Rodríguez|1982-10-19|43
Manuel|Rivera|1954-09-13|71
Rosa|Ortiz|1995-12-16|30
Carmen|Sánchez|1963-08-27|62
Héctor|Sánchez|1984-01-13|42
María|Fuentes|1994-08-22|31
Natalia|López|1989-06-19|36
Natalia|Rivera|2003-06-29|22
Elena|García|1961-06-19|64
Carlos|Sánchez|1996-05-14|30
Andrés|Suárez|1983-06-16|42
Miguel|Delgado|2004-06-17|21
Sandra|Martínez|1964-11-06|61
Manuel|Ramos|2000-07-09|25
Roberto|Suárez|1972-03-19|54
Luis|Rojas|1949-01-22|77
Sandra|Morales|1971-05-21|54
Mario|Castro|1947-09-30|78
Juan|Delgado|1972-01-10|54
Diana|Ruiz|1955-09-15|70
Isabel|González|1976-05-27|49
Valentina|Hernández|1965-07-04|60
Alejandro|Fuentes|1959-06-21|66
Sandra|Ortiz|1992-10-02|33
Sofía|Sánchez|1952-08-08|73
Cristina|Castillo|1948-12-12|77
Eduardo|Torres|1951-01-30|75
Luis|Flores|1980-01-12|46
Juan|López|1963-11-12|62
Eduardo|Ramos|1993-08-24|32
Ana|Ríos|1950-05-20|75
Gabriela|Morales|1993-07-29|32
Rosa|Flores|2004-11-14|21
Javier|García|1996-07-08|29
Mario|Rojas|1957-10-01|68
Diego|Hernández|1990-12-15|35
Luis|Rivera|1975-02-18|51
Rosa|Ramos|1960-08-02|65
Natalia|Ramírez|1976-02-20|50
Laura|Fuentes|1955-01-14|71
Cristina|Reyes|2004-08-17|21
Mario|Ortiz|1952-10-06|73
Gabriela|Pérez|1961-02-04|65
Patricia|Jiménez|1975-06-22|50
Pablo|Rodríguez|1953-09-30|72
Lucía|Ortega|1958-08-23|67
María|Reyes|1955-01-02|71
Luis|Ruiz|1947-07-22|78
Eduardo|Díaz|1967-02-05|59
Gabriela|Álvarez|1985-09-14|40
Sandra|Vargas|1962-06-19|63
Patricia|Ortiz|1980-11-26|45
Natalia|Mendoza|1962-12-02|63
Elena|Aguilar|1949-02-20|77
José|Ríos|1988-11-13|37
Luis|Rodríguez|1949-02-20|77
Carmen|Fuentes|1993-05-23|32
Mario|Martínez|1952-11-08|73
Sofía|Díaz|1990-03-27|36
Alejandro|Rodríguez|1957-06-06|68
Andrés|Reyes|1955-07-13|70
Pedro|Mendoza|1980-10-19|45
Manuel|Flores|2008-04-25|18
Mónica|Hernández|1952-05-08|74
Miguel|Reyes|2001-07-12|24
Adriana|Rivera|1952-07-14|73
Laura|Castillo|1985-01-07|41
Diego|Rodríguez|1981-11-07|44
Ana|Delgado|2004-03-24|22
María|Ortiz|2006-07-03|19
Diana|Pérez|1983-03-04|43
Laura|Gómez|1965-04-05|61
Mónica|Flores|1955-10-19|70
Cristina|Reyes|1983-11-23|42
Rosa|Rivera|1989-11-13|36
Héctor|López|1992-04-04|34
Héctor|Fuentes|1980-07-02|45
María|Flores|1958-10-21|67
Elena|Ortega|2005-03-27|21
Verónica|Cruz|1947-12-10|78
Fernando|Rojas|1967-04-24|59
Diego|Rivera|1997-03-04|29
Javier|Ruiz|2007-12-25|18
Claudia|García|1949-02-24|77
Isabel|Delgado|1978-06-25|47
Laura|Ríos|2007-08-06|18
Fernando|Ramos|1966-05-25|59
Mónica|Ramos|1954-03-13|72
Ana|Torres|2008-02-06|18
Lucía|Ríos|1967-11-29|58
Andrés|Flores|1951-10-09|74
Pablo|Aguilar|1994-09-12|31
Luis|Jiménez|1957-10-02|68
Andrés|Molina|1946-11-15|79
Lucía|Ortiz|1980-06-11|45
Eduardo|Silva|1960-05-22|65
Juan|Ortiz|2001-01-20|25
Isabel|Sánchez|1951-03-29|75
Verónica|Morales|1971-10-15|54
Carmen|Ortega|2003-11-11|22
Sandra|Delgado|1946-09-23|79
Javier|Castillo|1988-07-09|37
Diana|Guerrero|1975-02-03|51
Fernando|Rojas|1962-04-08|64
Ricardo|Molina|1959-12-01|66
Verónica|Delgado|1951-02-11|75
Fernando|Vega|1995-10-10|30
Valentina|Martínez|1967-07-02|58
Pedro|Fuentes|1986-07-01|39
Ana|Fuentes|1971-03-30|55
Lucía|Vega|2005-08-20|20
Manuel|Castillo|1953-03-02|73
Cristina|Hernández|1947-06-18|78
Rosa|Guerrero|1990-10-21|35
Javier|López|1974-06-28|51
Rosa|Ramos|1966-06-02|59
Rafael|Reyes|1957-04-28|69
Manuel|Álvarez|1959-04-21|67
Miguel|Aguilar|1959-05-19|67
Sandra|Fuentes|1949-06-13|76
Andrés|Molina|1991-11-16|34
Fernando|Ríos|1968-03-27|58
Verónica|Gómez|1992-02-26|34
Valentina|Silva|1988-11-10|37
Fernando|Ortiz|1963-02-22|63
Diego|Cruz|1979-09-19|46
Verónica|Ríos|1983-06-06|42
Gabriela|González|1968-10-09|57
Sergio|Martínez|1957-07-30|68
Fernando|Ramos|2000-10-28|25
Pedro|Vargas|1982-12-24|43
Andrés|Mendoza|1998-03-24|28
Claudia|Castillo|1947-09-08|78
Natalia|Aguilar|1956-09-27|69
Adriana|Díaz|1969-09-07|56
Pablo|Medina|2002-02-12|24
Laura|Guerrero|1965-04-01|61
Claudia|Aguilar|1966-11-08|59
Verónica|Reyes|1976-03-03|50
Andrés|Molina|1987-01-24|39
Carlos|Castillo|1989-09-20|36
Eduardo|López|1967-08-21|58
Claudia|Hernández|1983-05-28|42
Patricia|Hernández|2000-06-01|25
Ana|Ortiz|2000-07-02|25
Manuel|López|1966-02-15|60
Laura|Rivera|1990-04-29|36
María|Cruz|1948-09-23|77
Carmen|Reyes|1957-06-16|68
Isabel|Sánchez|1985-11-05|40
Gabriela|Gómez|1983-07-13|42
Manuel|Rivera|1960-06-04|65
Patricia|Morales|1995-10-06|30
Manuel|Guerrero|1963-03-23|63
Mario|Rivera|1949-12-03|76
Elena|Medina|1992-01-09|34
Lucía|Aguilar|1959-02-24|67
Ana|Cruz|1968-04-11|58
José|Vega|1992-08-22|33
Carmen|Castillo|1958-08-26|67
Juan|Jiménez|1990-09-22|35
Laura|Martínez|1998-06-24|27
Rosa|Morales|1985-09-19|40
Elena|Flores|2004-11-07|21
Eduardo|Torres|1965-07-23|60
Pablo|Rojas|1948-06-26|77
Claudia|Castro|1967-10-16|58
Natalia|López|1985-04-19|41
Juan|Ortega|1946-12-21|79
Ana|Silva|1985-09-25|40
Mónica|Mendoza|1976-07-19|49
Manuel|Fuentes|2000-03-22|26
Mario|Molina|1965-05-26|60
Diana|Ríos|1992-02-16|34
Sandra|Cruz|1976-02-11|50
Ana|Rojas|1994-05-30|31
Claudia|Ruiz|1993-07-18|32
Isabel|Mendoza|1978-12-06|47
Natalia|Reyes|1990-03-07|36
Isabel|Ramos|1964-11-17|61
Miguel|Ruiz|1963-09-07|62
Adriana|Jiménez|1966-10-14|59
Claudia|Mendoza|2001-12-10|24
Manuel|Álvarez|1978-04-15|48
Patricia|Molina|1977-07-17|48
Claudia|Castro|1985-10-26|40
Javier|Molina|1975-03-10|51
Ricardo|Pérez|1985-02-02|41
Roberto|Díaz|1986-06-27|39
Laura|Martínez|1979-03-25|47
Diego|Navarro|1992-10-14|33
Miguel|Morales|1979-02-20|47
Alejandro|Castillo|1964-01-14|62
Pablo|Suárez|1965-04-20|61
Miguel|Medina|1991-11-09|34
Fernando|Guerrero|1983-09-12|42
Cristina|Fuentes|1971-12-01|54
Sofía|Rodríguez|1965-10-28|60
Ana|Molina|1997-08-19|28
Elena|Navarro|1949-12-09|76
Claudia|López|2005-10-06|20
Alejandro|Hernández|1998-06-15|27
María|Sánchez|2001-04-03|25
Patricia|Ortiz|2003-02-14|23
Alejandro|García|1972-05-19|54
José|Ramos|1954-08-06|71
Carlos|González|1952-01-06|74
Pedro|González|1998-04-05|28
Roberto|Mendoza|1973-02-13|53
María|Rivera|1991-11-06|34
Diego|Guerrero|1954-10-25|71
Ana|Molina|1973-05-05|53
Rafael|Rojas|1967-06-01|58
Lucía|Vega|1981-06-24|44
Roberto|Medina|1991-03-18|35
Rosa|Mendoza|1996-04-04|30
Andrés|Suárez|1946-08-22|79
José|Torres|1987-05-23|38
Lucía|Álvarez|1946-12-13|79
Mónica|Cruz|1976-10-14|49
Miguel|Mendoza|1980-01-24|46
Carmen|Castro|2007-06-19|18
Diego|Hernández|1958-04-05|68
Luis|Hernández|1952-01-08|74
Natalia|Navarro|1951-11-06|74
Javier|Romero|1972-07-28|53
Alejandro|López|1975-11-29|50
Miguel|Ortega|1975-03-16|51
Alejandro|Suárez|1965-11-27|60
Manuel|Ramírez|1958-10-07|67
Lucía|Ruiz|1953-11-03|72
Diego|Aguilar|1984-12-13|41
Juan|García|1966-10-14|59
José|Pérez|1966-03-04|60
José|Navarro|2005-09-04|20
José|Molina|1991-11-17|34
Patricia|Hernández|2008-01-08|18
Roberto|Vega|1979-01-12|47
Adriana|Ramos|1982-09-06|43
Isabel|Flores|2007-04-09|19
Isabel|Rodríguez|1971-05-04|55
Mario|Sánchez|1993-08-11|32
Eduardo|Fuentes|1994-08-27|31
Verónica|Ortega|1966-09-04|59
Javier|Castro|1995-06-22|30
Sergio|Álvarez|1991-04-01|35
Rafael|Hernández|1992-12-16|33
Ricardo|Aguilar|1951-06-04|74
Verónica|Silva|2000-04-05|26
Claudia|Reyes|1965-03-28|61
Mario|Cruz|1960-08-27|65
Mario|Castillo|1954-10-20|71
Miguel|Guerrero|1982-07-20|43
Miguel|Vega|1951-02-18|75
Héctor|Delgado|1960-11-09|65
Alejandro|Suárez|1996-12-16|29
Patricia|Cruz|1950-03-11|76
Eduardo|Medina|1954-09-30|71
Sandra|Castillo|1981-02-13|45
Diego|Ruiz|1971-12-18|54
Elena|Pérez|1970-10-11|55
Fernando|Castro|1969-09-23|56
Sergio|Torres|1981-12-22|44
Lucía|Rojas|1979-10-05|46
Sergio|Castillo|1998-06-15|27
Verónica|Ruiz|1992-02-12|34
Elena|Cruz|1968-07-12|57
Natalia|Jiménez|1951-04-30|75
Ricardo|Álvarez|1971-06-08|54
Mario|Ramírez|1993-07-23|32
Verónica|Ramírez|2003-02-20|23
María|Martínez|1970-12-10|55
Ricardo|Ríos|1990-02-24|36
Pedro|Castillo|1970-12-15|55
Manuel|Ortega|2001-06-09|24
Claudia|Cruz|1998-12-09|27
Adriana|López|1974-09-14|51
Laura|Ruiz|2006-12-02|19
Valentina|Sánchez|1954-09-13|71
Roberto|Ramírez|1972-08-24|53
Mario|González|1956-04-02|70
Sandra|Flores|1996-03-15|30
Pablo|Ortega|1960-04-02|66
Laura|Martínez|1949-03-24|77
Javier|López|1960-12-27|65
María|Castro|1978-03-10|48
Ricardo|Rivera|1981-04-04|45
Eduardo|Fuentes|1970-02-10|56
Manuel|Martínez|2006-12-27|19
Gabriela|Castro|1979-10-22|46
María|Romero|1973-06-26|52
Verónica|Romero|1959-09-30|66
Ana|Morales|1973-07-25|52
Laura|Álvarez|1998-06-17|27
Pedro|Aguilar|1960-07-29|65
Sandra|Castro|1956-10-27|69
Manuel|Ramírez|1975-06-11|50
Ana|Navarro|1956-07-14|69
María|Romero|1966-09-22|59
Isabel|Navarro|1972-03-19|54
Elena|Ramírez|1993-04-23|33
Sandra|Pérez|1954-11-30|71
Andrés|Ruiz|1974-02-07|52
Diego|García|1986-12-17|39
Elena|Castro|1953-02-05|73
Natalia|Rojas|1994-06-02|31
Sandra|Ortiz|1951-11-12|74
Sofía|Pérez|1996-09-30|29
Sofía|Ruiz|1980-07-21|45
Pedro|Reyes|1973-07-11|52
Claudia|Ríos|1962-11-18|63
Héctor|García|1947-10-10|78
Elena|Molina|2005-02-28|21
Adriana|Ramos|1984-08-21|41
Andrés|Morales|1993-11-23|32
Diana|Hernández|1950-06-29|75
Luis|Jiménez|1980-10-08|45
Patricia|Romero|1995-11-14|30
Sofía|Vega|1971-08-02|54
Juan|Rivera|1978-12-04|47
Miguel|Navarro|2008-02-04|18
Javier|Vargas|1965-11-15|60
Cristina|Torres|1970-11-09|55
Pablo|Suárez|1997-08-05|28
Carmen|Pérez|1950-02-19|76
Pedro|Cruz|2005-12-24|20
María|Silva|1972-07-08|53
Isabel|Hernández|1957-11-30|68
Ricardo|Fuentes|1968-08-06|57
Ricardo|Ramos|1974-06-13|51
Verónica|Hernández|1992-02-05|34
Verónica|Jiménez|1973-07-25|52
Cristina|Ríos|1969-05-12|57
Héctor|Ramírez|1977-10-31|48
Natalia|Suárez|1984-02-24|42
Sandra|Díaz|1979-08-13|46
Claudia|Reyes|2000-12-17|25
Adriana|Ramos|1986-09-08|39
Pedro|Vega|1946-10-03|79
Isabel|Mendoza|1997-03-27|29
Elena|Sánchez|1949-11-09|76
Isabel|Vargas|1963-10-17|62
Fernando|Ríos|2003-03-23|23
Gabriela|Jiménez|1967-08-10|58
Héctor|Ortega|1983-01-08|43
Diana|Ortiz|2001-12-08|24
José|Ortega|1952-03-08|74
Adriana|Delgado|1965-12-18|60
Claudia|Vargas|1991-08-26|34
Carlos|Sánchez|1968-02-11|58
Sofía|Romero|1974-05-22|51
Gabriela|Ruiz|1968-10-13|57
Alejandro|Aguilar|2000-06-02|25
Valentina|Guerrero|1949-12-17|76
Gabriela|Álvarez|1967-01-19|59
Manuel|Ortiz|1989-04-13|37
Carmen|Pérez|2000-12-23|25
Sofía|Romero|1965-10-14|60
Diego|Silva|1946-09-17|79
Luis|Díaz|1974-08-20|51
Manuel|Castro|1968-01-28|58
Natalia|Mendoza|1969-06-06|56
Alejandro|García|1972-12-11|53
Miguel|Sánchez|1985-12-24|40
Cristina|Ruiz|1954-04-07|72
Andrés|Sánchez|1953-05-21|72
Miguel|López|1979-10-18|46
Gabriela|Ortiz|1951-03-30|75
Elena|Flores|1958-01-06|68
Sandra|Reyes|1980-06-20|45
Lucía|Castro|1978-10-24|47
Valentina|Vega|1989-11-29|36
Gabriela|Romero|1979-02-20|47
Ana|López|1968-03-24|58
Héctor|Ortega|1957-12-27|68
Cristina|López|1972-02-04|54
Roberto|García|1996-10-20|29
Claudia|Pérez|2004-04-16|22
Natalia|Jiménez|1997-12-29|28
Mario|Flores|1959-07-31|66
Ricardo|Castro|1955-03-22|71
Andrés|Rodríguez|1992-12-23|33
Isabel|Ruiz|1982-01-11|44
Verónica|Álvarez|1961-10-13|64
Javier|Ruiz|1947-05-04|79
Héctor|Rodríguez|1989-11-04|36
Cristina|Gómez|1971-06-22|54
Miguel|Álvarez|1968-06-19|57
Claudia|Castillo|1950-04-30|76
Carmen|Suárez|1965-10-05|60
Isabel|Suárez|2008-04-24|18
Laura|Ramírez|1965-07-03|60
Fernando|Cruz|2004-04-20|22
Ricardo|Silva|1985-10-31|40
José|Silva|1976-08-20|49
Mónica|Torres|1970-08-25|55
Sandra|Castillo|2003-04-13|23
Javier|Ortega|1984-12-15|41
Juan|Vargas|2003-08-20|22
Javier|Medina|1981-06-04|44
Claudia|Álvarez|1972-07-01|53
Pedro|Flores|2002-05-13|24
Sergio|Ortiz|1995-12-15|30
Rafael|Ortega|1980-12-24|45
Luis|Guerrero|1955-03-07|71
Ricardo|Ramos|2008-04-05|18
Diego|Morales|1993-01-15|33
Valentina|Guerrero|1956-09-26|69
Ricardo|Mendoza|1954-07-05|71
Cristina|García|1946-12-17|79
Luis|Rivera|1975-04-03|51
Mario|Hernández|2002-05-02|24
Ana|González|1960-12-02|65
Alejandro|Gómez|1973-10-17|52
Natalia|Ramos|1959-10-06|66
Javier|Rodríguez|1997-07-30|28
Patricia|Ortiz|1963-05-07|63
Héctor|Pérez|2007-09-12|18
Mónica|Jiménez|1983-06-14|42
Gabriela|Vargas|2005-03-14|21
Ricardo|Castro|1957-03-12|69
Luis|Díaz|1967-03-21|59
Mario|Vega|1949-07-28|76
Adriana|Silva|1947-01-06|79
Rafael|Reyes|1998-04-02|28
Pedro|López|1983-01-07|43
Pedro|Navarro|1947-11-25|78
Verónica|Castro|1999-07-28|26
Valentina|Delgado|1951-03-18|75
Ana|Ruiz|1989-05-06|37
Cristina|González|1983-12-11|42
Carlos|Ortega|1960-11-27|65
Elena|Vargas|1962-01-27|64
Andrés|Fuentes|1971-12-24|54
Miguel|Cruz|1960-09-26|65
Miguel|Castillo|1950-03-17|76
Patricia|Ramírez|1976-07-19|49
Andrés|Rodríguez|2007-11-06|18
Claudia|Torres|1957-01-21|69
Sergio|Sánchez|1993-07-19|32
Javier|Gómez|1998-06-26|27
Carlos|Rojas|1953-08-25|72
María|Navarro|1974-08-22|51
José|Navarro|1958-11-17|67
Rafael|Guerrero|2008-02-27|18
Javier|Romero|1960-05-08|66
Fernando|Rivera|1993-07-30|32
José|Rojas|2005-02-28|21
Mario|Jiménez|1997-02-10|29
Ricardo|Fuentes|1996-01-09|30
Pablo|Álvarez|1977-10-27|48
Carlos|Castillo|1958-07-06|67
Valentina|Ortiz|1953-02-25|73
Verónica|Cruz|1957-05-02|69
Luis|Pérez|1988-04-30|38
Mario|Suárez|1974-08-28|51
Sofía|Torres|1955-08-17|70
Mario|Reyes|1965-10-24|60
Isabel|Rodríguez|1985-05-20|40
Eduardo|Cruz|1967-12-20|58
Verónica|Vargas|1999-12-03|26
Lucía|Ramírez|1982-02-26|44
Valentina|Álvarez|1975-03-01|51
Pedro|Romero|1959-06-05|66
Rosa|Ortiz|1980-08-17|45
Pablo|Medina|1965-10-30|60
Lucía|Silva|1994-12-07|31
Rosa|Martínez|2002-03-23|24
Diana|Delgado|1951-02-05|75
Manuel|Rojas|1961-04-13|65
Valentina|Romero|1969-08-16|56
Laura|Delgado|1989-11-22|36
María|Reyes|1964-02-16|62
Juan|Mendoza|1960-11-10|65
Gabriela|Ramos|1951-11-29|74
Lucía|Morales|1975-12-27|50
Carlos|Aguilar|2004-06-21|21
Rafael|Castro|1986-08-10|39
Javier|Castro|1975-03-08|51
Rafael|Medina|1978-07-15|47
Rafael|González|2006-07-10|19
Eduardo|Díaz|1965-08-07|60
Juan|Ruiz|1987-11-10|38
Gabriela|Pérez|1969-05-25|56
Patricia|Delgado|1987-12-11|38
Rafael|Gómez|1992-11-30|33
Lucía|Ríos|1981-04-29|45
Adriana|Suárez|1997-06-10|28
Laura|Guerrero|1980-05-19|46
Gabriela|Delgado|2004-04-19|22
Mario|Morales|1989-09-04|36
Pablo|Rodríguez|1988-09-24|37
Héctor|Ruiz|1988-12-29|37
Mónica|Ortega|2007-03-13|19
Sandra|Vargas|1982-01-06|44
Cristina|Suárez|1957-02-05|69
Rafael|Ruiz|1993-04-04|33
Diego|Torres|1969-12-09|56
Rafael|Álvarez|2006-09-28|19
Manuel|Silva|2006-01-17|20
Manuel|Ramos|1952-06-12|73
Adriana|Medina|1981-11-13|44
Javier|Romero|1971-10-15|54
Rafael|Flores|1960-01-11|66
María|Ortiz|1969-03-09|57
Luis|Ramos|1987-08-11|38
Sofía|Ramírez|2003-03-23|23
Elena|Morales|2002-01-22|24
Isabel|Morales|1959-08-02|66
Cristina|Gómez|1947-02-26|79
Javier|Navarro|2007-04-27|19
Laura|Martínez|1966-10-20|59
Adriana|Vargas|1999-08-27|26
Javier|Delgado|1992-03-28|34
Manuel|Torres|1963-04-24|63
Diego|García|1980-01-20|46
Miguel|Ortega|1958-05-11|68
Javier|Morales|1988-02-12|38
Valentina|Martínez|1982-09-18|43
Claudia|Silva|1978-07-04|47
Pedro|Morales|1975-08-31|50
Isabel|Ríos|1976-05-21|49
Manuel|Silva|1969-10-24|56
Lucía|Guerrero|1963-12-26|62
Sandra|Castillo|1950-07-07|75
Manuel|Vega|1962-10-15|63
Ricardo|Morales|1968-03-16|58
María|Morales|1954-02-15|72
Elena|Romero|1985-09-06|40
Miguel|Castillo|1968-01-20|58
Isabel|Romero|1956-10-23|69
Mario|Fuentes|2001-10-12|24
Diego|Cruz|1959-03-02|67
Diana|Ríos|1977-07-02|48
Javier|Castillo|1966-08-12|59
Adriana|Delgado|1993-08-18|32
Javier|Navarro|1952-03-15|74
Rafael|Castro|1946-08-15|79
Manuel|Silva|1997-01-13|29
Cristina|Martínez|1988-08-28|37
Diana|Suárez|1987-02-19|39
Roberto|Medina|1956-07-30|69
Diego|Ortiz|1993-10-29|32
Isabel|Torres|1984-03-28|42
Adriana|Morales|1976-06-09|49
Luis|Romero|1946-08-30|79
Sofía|Cruz|1993-07-08|32
Carlos|Flores|1974-04-03|52
Isabel|Mendoza|1992-03-09|34
Valentina|Rojas|2003-11-30|22
Valentina|Fuentes|1952-10-22|73
Diana|Ramos|1965-10-27|60
Sergio|Ruiz|1989-05-19|37
Roberto|Díaz|1989-05-30|36
Laura|Hernández|1972-01-14|54
Sofía|Jiménez|1957-02-24|69
Ana|Pérez|1949-02-12|77
Héctor|Ríos|1970-03-17|56
Gabriela|Reyes|1951-03-06|75
Pablo|Fuentes|1974-06-02|51
Ricardo|Reyes|1972-10-04|53
Sergio|Sánchez|1979-04-18|47
Miguel|Álvarez|1946-08-07|79
Mario|Ruiz|1973-11-18|52
Elena|Vargas|1953-05-08|73
Mario|Castillo|1968-05-29|57
Elena|Medina|1969-09-24|56
Pablo|Ortega|1985-07-27|40
Cristina|Ruiz|1955-06-01|70
Diana|Guerrero|1963-06-30|62
Isabel|Vega|1954-03-11|72
Carlos|Navarro|1986-07-04|39
Gabriela|Romero|1991-07-13|34
Eduardo|Flores|1997-02-21|29
Eduardo|Silva|1990-12-06|35
Fernando|García|1962-08-17|63
Laura|Vargas|2006-04-20|20
Patricia|Silva|1977-11-07|48
Fernando|Silva|1991-10-21|34
Carlos|García|1964-01-23|62
Natalia|Guerrero|1966-01-23|60
Valentina|Aguilar|2000-09-24|25
José|Rivera|1968-02-13|58
Ana|González|1951-04-02|75
Gabriela|Navarro|1976-08-02|49
Carmen|Pérez|1999-09-10|26
Laura|Castro|1952-01-07|74
Diego|Castro|1995-12-16|30
Adriana|Silva|2003-06-23|22
Javier|Ramos|2004-04-21|22
Alejandro|Cruz|2000-07-17|25
Verónica|López|1961-03-04|65
Luis|Flores|1992-01-16|34
Patricia|Morales|1950-04-24|76
Carlos|Rodríguez|1990-11-02|35
Patricia|Díaz|1995-04-24|31
Valentina|Romero|1997-12-14|28
Verónica|Martínez|1968-10-16|57
Cristina|Delgado|1988-04-28|38
Ricardo|Medina|1987-08-23|38
Valentina|Navarro|1999-01-29|27
Mario|Sánchez|2005-01-02|21
Cristina|Castro|1991-01-05|35
Rosa|Guerrero|1951-05-15|75
Héctor|Torres|1972-12-01|53
Isabel|Torres|1990-05-05|36
Héctor|Gómez|1965-06-01|60
Miguel|Díaz|2002-05-13|24
Héctor|Fuentes|1976-02-28|50
Sergio|Romero|1985-08-18|40
Cristina|Ortega|1948-06-14|77
Carmen|Rodríguez|1976-01-12|50
Miguel|Torres|1951-09-09|74
Diego|Flores|1960-07-06|65
Natalia|Guerrero|1998-12-09|27
Cristina|Flores|2000-10-09|25
Sofía|Castro|1978-03-16|48
Héctor|Pérez|1986-05-06|40
Verónica|Guerrero|1972-12-21|53
Rosa|Hernández|1971-12-08|54
Sergio|Torres|1985-06-21|40
Mario|Medina|1970-10-22|55
Verónica|Martínez|1974-10-01|51
Eduardo|Castillo|1995-01-21|31
Gabriela|Cruz|1949-04-26|77
Javier|Vargas|1951-10-31|74
María|Ortiz|1995-11-18|30
Ricardo|Castro|1959-04-14|67
Elena|López|1966-12-11|59
Mónica|Vega|1965-10-23|60
Ana|Ramos|1957-07-28|68
Pablo|Díaz|1957-05-31|68
Cristina|Ríos|2008-03-23|18
Sandra|Flores|1988-09-09|37
Miguel|Vega|1953-02-14|73
Ricardo|Rodríguez|2006-04-15|20
José|Molina|1960-09-27|65
Diego|Medina|1990-05-29|35
Ricardo|Pérez|1952-01-19|74
Andrés|Hernández|2001-02-13|25
Lucía|Guerrero|1971-09-07|54
Gabriela|Hernández|1995-12-27|30
Alejandro|Martínez|1954-02-02|72
Gabriela|Castro|2000-08-20|25
Héctor|Torres|1950-10-22|75
Fernando|Ríos|1963-10-30|62
Isabel|Fuentes|1962-05-05|64
Natalia|Ruiz|1956-04-25|70
Rafael|Fuentes|2005-06-19|20
Lucía|Ortiz|2000-04-23|26
Javier|García|1991-04-18|35
Eduardo|Vargas|1987-10-13|38
Manuel|Silva|1989-05-09|37
Natalia|Ramírez|2002-01-01|24
Cristina|Morales|1953-07-14|72
José|González|1962-05-08|64
Diego|Ortega|1983-05-02|43
Carlos|Suárez|1978-04-03|48
Andrés|Delgado|1967-11-27|58
Luis|Delgado|1979-11-02|46
Carlos|González|1964-06-19|61
Elena|Aguilar|1958-03-07|68
Miguel|Flores|1977-02-13|49
Sandra|Castillo|1968-08-21|57
Mario|Aguilar|1953-01-16|73
Natalia|Silva|2006-06-05|19
Claudia|Silva|1962-05-01|64
Roberto|Ramos|1978-10-08|47
Rosa|Molina|1949-04-01|77
Patricia|Pérez|1975-09-06|50
Pablo|Cruz|1984-01-19|42
Laura|Vargas|2007-01-06|19
José|Castro|1976-05-17|50
Andrés|Torres|1983-04-12|43
Sofía|Ramos|1964-05-20|61
Adriana|Álvarez|1999-04-13|27
Miguel|Delgado|2008-02-09|18
Eduardo|Hernández|1996-12-07|29
Eduardo|Silva|1973-06-12|52
Juan|Díaz|1950-11-08|75
Diego|Vargas|1950-07-20|75
Héctor|Rodríguez|1962-05-14|64
Eduardo|Gómez|1969-11-06|56
Isabel|Medina|1963-06-23|62
Héctor|Ramírez|2006-03-11|20
Lucía|Molina|1948-06-07|77
Eduardo|Castillo|1998-03-04|28
Gabriela|Álvarez|1948-05-07|78
Cristina|Ruiz|2008-01-12|18
Roberto|Aguilar|1974-03-23|52
Verónica|Navarro|2003-12-25|22
Valentina|Sánchez|1989-10-08|36
Lucía|Navarro|1948-07-23|77
Mónica|González|2008-03-20|18
Javier|Ortega|1946-10-31|79
Diego|Reyes|2002-02-05|24
Manuel|Guerrero|1970-06-21|55
Pablo|Hernández|1961-06-20|64
Pedro|Romero|1978-11-20|47
Pablo|Ríos|2006-10-08|19
Roberto|Ramírez|1984-03-16|42
Sandra|Ortiz|1995-12-29|30
Carlos|Aguilar|1976-02-18|50
Patricia|Gómez|1947-06-24|78
Elena|Martínez|1963-08-29|62
Ricardo|Rojas|1973-03-12|53
Laura|Ortiz|1970-04-08|56
Javier|Molina|1995-08-25|30
Alejandro|Rodríguez|1992-03-20|34
Mario|Rojas|1985-06-16|40
Mónica|Castro|1984-04-13|42
Patricia|Jiménez|1963-03-05|63
Ana|Hernández|1997-03-03|29
Claudia|García|1989-04-04|37
José|Ríos|1983-10-24|42
Pablo|Ortiz|1980-01-23|46
Ana|Torres|2004-04-16|22
Andrés|Morales|1960-10-14|65
Mónica|López|1986-02-24|40
Carmen|Torres|1987-01-22|39
Cristina|Fuentes|1956-05-09|70
Sandra|Rodríguez|1977-09-08|48
Fernando|Rodríguez|1967-05-30|58
Ricardo|Ríos|1981-06-18|44
Javier|López|1951-03-28|75
Mario|Fuentes|1968-08-09|57
Elena|Rodríguez|1977-05-06|49
Claudia|García|1979-09-12|46
Luis|Rodríguez|1980-02-09|46
Alejandro|Ramírez|1998-11-25|27
Pedro|Guerrero|1947-03-10|79
Carlos|Molina|1992-03-28|34
Cristina|Ríos|2006-07-16|19
Ricardo|Pérez|1991-08-25|34
Eduardo|Romero|1956-12-03|69
Héctor|Gómez|1961-11-07|64
Miguel|Rodríguez|2002-03-29|24
Rosa|Vega|1986-02-03|40
Andrés|Ríos|1963-03-18|63
Natalia|Vega|1982-01-21|44
Natalia|Delgado|1981-09-14|44
Pedro|Delgado|1992-12-09|33
Laura|Silva|1966-01-07|60
Claudia|Castro|1999-05-14|27
Roberto|Ruiz|1947-04-26|79
Lucía|Rodríguez|1959-01-28|67
Juan|Navarro|1948-01-15|78
Adriana|Guerrero|2003-06-19|22
Verónica|Álvarez|1951-02-11|75
Ana|Martínez|1968-01-27|58
Lucía|Rivera|1983-12-11|42
Rafael|Ruiz|1957-07-23|68
Lucía|Vargas|1954-04-22|72
Rosa|Molina|2003-10-20|22
Fernando|Medina|2005-05-30|20
Sofía|Cruz|1986-01-03|40
Mónica|Aguilar|1971-08-24|54
Isabel|Ramírez|1968-06-26|57
Adriana|Torres|2005-01-27|21
Ricardo|González|1988-10-28|37
Andrés|Ortega|1982-02-08|44
Carmen|Medina|1949-12-06|76
Miguel|Suárez|2005-12-19|20
Elena|Torres|2002-06-13|23
Juan|Flores|1985-05-13|41
José|Ruiz|1994-01-28|32
Patricia|Jiménez|1987-04-18|39
Roberto|Ramos|1997-06-15|28
Ana|García|1983-04-02|43
Javier|Ramos|1950-11-05|75
Elena|Pérez|1966-11-26|59
Patricia|Delgado|1970-05-24|55
Mónica|López|1999-05-17|27
Elena|Martínez|1965-11-06|60
Laura|Ramos|1954-06-11|71
Manuel|Ruiz|1974-10-09|51
Natalia|Guerrero|1972-09-15|53
José|Navarro|1974-05-02|52
Juan|Morales|1961-08-22|64
María|Castro|1985-07-14|40
Rosa|Rojas|1999-04-10|27
Sergio|Suárez|1980-11-19|45
Mario|Díaz|1954-09-24|71
Manuel|García|1964-03-23|62
Carlos|Ortega|2001-06-14|24
Héctor|Rivera|1993-12-26|32
Alejandro|Suárez|1947-07-01|78
Rafael|Jiménez|1965-10-12|60
Roberto|Ramírez|1982-01-20|44
Javier|Rivera|1995-05-10|31
Javier|Aguilar|1998-04-28|28
María|Hernández|1948-11-15|77
Ricardo|Guerrero|1987-07-22|38
Verónica|Vargas|1965-05-10|61
Natalia|Medina|1968-02-16|58
Manuel|Flores|1997-01-19|29
Andrés|Torres|1983-03-21|43
Rosa|Delgado|1986-01-14|40
María|Sánchez|1976-09-10|49
Claudia|Mendoza|1982-10-17|43
Rosa|Rodríguez|2004-05-14|22
Luis|Ortiz|1999-03-03|27
Diego|Aguilar|1969-02-27|57
Lucía|Hernández|1956-10-03|69
Mónica|Morales|1956-06-06|69
Sergio|Suárez|1947-06-22|78
Diana|Ramos|1989-04-17|37
Sandra|Pérez|1955-10-12|70
Javier|Ramos|1969-06-21|56
Diana|Ortega|1971-01-26|55
Roberto|Fuentes|1965-07-23|60
Diana|Hernández|1984-03-17|42
Andrés|Ramírez|1975-12-02|50
Adriana|González|2003-05-18|23
Patricia|Gómez|1993-01-15|33
Diego|Navarro|1969-11-22|56
Luis|Molina|1983-03-28|43
Sergio|Ramírez|1998-09-11|27
José|Ramírez|1948-04-21|78
Laura|Rodríguez|1986-07-14|39
José|Fuentes|1982-12-29|43
Roberto|García|1999-01-25|27
Cristina|Martínez|1969-12-22|56
Javier|Ruiz|1976-10-27|49
Rafael|Silva|1986-08-28|39
Fernando|López|1966-09-10|59
Valentina|Sánchez|1974-01-02|52
Roberto|Castillo|1987-02-28|39
Alejandro|Molina|1946-09-19|79
Miguel|Martínez|1946-06-10|79
Javier|Reyes|1983-05-01|43
Fernando|Castro|1971-08-19|54
Andrés|Ríos|1975-11-12|50
Alejandro|Suárez|1957-04-02|69
Claudia|Castillo|1957-01-09|69
Sergio|Cruz|1982-02-02|44
Elena|Vega|1988-07-08|37
Sergio|Ramírez|1963-01-31|63
Andrés|Mendoza|1985-10-22|40
Javier|Álvarez|1975-04-06|51
Rosa|López|1994-12-20|31
Luis|Silva|1972-10-19|53
Héctor|Torres|1968-01-08|58
Luis|Vega|1978-04-07|48
Elena|Romero|1983-12-23|42
Mónica|Jiménez|1959-05-05|67
Ana|Sánchez|2006-10-27|19
Verónica|Aguilar|1995-06-25|30
Lucía|Hernández|1998-11-04|27
Valentina|González|1993-09-02|32
Valentina|Reyes|1948-03-29|78
Alejandro|Martínez|1999-11-24|26
Manuel|Martínez|1960-10-08|65
Gabriela|Fuentes|1972-04-03|54
Natalia|Torres|1978-02-24|48
Sergio|Vargas|1970-11-07|55
Ricardo|Mendoza|1991-04-16|35
Andrés|Navarro|1957-10-06|68
Ricardo|Ríos|1969-10-26|56
Juan|Mendoza|1950-09-16|75
Gabriela|Rivera|1976-09-03|49
Ana|Medina|1972-05-01|54
Valentina|Molina|1951-10-12|74
Alejandro|Pérez|1977-07-12|48
Rafael|López|2006-07-04|19
Juan|Vargas|1983-09-07|42
Miguel|Molina|1984-09-30|41
Cristina|Vargas|2007-09-18|18
Andrés|Torres|1961-09-30|64
Carmen|Hernández|1949-08-17|76
Valentina|Gómez|1956-02-26|70
Carlos|Fuentes|2000-08-19|25
Cristina|Romero|1969-08-25|56
Miguel|Sánchez|1995-02-24|31
Eduardo|Mendoza|1952-11-01|73
Gabriela|González|1997-01-08|29
Lucía|González|1966-01-19|60
Ana|Vega|1950-04-14|76
Mónica|Ortega|1975-01-07|51
Manuel|Flores|1976-09-29|49
Mónica|Morales|1977-12-31|48
Elena|Martínez|1991-01-19|35
Cristina|Delgado|1977-02-24|49
Lucía|Suárez|1985-03-26|41
Juan|Mendoza|1979-10-12|46
Gabriela|García|1967-11-05|58
Diego|Rojas|1950-09-29|75
José|Gómez|2004-03-26|22
Rosa|Suárez|1954-09-02|71
Carlos|Vega|2008-05-11|18
Rosa|López|1987-01-17|39
Rosa|Hernández|1993-04-01|33
Diego|Medina|1986-07-09|39
Pedro|Molina|1971-06-18|54
Rafael|López|1979-10-19|46
Roberto|Ríos|2008-01-29|18
Mónica|Jiménez|1958-01-19|68
Pedro|Ruiz|1965-03-12|61
José|Delgado|1955-02-25|71
Pablo|Silva|1998-05-07|28
Isabel|Medina|1977-10-27|48
Adriana|Castro|1948-06-26|77
Sofía|Jiménez|1997-01-03|29
Andrés|Hernández|1973-06-22|52
Diego|Ramos|2002-03-30|24
Eduardo|Gómez|2005-09-09|20
Rafael|Medina|1946-08-19|79
Carmen|Rivera|1983-07-16|42
Mario|Pérez|1992-03-07|34
Fernando|Silva|1989-03-01|37
Cristina|Sánchez|2000-07-05|25
Javier|Ortega|1986-11-23|39
Pedro|Aguilar|2002-01-12|24
Diana|Romero|1974-09-27|51
Diana|Vargas|1967-09-17|58
Rafael|Jiménez|1955-11-18|70
Diego|Vega|1989-01-16|37
Javier|Navarro|1955-09-22|70
Andrés|Martínez|1969-01-20|57
Roberto|Vega|1996-10-01|29
Mario|Rojas|1988-05-27|37
Alejandro|González|2006-11-05|19
Sofía|Ramos|2004-11-30|21
Pablo|Reyes|1961-10-22|64
Alejandro|Ruiz|1994-05-21|31
Carlos|Flores|1993-04-15|33
Andrés|Delgado|1961-07-17|64
Patricia|Ramos|1962-12-09|63
Rosa|Hernández|1996-04-19|30
Pablo|Aguilar|1993-07-08|32
Héctor|Vega|1994-09-17|31
Diana|Castillo|1949-08-08|76
Mónica|Silva|1957-06-30|68
Valentina|Guerrero|1983-06-17|42
Miguel|Aguilar|1981-10-04|44
Ana|Torres|1986-04-05|40
Carmen|Romero|1966-01-29|60
Gabriela|Martínez|1984-08-27|41
Carmen|Ortega|1989-09-21|36
Mario|Guerrero|1947-07-16|78
Sergio|Álvarez|1969-01-27|57
Miguel|Cruz|2002-02-06|24
Ricardo|Vega|2003-06-06|22
Mario|Torres|1993-03-23|33
Valentina|López|1977-08-05|48
Carlos|Hernández|2006-12-01|19
José|Guerrero|1964-05-19|62
Carlos|Ríos|1975-05-15|51
Sandra|Morales|1983-07-27|42
Rosa|Martínez|2007-03-10|19
Diego|Hernández|1950-09-03|75
Carmen|Reyes|1975-02-04|51
Carmen|Pérez|1979-06-27|46
Andrés|Delgado|1997-10-18|28
José|Rodríguez|2007-12-04|18
Valentina|Ruiz|1973-08-29|52
Héctor|Castillo|2004-07-21|21
Miguel|Martínez|1963-11-23|62
Héctor|Gómez|1990-12-05|35
Carmen|Gómez|1985-07-01|40
Andrés|Pérez|1980-03-21|46
Pablo|Jiménez|1955-06-19|70
Rosa|Hernández|1999-01-20|27
Rafael|Castillo|1975-05-29|50
Fernando|Rivera|1956-10-09|69
Rafael|González|1970-11-02|55
Fernando|Hernández|1963-08-26|62
Luis|Reyes|1965-07-07|60
Ricardo|Delgado|1989-04-28|37
Cristina|Rojas|1984-04-28|42
Alejandro|Ortega|1962-04-28|64
Miguel|Suárez|1971-02-20|55
Juan|Ortiz|1960-05-23|65
Manuel|Álvarez|1992-03-15|34
Ricardo|Delgado|1980-03-21|46
Gabriela|Castillo|1957-07-15|68
Elena|Vega|1963-07-11|62
Carmen|Jiménez|1981-01-26|45
Claudia|Torres|1947-04-21|79
Rosa|Ortiz|1970-06-23|55
Eduardo|Mendoza|1959-10-25|66
Diego|Jiménez|2002-07-23|23
Pablo|Jiménez|1957-03-07|69
Isabel|Castillo|1994-03-24|32
Javier|Navarro|1988-12-25|37
Rafael|López|2006-04-22|20
Natalia|Reyes|1962-12-29|63
Mario|Ríos|1995-11-09|30
Laura|Cruz|1953-01-08|73
Adriana|González|2007-09-14|18
Ana|Morales|1972-01-22|54
Juan|Ortiz|1949-10-20|76
Roberto|Sánchez|1949-11-01|76
Elena|Hernández|1984-07-20|41
Andrés|Castro|2007-09-28|18
Fernando|Álvarez|1958-05-11|68
Sofía|Ortega|1991-08-09|34
Ana|García|1949-11-18|76
Ricardo|Fuentes|1984-05-20|41
Cristina|Medina|1948-02-10|78
María|Romero|1951-04-27|75
Sergio|Pérez|1992-07-08|33
Lucía|Guerrero|1994-08-09|31
Eduardo|Ríos|1974-04-29|52
Carlos|Ríos|1986-08-11|39
Adriana|Castro|1953-08-01|72
Carlos|Ramos|1998-11-09|27
Luis|Ramos|1995-04-20|31
Carlos|Molina|1999-01-25|27
Laura|Pérez|1947-02-27|79
Fernando|Ramos|1974-09-08|51
Javier|Aguilar|1951-04-24|75
Adriana|Vargas|1957-04-20|69
Diana|Aguilar|1981-11-26|44
Fernando|Silva|1953-10-27|72
Pedro|Ruiz|1952-04-09|74
Diego|Castro|1985-06-20|40
Diana|Jiménez|1958-07-07|67
Claudia|Morales|1980-06-23|45
Juan|Fuentes|1971-03-31|55
Mario|Hernández|1982-06-12|43
Eduardo|Martínez|2005-11-25|20
María|Guerrero|1967-05-11|59
Natalia|Rivera|1948-11-17|77
Eduardo|Flores|1981-04-02|45
Miguel|Mendoza|1969-09-12|56
Pablo|López|1954-02-08|72
Laura|Reyes|1947-06-01|78
Sandra|Hernández|1968-07-16|57
Rosa|Jiménez|2005-08-18|20
Cristina|Ramírez|1984-11-06|41
Pablo|López|1961-11-23|64
Carmen|Romero|1988-10-05|37
Lucía|Mendoza|1999-07-02|26
Verónica|Ortega|2005-06-30|20
Patricia|Gómez|1971-07-02|54
Héctor|Cruz|1999-10-12|26
José|Sánchez|1986-06-01|39
Isabel|Rivera|1998-11-15|27
Rosa|Medina|2000-09-13|25
Diana|Silva|1950-08-27|75
María|Mendoza|1949-04-19|77
Laura|Molina|1985-05-14|41
Manuel|García|1972-04-15|54
Mario|Rivera|1985-10-02|40
Isabel|Rojas|1971-02-03|55
Claudia|Mendoza|1954-06-13|71
Carlos|Mendoza|1962-05-05|64
Adriana|Medina|1967-01-13|59
Adriana|Reyes|1971-11-15|54
Luis|Silva|1960-03-01|66
Elena|Ruiz|1979-02-16|47
Miguel|Álvarez|1962-08-03|63
Claudia|Torres|1992-11-27|33
Mónica|López|1989-12-25|36
Mario|Ortiz|1996-09-09|29
Rosa|Ortiz|2006-10-20|19
Manuel|Romero|1947-08-13|78
Claudia|Álvarez|1967-09-09|58
Valentina|Rojas|1971-12-25|54
Valentina|Castro|1964-05-20|61
Alejandro|Guerrero|1981-08-07|44
Pedro|Hernández|1983-08-18|42
Javier|Sánchez|1948-03-21|78
José|Ortiz|1985-01-01|41
Roberto|Romero|1984-09-15|41
Carmen|Ramos|1988-05-16|38
Carlos|Ríos|1959-10-27|66
Diego|Delgado|1993-04-29|33
José|Flores|1996-06-01|29
Miguel|Ortiz|1983-04-07|43
Mónica|Vega|1999-04-13|27
Diana|Cruz|1956-01-14|70
Andrés|Guerrero|2006-08-23|19
Fernando|Aguilar|1960-06-11|65
Andrés|Ramos|1984-01-24|42
Pedro|Fuentes|1956-01-17|70
Lucía|Vega|1999-12-17|26
Isabel|Navarro|1953-05-22|72
Héctor|Reyes|1999-02-27|27
Javier|Ruiz|1985-09-23|40
Elena|Díaz|1949-11-08|76
Pablo|López|1951-05-09|75
Ana|Silva|1956-07-24|69
Isabel|Mendoza|1960-10-26|65
Roberto|Ortega|1954-10-30|71
Natalia|Sánchez|1948-01-30|78
Laura|Suárez|1964-02-15|62
Andrés|Jiménez|1964-10-25|61
Alejandro|Ríos|2008-04-23|18
Valentina|Ramos|1997-06-26|28
Rosa|García|1975-07-27|50
Mario|Álvarez|1949-02-21|77
Ricardo|Ríos|2007-11-09|18
Sergio|Díaz|1993-10-12|32
Ana|Hernández|1948-11-13|77
Claudia|Álvarez|1972-12-05|53
Miguel|Rivera|1970-06-22|55
Adriana|López|1963-04-02|63
Natalia|Hernández|1999-09-28|26
José|Torres|2001-06-07|24
Natalia|Ramírez|2000-04-27|26
Luis|López|1958-09-02|67
Ana|Castro|1996-05-26|29
Diego|Ramos|1947-08-30|78
María|Delgado|2006-12-30|19
Roberto|Suárez|1961-02-21|65
Eduardo|Rodríguez|1970-12-25|55
Ricardo|Ortega|1992-07-29|33
Adriana|Reyes|1985-01-29|41
Alejandro|Flores|1970-01-14|56
Cristina|Molina|1980-01-17|46
Manuel|Ramírez|2001-06-09|24
Ana|Rojas|1994-05-11|32
Lucía|Flores|1970-01-28|56
Héctor|Castro|1996-10-31|29
Manuel|Morales|1978-01-14|48
Adriana|Ramos|2004-04-06|22
Sofía|Suárez|1987-09-20|38
Fernando|Vega|1980-12-30|45
Manuel|Cruz|1998-04-29|28
Sofía|Reyes|1963-03-04|63
Lucía|Martínez|1965-11-02|60
Carlos|Suárez|1959-10-08|66
Juan|Vega|1987-08-11|38
Verónica|Álvarez|1980-03-31|46
Ana|Jiménez|1958-10-22|67
Fernando|Ríos|1963-12-08|62
Sandra|Medina|1953-05-29|72
Laura|Molina|1988-01-16|38
Valentina|Suárez|1993-01-15|33
Rafael|Rodríguez|1978-09-11|47
Alejandro|Molina|1996-09-15|29
Gabriela|Ortega|1957-06-21|68
Claudia|Suárez|1968-06-04|57
Héctor|Vega|1954-09-02|71
Diego|Martínez|2007-07-21|18
Patricia|Castro|1996-12-28|29
Manuel|Ramos|1966-07-27|59
Rosa|Vargas|2006-05-07|20
Andrés|Fuentes|1976-07-20|49
Lucía|Ramos|1947-05-01|79
Lucía|Cruz|1985-09-22|40
Rosa|Castillo|1974-03-24|52
Javier|Guerrero|1999-06-24|26
Andrés|Torres|1966-06-07|59
Diego|Silva|1984-04-26|42
Elena|Cruz|1946-06-04|79
Juan|Silva|1977-01-24|49
Ricardo|Jiménez|1996-02-10|30
Verónica|Álvarez|1988-04-30|38
Rosa|Cruz|1947-04-14|79
Sofía|Silva|2000-07-07|25
Natalia|Silva|2004-08-12|21
Patricia|Aguilar|1958-06-21|67
Luis|Álvarez|2002-12-02|23
Diana|García|1982-08-30|43
Manuel|Flores|1988-06-04|37
Juan|Álvarez|1985-12-11|40
Cristina|Aguilar|2005-04-17|21
Patricia|Delgado|1975-07-31|50
Ricardo|Guerrero|1975-12-02|50
Miguel|Cruz|1997-03-18|29
Juan|Silva|1949-01-31|77
Carmen|Cruz|1968-04-17|58
Pedro|Álvarez|2004-10-21|21
Sandra|Ortiz|1966-11-13|59
Diego|García|1955-09-13|70
Valentina|Hernández|1961-02-21|65
Luis|Castillo|1997-12-23|28
Gabriela|Cruz|1966-05-07|60
Héctor|Morales|1998-07-01|27
Eduardo|Fuentes|1985-08-02|40
Manuel|Fuentes|1976-07-18|49
Natalia|Flores|1989-12-17|36
Patricia|Castro|1948-12-10|77
Héctor|González|1953-10-22|72
Claudia|Ortega|2005-04-12|21
Patricia|Vega|1976-06-15|49
Valentina|Pérez|1989-01-09|37
Luis|Pérez|2006-12-05|19
Andrés|García|1958-07-23|67
Sergio|Álvarez|1965-05-08|61
Ana|Castro|1978-01-16|48
Lucía|Cruz|1952-05-16|74
Sergio|Mendoza|1997-11-13|28
Diego|Rivera|2004-02-19|22
Andrés|Rodríguez|1980-11-30|45
Isabel|Díaz|2006-06-10|19
Ricardo|Vega|1972-10-08|53
Verónica|Ríos|1972-01-08|54
Diego|Ortega|1983-01-19|43
José|Hernández|1955-08-28|70
Manuel|Vargas|1956-11-05|69
Isabel|Gómez|1990-11-03|35
Isabel|Suárez|1958-06-13|67
Mario|Hernández|2006-08-23|19
Rafael|Molina|1982-07-04|43
Eduardo|Ramírez|1956-11-17|69
Juan|García|1983-06-20|42
Luis|García|1980-11-11|45
Lucía|Silva|1977-12-29|48
Pedro|Ortiz|1951-08-31|74
Verónica|Gómez|1977-04-09|49
Roberto|Navarro|1982-09-30|43
Diana|Romero|1960-01-30|66
Roberto|Aguilar|1976-01-09|50
Javier|Romero|1988-02-27|38
Sofía|López|1971-07-10|54
Rafael|Pérez|2003-02-02|23
Patricia|Martínez|1983-02-21|43
Miguel|Jiménez|1984-01-28|42
Valentina|Silva|1986-09-29|39
Alejandro|Flores|1962-12-13|63
Rosa|Álvarez|1976-11-03|49
Sandra|Díaz|1953-06-14|72
Gabriela|Jiménez|1994-04-24|32
Ana|Martínez|1997-06-25|28
José|Vega|1960-06-02|65
Valentina|Castro|1965-10-14|60
Javier|Gómez|1950-10-20|75
Rafael|Pérez|1964-05-14|62
Fernando|González|2002-11-24|23
Juan|Ruiz|1981-07-05|44
Andrés|Aguilar|1983-06-28|42
Sandra|Martínez|1993-08-18|32
Valentina|Ruiz|1978-12-31|47
Gabriela|Romero|1954-12-05|71
Gabriela|Cruz|1955-07-19|70
Ricardo|Castro|1949-10-17|76
Lucía|Ortega|1952-06-22|73
Ricardo|Vega|1962-11-04|63
Fernando|Vargas|1964-01-31|62
Adriana|García|2005-01-25|21
Javier|Guerrero|2002-01-02|24
Isabel|Díaz|1962-09-20|63
Sergio|Fuentes|1947-03-11|79
Lucía|Ramos|1962-09-24|63
Gabriela|Medina|2004-04-17|22
María|Vargas|1997-02-18|29
Valentina|Ríos|1969-10-26|56
Laura|Cruz|2002-04-07|24
Lucía|González|1993-12-05|32
Andrés|Romero|1971-07-16|54
Alejandro|Martínez|2000-02-12|26
Carlos|Ríos|1957-04-08|69
Isabel|Silva|1991-08-22|34
Javier|Cruz|1970-05-03|56
Alejandro|García|1994-06-16|31
Eduardo|Castillo|1990-10-02|35
Manuel|Hernández|2004-06-27|21
Natalia|Ortega|1993-06-04|32
Roberto|Suárez|1992-06-21|33
Valentina|Rivera|1958-03-23|68
Pedro|Díaz|1988-09-16|37
Valentina|Delgado|1990-10-01|35
Rafael|Torres|1951-12-01|74
Alejandro|Ramos|1971-10-08|54
Héctor|Vargas|1947-02-17|79
Diego|Ortiz|1947-12-10|78
Rosa|Flores|1988-07-15|37
Pedro|Jiménez|2006-10-09|19
Ricardo|Cruz|1998-08-20|27
Sergio|Díaz|1950-07-22|75
Lucía|Ríos|1958-01-17|68
Fernando|Ortiz|1999-12-11|26
Patricia|Morales|1949-04-16|77
Luis|García|1973-04-08|53
Ana|Pérez|1986-05-31|39
Adriana|Vargas|1969-07-27|56
Pedro|Castro|1982-06-17|43
Rosa|García|1981-01-19|45
Sergio|Silva|1954-06-02|71
Lucía|Mendoza|1948-12-21|77
Héctor|Medina|1952-02-12|74
Andrés|Delgado|1971-04-15|55
Andrés|Rojas|2000-09-01|25
Mónica|Rivera|1972-01-02|54
Sergio|Ruiz|1972-08-11|53
Juan|Delgado|1979-02-11|47
Ricardo|Ruiz|1968-03-03|58
José|Ruiz|1993-08-03|32
Mónica|Castillo|1949-08-25|76
Eduardo|Rodríguez|1997-11-20|28
Rafael|Ortiz|1957-03-27|69
Rafael|Sánchez|2008-01-31|18
Roberto|Ortega|1967-04-09|59
Gabriela|Pérez|1964-07-08|61
Ana|Aguilar|2007-04-24|19
Roberto|Ríos|2001-04-14|25
Sandra|Hernández|1968-02-09|58
Alejandro|Pérez|2004-12-08|21
Sofía|Cruz|1985-12-29|40
Elena|Pérez|2008-04-26|18
Valentina|Díaz|1994-09-28|31
Natalia|Ramírez|1997-03-25|29
Ana|Flores|1948-12-11|77
Sergio|Suárez|1980-10-27|45
Mario|López|1999-10-04|26
Laura|Castro|1983-04-23|43
Patricia|Rojas|1963-04-23|63
Rosa|Vega|1999-09-13|26
Rosa|Reyes|1976-06-29|49
Alejandro|Rojas|1968-07-05|57
Sofía|Delgado|1979-10-16|46
Sofía|Molina|1976-09-04|49
Héctor|Morales|1950-03-08|76
Diego|Flores|1996-02-15|30
José|Hernández|1951-11-28|74
María|Jiménez|1992-08-29|33
Lucía|Pérez|2001-06-06|24
Rafael|López|1997-08-08|28
Gabriela|Vargas|2006-04-05|20
Pablo|Vega|1999-09-26|26
Miguel|Aguilar|1977-10-28|48
Manuel|Martínez|1972-02-06|54
Miguel|Ramírez|1963-04-24|63
Héctor|Cruz|1965-02-15|61
Eduardo|Ortiz|2008-03-24|18
Natalia|Hernández|2001-06-01|24
Sofía|Díaz|2004-09-23|21
Gabriela|Morales|1973-08-31|52
Carlos|Ortiz|1947-09-30|78
Fernando|González|1994-12-20|31
Diana|Cruz|1973-08-06|52
Pedro|Hernández|1960-01-10|66
Gabriela|Castro|1979-06-14|46
Carmen|Romero|1949-06-26|76
Sandra|Díaz|1994-09-30|31
Laura|Delgado|1986-07-03|39
Ricardo|Jiménez|1991-06-25|34
Lucía|Ramos|1970-01-17|56
Ricardo|Silva|1951-06-01|74
Carmen|Vargas|1960-03-01|66
Isabel|Morales|1995-04-18|31
Carmen|Hernández|1987-07-18|38
Fernando|Jiménez|2000-10-19|25
Elena|González|1955-06-03|70
Sofía|Martínez|1973-08-27|52
José|Fuentes|2003-11-07|22
Pedro|García|1998-03-28|28
Rafael|Delgado|1985-05-14|41
Ana|Fuentes|1953-03-10|73
Sandra|Díaz|1950-12-22|75
Miguel|Flores|2004-07-26|21
Mario|Martínez|1984-04-24|42
Rosa|Romero|1978-05-13|48
Héctor|Álvarez|1987-02-08|39
Elena|Díaz|1977-04-10|49
Natalia|Ríos|1979-05-10|47
Juan|Guerrero|1971-02-07|55
Fernando|Ortega|1993-08-30|32
Eduardo|Castillo|1999-09-06|26
Valentina|Cruz|1957-08-09|68
Juan|García|1980-12-16|45
Lucía|Ortega|1956-01-31|70
Rosa|Rojas|1990-05-17|36
Fernando|Martínez|1974-11-04|51
Luis|Flores|1990-03-17|36
Isabel|Ríos|1957-04-22|69
Mario|Gómez|1958-01-13|68
Rafael|Torres|1958-10-15|67
Héctor|Ramírez|1955-10-17|70
Alejandro|Navarro|1989-07-13|36
Javier|Martínez|1979-07-06|46
Natalia|Suárez|1958-11-06|67
Sofía|Silva|2002-10-12|23
Miguel|Delgado|1952-03-23|74
Natalia|Flores|1970-08-21|55
Valentina|Fuentes|1953-05-08|73
Isabel|Hernández|1969-09-25|56
Diego|Romero|1962-04-26|64
Pedro|Álvarez|2005-12-12|20
Pedro|Romero|1971-07-02|54
Sergio|López|1948-08-07|77
Sandra|Vargas|1989-10-09|36
Rosa|Guerrero|1999-02-19|27
Roberto|Ramírez|1980-10-04|45
Ana|Rivera|1992-01-26|34
Diana|Morales|2000-04-15|26
Mónica|Morales|2006-02-09|20
Rafael|Morales|1972-02-15|54
Héctor|Ramírez|1999-05-30|26
Eduardo|Ramos|1962-07-21|63
Natalia|Molina|2000-08-29|25
Mónica|Ramírez|1980-09-09|45
Valentina|Torres|1998-08-13|27
Roberto|González|1986-05-10|40
Laura|Pérez|2000-02-28|26
Valentina|Romero|1985-10-08|40
Lucía|Castro|2000-04-16|26
Verónica|Gómez|1986-12-14|39
Javier|Pérez|1968-03-11|58
Claudia|Ríos|1999-01-05|27
Cristina|Díaz|1988-12-17|37
Rosa|Silva|1997-04-05|29
Juan|Hernández|1973-07-14|52
José|Ortiz|1956-11-17|69
Héctor|López|1964-03-05|62
Eduardo|Fuentes|1965-12-16|60
Laura|Ruiz|1972-05-06|54
Andrés|Castro|1991-10-03|34
Fernando|Álvarez|1956-06-07|69
Fernando|Gómez|2002-11-30|23
Eduardo|Vega|1974-03-16|52
Patricia|Vargas|1949-04-12|77
Isabel|Mendoza|1980-01-06|46
Roberto|Cruz|1962-11-13|63
Sofía|Romero|1962-07-31|63
María|Jiménez|1989-12-20|36
Carlos|Aguilar|1974-03-17|52
Isabel|Romero|2001-02-21|25
Patricia|Castro|1983-10-14|42
Rafael|Romero|1949-07-30|76
Adriana|Reyes|1979-12-11|46
Verónica|Rivera|1969-08-08|56
Pablo|Castro|1949-08-16|76
Verónica|Ríos|1975-10-23|50
Lucía|Álvarez|1998-07-16|27
Carmen|González|1971-07-26|54
Sandra|Mendoza|1958-01-30|68
Manuel|Vargas|2005-01-13|21
Natalia|Ortega|1956-07-23|69
Lucía|Jiménez|1967-10-30|58
Pablo|Ortiz|1974-07-03|51
Mónica|García|1956-07-02|69
Carlos|Castro|1997-12-04|28
Adriana|Rodríguez|2001-09-10|24
Andrés|Ramos|1956-06-12|69
Isabel|Rivera|1971-07-24|54
Javier|Ruiz|1979-04-25|47
María|Guerrero|1951-12-09|74
Luis|Reyes|1958-08-17|67
Valentina|Rodríguez|2006-03-09|20
Manuel|Ortega|1999-09-01|26
Adriana|Guerrero|1969-03-31|57
Javier|Ramírez|1956-05-26|69
Luis|Díaz|2005-07-05|20
Rosa|Hernández|1967-11-18|58
Manuel|Jiménez|1955-10-24|70
Eduardo|Rivera|1967-11-18|58
Pedro|Ortiz|1990-07-29|35
Adriana|Molina|1996-07-13|29
María|González|1949-11-10|76
Verónica|Flores|1993-07-09|32
Laura|Silva|1981-02-27|45
José|Rojas|1971-02-03|55
Miguel|Fuentes|1955-07-28|70
Natalia|Silva|1956-01-16|70
Ricardo|Fuentes|1993-07-15|32
Eduardo|Flores|1957-05-30|68
Luis|Hernández|1947-10-13|78
Verónica|Castro|1975-09-27|50
Patricia|Vargas|1972-10-13|53
Rosa|Gómez|1998-12-09|27
Pedro|Álvarez|1996-01-04|30
Claudia|Rodríguez|2002-02-23|24
Diego|González|1986-08-08|39
José|Ramírez|1994-01-14|32
Héctor|Castillo|1986-10-20|39
Mónica|Cruz|1979-07-11|46
Javier|Navarro|1962-06-04|63
Luis|Rojas|1990-01-31|36
Valentina|Mendoza|1977-12-05|48
Sofía|Vega|1951-02-22|75
Eduardo|Vega|2004-10-17|21
Lucía|López|1987-06-04|38
Natalia|Gómez|1955-03-20|71
Juan|García|1957-11-12|68
Sandra|Hernández|1953-04-06|73
Gabriela|Ortega|1958-11-05|67
Elena|Molina|1948-07-12|77
Ana|Delgado|1954-10-13|71
José|Ramos|1998-06-03|27
Manuel|Guerrero|1997-03-19|29
Pablo|Ramírez|2007-06-24|18
Alejandro|Reyes|2004-10-14|21
Sergio|Castro|1990-02-01|36
Verónica|Morales|1982-02-05|44
Sofía|Sánchez|1948-07-06|77
Javier|Vega|1979-04-17|47
Elena|Martínez|1958-01-25|68
Sergio|Ruiz|1949-01-22|77
Valentina|Flores|1951-05-13|75
Sofía|Jiménez|1993-01-14|33
Ricardo|Cruz|2006-02-07|20
Lucía|Silva|1967-08-16|58
Diego|Rojas|1956-11-28|69
Natalia|Álvarez|1986-07-15|39
Lucía|Suárez|2001-11-20|24
Carmen|Castro|2004-10-30|21
Cristina|Rodríguez|1956-09-01|69
Adriana|Ramos|2007-03-03|19
Roberto|Ramos|1973-06-27|52
Diego|Aguilar|1983-12-20|42
Isabel|Ramos|1986-02-21|40
Isabel|Pérez|1975-02-08|51
Rafael|Cruz|1983-08-08|42
Elena|Guerrero|1948-12-20|77
Roberto|Aguilar|1964-10-31|61
Andrés|Molina|1954-01-07|72
Rafael|Ortiz|1960-09-11|65
Valentina|Vega|1983-04-27|43
Miguel|Jiménez|1990-08-24|35
Alejandro|Díaz|1959-05-26|66
José|Ruiz|1961-06-27|64
Lucía|Ramírez|1999-06-10|26
Diana|Morales|1967-01-23|59
Gabriela|Álvarez|1964-05-04|62
Claudia|Navarro|1960-02-07|66
Manuel|Fuentes|1991-05-14|35
Andrés|Flores|1971-06-12|54
Pablo|Flores|1986-03-19|40
Fernando|Gómez|2001-05-27|24
Natalia|Castillo|1958-12-13|67
Elena|González|2006-12-05|19
Juan|Mendoza|1970-04-19|56
Pablo|Ortiz|1960-05-24|65
Andrés|Romero|1975-10-19|50
Pablo|González|1949-04-20|77
Rafael|Rivera|1966-07-30|59
Fernando|Molina|1994-11-23|31
Manuel|Morales|1980-10-22|45
Valentina|Ramos|1979-01-30|47
Mónica|Vega|1980-04-21|46
Diana|Rojas|1959-07-05|66
Carmen|Suárez|1998-10-06|27
Pedro|Castro|1958-04-05|68
Héctor|Guerrero|1986-06-14|39
José|Delgado|1960-04-16|66
Claudia|Ramírez|1957-06-25|68
Mario|Ruiz|1998-06-17|27
José|Jiménez|1976-01-08|50
Claudia|Medina|1947-01-26|79
Manuel|Aguilar|1967-07-18|58
Roberto|Ramírez|1998-10-15|27
Natalia|Ramírez|1954-03-25|72
Fernando|Navarro|1997-03-31|29
Valentina|Martínez|1993-10-07|32
Luis|Molina|1972-11-08|53
Elena|Suárez|1984-10-13|41
Fernando|Ruiz|1980-02-13|46
Diana|Castillo|1978-09-29|47
José|Navarro|1959-03-29|67
Carlos|Flores|1958-07-14|67
Gabriela|Hernández|1976-06-22|49
Verónica|Hernández|2007-01-06|19
Patricia|Álvarez|1946-11-09|79
Fernando|Torres|1962-08-28|63
Pedro|Mendoza|1955-08-25|70
Patricia|Ramírez|1951-06-16|74
Diana|Rivera|1984-02-29|42
Rosa|Romero|2000-12-05|25
Diego|Navarro|1995-12-05|30
Sandra|Navarro|1955-09-20|70
Isabel|Hernández|1961-04-07|65
Mónica|Navarro|1973-03-01|53
Pedro|Torres|1951-12-11|74
Gabriela|Navarro|1970-10-20|55
Patricia|Torres|1949-07-09|76
